ISO-10303-21;
HEADER;
FILE_DESCRIPTION(('ViewDefinition [CoordinationView]'),'2;1');
FILE_NAME('Allcontent_modified.ifc','2025-09-28T19:10:37+01:00',('',''),(''),'IfcOpenShell 0.8.2','Bonsai 0.8.2','');
FILE_SCHEMA(('IFC4'));
ENDSEC;
DATA;
#1=IFCPERSON($,$,'',$,$,$,$,$);
#2=IFCORGANIZATION($,'',$,$,$);
#3=IFCPERSONANDORGANIZATION(#1,#2,$);
#4=IFCAPPLICATION(#2,'1.0 build 2','FreeCAD','118df2cf_ed21_438e_a41');
#5=IFCOWNERHISTORY(#3,#4,$,.ADDED.,1758628353,#3,#4,1758628353);
#6=IFCDIRECTION((1.,0.,0.));
#7=IFCDIRECTION((0.,0.,1.));
#8=IFCCARTESIANPOINT((0.,0.,0.));
#9=IFCAXIS2PLACEMENT3D(#8,#7,#6);
#10=IFCDIRECTION((0.,1.,0.));
#12=IFCDIMENSIONALEXPONENTS(0,0,0,0,0,0,0);
#13=IFCSIUNIT(*,.LENGTHUNIT.,$,.METRE.);
#14=IFCSIUNIT(*,.AREAUNIT.,$,.SQUARE_METRE.);
#15=IFCSIUNIT(*,.VOLUMEUNIT.,$,.CUBIC_METRE.);
#16=IFCSIUNIT(*,.PLANEANGLEUNIT.,$,.RADIAN.);
#17=IFCMEASUREWITHUNIT(IFCPLANEANGLEMEASURE(0.0174532925199433),#16);
#18=IFCCONVERSIONBASEDUNIT(#12,.PLANEANGLEUNIT.,'DEGREE',#17);
#19=IFCUNITASSIGNMENT((#13,#14,#15,#18));
#20=IFCDIRECTION((0.,1.));
#21=IFCGEOMETRICREPRESENTATIONCONTEXT($,'Model',3,1.E-05,#9,#20);
#22=IFCGEOMETRICREPRESENTATIONSUBCONTEXT('Body','Model',*,*,*,*,#21,$,.MODEL_VIEW.,$);
#23=IFCPROJECT('07Qxdn_lfCIwbP2XiFcFoD',#5,'ALL',$,$,$,$,(#21),#19);
#24=IFCCARTESIANPOINT((-0.0779422863406005,-1.44500000000016,6.42000000000007));
#25=IFCCARTESIANPOINT((0.,-1.49000000000001,6.42000000000007));
#26=IFCCARTESIANPOINT((0.,-1.40000000000009,6.42000000000007));
#27=IFCPOLYLOOP((#24,#25,#26));
#28=IFCFACEOUTERBOUND(#27,.T.);
#29=IFCFACE((#28));
#30=IFCCARTESIANPOINT((-0.0779422863406001,-1.35500000000002,6.42000000000007));
#31=IFCCARTESIANPOINT((8.33E-16,-1.30999999999995,6.42000000000007));
#32=IFCPOLYLOOP((#30,#26,#31));
#33=IFCFACEOUTERBOUND(#32,.T.);
#34=IFCFACE((#33));
#35=IFCPOLYLOOP((#30,#24,#26));
#36=IFCFACEOUTERBOUND(#35,.T.);
#37=IFCFACE((#36));
#38=IFCCARTESIANPOINT((-0.0650000000000012,-1.51258330249198,6.38999999999987));
#39=IFCPOLYLOOP((#38,#25,#24));
#40=IFCFACEOUTERBOUND(#39,.T.);
#41=IFCFACE((#40));
#42=IFCCARTESIANPOINT((-0.085000000000001,-1.54722431864343,6.35999999999967));
#43=IFCCARTESIANPOINT((0.,-1.56999999999994,6.36000000000013));
#44=IFCPOLYLOOP((#38,#42,#43));
#45=IFCFACEOUTERBOUND(#44,.T.);
#46=IFCFACE((#45));
#47=IFCPOLYLOOP((#38,#43,#25));
#48=IFCFACEOUTERBOUND(#47,.T.);
#49=IFCFACE((#48));
#50=IFCCARTESIANPOINT((-0.112583302491978,-1.46500000000015,6.38999999999987));
#51=IFCCARTESIANPOINT((-0.147224318643356,-1.48500000000013,6.35999999999967));
#52=IFCPOLYLOOP((#50,#51,#42));
#53=IFCFACEOUTERBOUND(#52,.T.);
#54=IFCFACE((#53));
#55=IFCPOLYLOOP((#50,#42,#38));
#56=IFCFACEOUTERBOUND(#55,.T.);
#57=IFCFACE((#56));
#58=IFCPOLYLOOP((#50,#38,#24));
#59=IFCFACEOUTERBOUND(#58,.T.);
#60=IFCFACE((#59));
#61=IFCCARTESIANPOINT((-0.130000000000001,-1.40000000000009,6.38999999999987));
#62=IFCPOLYLOOP((#61,#24,#30));
#63=IFCFACEOUTERBOUND(#62,.T.);
#64=IFCFACE((#63));
#65=IFCCARTESIANPOINT((-0.170000000000001,-1.40000000000009,6.35999999999967));
#66=IFCPOLYLOOP((#61,#65,#51));
#67=IFCFACEOUTERBOUND(#66,.T.);
#68=IFCFACE((#67));
#69=IFCPOLYLOOP((#61,#51,#50));
#70=IFCFACEOUTERBOUND(#69,.T.);
#71=IFCFACE((#70));
#72=IFCPOLYLOOP((#61,#50,#24));
#73=IFCFACEOUTERBOUND(#72,.T.);
#74=IFCFACE((#73));
#75=IFCCARTESIANPOINT((-0.112583302491978,-1.33500000000004,6.38999999999987));
#76=IFCCARTESIANPOINT((-0.147224318643355,-1.31500000000005,6.35999999999967));
#77=IFCPOLYLOOP((#75,#76,#65));
#78=IFCFACEOUTERBOUND(#77,.T.);
#79=IFCFACE((#78));
#80=IFCPOLYLOOP((#75,#61,#30));
#81=IFCFACEOUTERBOUND(#80,.T.);
#82=IFCFACE((#81));
#83=IFCPOLYLOOP((#75,#65,#61));
#84=IFCFACEOUTERBOUND(#83,.T.);
#85=IFCFACE((#84));
#86=IFCCARTESIANPOINT((-0.0650000000000002,-1.28741669750821,6.38999999999987));
#87=IFCPOLYLOOP((#86,#30,#31));
#88=IFCFACEOUTERBOUND(#87,.T.);
#89=IFCFACE((#88));
#90=IFCCARTESIANPOINT((8.1E-16,-1.23000000000002,6.36000000000013));
#91=IFCPOLYLOOP((#86,#31,#90));
#92=IFCFACEOUTERBOUND(#91,.T.);
#93=IFCFACE((#92));
#94=IFCCARTESIANPOINT((-0.0850000000000003,-1.25277568135675,6.35999999999967));
#95=IFCPOLYLOOP((#86,#94,#76));
#96=IFCFACEOUTERBOUND(#95,.T.);
#97=IFCFACE((#96));
#98=IFCPOLYLOOP((#86,#90,#94));
#99=IFCFACEOUTERBOUND(#98,.T.);
#100=IFCFACE((#99));
#101=IFCPOLYLOOP((#86,#75,#30));
#102=IFCFACEOUTERBOUND(#101,.T.);
#103=IFCFACE((#102));
#104=IFCPOLYLOOP((#86,#76,#75));
#105=IFCFACEOUTERBOUND(#104,.T.);
#106=IFCFACE((#105));
#107=IFCCARTESIANPOINT((0.,-1.49000000000001,2.82000000000016));
#108=IFCCARTESIANPOINT((0.,-1.40000000000009,2.82000000000016));
#109=IFCCARTESIANPOINT((0.,-1.56999999999994,2.90000000000009));
#110=IFCPOLYLOOP((#107,#108,#109));
#111=IFCFACEOUTERBOUND(#110,.T.);
#112=IFCFACE((#111));
#113=IFCCARTESIANPOINT((0.,-1.65000000000009,3.));
#114=IFCPOLYLOOP((#109,#108,#113));
#115=IFCFACEOUTERBOUND(#114,.T.);
#116=IFCFACE((#115));
#117=IFCCARTESIANPOINT((0.,-1.65000000000009,6.26000000000022));
#118=IFCPOLYLOOP((#113,#26,#117));
#119=IFCFACEOUTERBOUND(#118,.T.);
#120=IFCFACE((#119));
#121=IFCPOLYLOOP((#117,#26,#43));
#122=IFCFACEOUTERBOUND(#121,.T.);
#123=IFCFACE((#122));
#124=IFCPOLYLOOP((#43,#26,#25));
#125=IFCFACEOUTERBOUND(#124,.T.);
#126=IFCFACE((#125));
#127=IFCPOLYLOOP((#108,#26,#113));
#128=IFCFACEOUTERBOUND(#127,.T.);
#129=IFCFACE((#128));
#130=IFCCARTESIANPOINT((3.3E-17,-1.30999999999995,2.82000000000016));
#131=IFCCARTESIANPOINT((4.1E-17,-1.23000000000002,2.90000000000009));
#132=IFCPOLYLOOP((#108,#130,#131));
#133=IFCFACEOUTERBOUND(#132,.T.);
#134=IFCFACE((#133));
#135=IFCCARTESIANPOINT((5.4E-17,-1.15000000000009,3.));
#136=IFCPOLYLOOP((#108,#131,#135));
#137=IFCFACEOUTERBOUND(#136,.T.);
#138=IFCFACE((#137));
#139=IFCCARTESIANPOINT((7.78E-16,-1.15000000000009,6.26000000000022));
#140=IFCPOLYLOOP((#26,#135,#139));
#141=IFCFACEOUTERBOUND(#140,.T.);
#142=IFCFACE((#141));
#143=IFCPOLYLOOP((#26,#139,#90));
#144=IFCFACEOUTERBOUND(#143,.T.);
#145=IFCFACE((#144));
#146=IFCPOLYLOOP((#26,#90,#31));
#147=IFCFACEOUTERBOUND(#146,.T.);
#148=IFCFACE((#147));
#149=IFCPOLYLOOP((#26,#108,#135));
#150=IFCFACEOUTERBOUND(#149,.T.);
#151=IFCFACE((#150));
#152=IFCCARTESIANPOINT((-0.0803635207966699,-1.59401470182752,6.30999999999949));
#153=IFCPOLYLOOP((#152,#43,#42));
#154=IFCFACEOUTERBOUND(#153,.T.);
#155=IFCFACE((#154));
#156=IFCCARTESIANPOINT((-0.0956708580912734,-1.63096988312782,6.25999999999976));
#157=IFCPOLYLOOP((#152,#156,#117));
#158=IFCFACEOUTERBOUND(#157,.T.);
#159=IFCFACE((#158));
#160=IFCPOLYLOOP((#152,#117,#43));
#161=IFCFACEOUTERBOUND(#160,.T.);
#162=IFCFACE((#161));
#163=IFCCARTESIANPOINT((-0.148492424049176,-1.5484924240493,6.30999999999949));
#164=IFCPOLYLOOP((#163,#42,#51));
#165=IFCFACEOUTERBOUND(#164,.T.);
#166=IFCFACE((#165));
#167=IFCCARTESIANPOINT((-0.176776695296638,-1.57677669529676,6.25999999999976));
#168=IFCPOLYLOOP((#163,#167,#156));
#169=IFCFACEOUTERBOUND(#168,.T.);
#170=IFCFACE((#169));
#171=IFCPOLYLOOP((#163,#152,#42));
#172=IFCFACEOUTERBOUND(#171,.T.);
#173=IFCFACE((#172));
#174=IFCPOLYLOOP((#163,#156,#152));
#175=IFCFACEOUTERBOUND(#174,.T.);
#176=IFCFACE((#175));
#177=IFCCARTESIANPOINT((-0.194014701827371,-1.4803635207968,6.30999999999949));
#178=IFCPOLYLOOP((#177,#51,#65));
#179=IFCFACEOUTERBOUND(#178,.T.);
#180=IFCFACE((#179));
#181=IFCCARTESIANPOINT((-0.230969883127823,-1.49567085809144,6.25999999999976));
#182=IFCPOLYLOOP((#177,#181,#167));
#183=IFCFACEOUTERBOUND(#182,.T.);
#184=IFCFACE((#183));
#185=IFCPOLYLOOP((#177,#163,#51));
#186=IFCFACEOUTERBOUND(#185,.T.);
#187=IFCFACE((#186));
#188=IFCPOLYLOOP((#177,#167,#163));
#189=IFCFACEOUTERBOUND(#188,.T.);
#190=IFCFACE((#189));
#191=IFCCARTESIANPOINT((-0.210000000000001,-1.40000000000009,6.30999999999949));
#192=IFCCARTESIANPOINT((-0.250000000000001,-1.40000000000009,6.25999999999976));
#193=IFCPOLYLOOP((#191,#192,#181));
#194=IFCFACEOUTERBOUND(#193,.T.);
#195=IFCFACE((#194));
#196=IFCPOLYLOOP((#191,#181,#177));
#197=IFCFACEOUTERBOUND(#196,.T.);
#198=IFCFACE((#197));
#199=IFCPOLYLOOP((#191,#177,#65));
#200=IFCFACEOUTERBOUND(#199,.T.);
#201=IFCFACE((#200));
#202=IFCCARTESIANPOINT((-0.194014701827371,-1.31963647920338,6.30999999999949));
#203=IFCPOLYLOOP((#202,#65,#76));
#204=IFCFACEOUTERBOUND(#203,.T.);
#205=IFCFACE((#204));
#206=IFCCARTESIANPOINT((-0.230969883127822,-1.30432914190874,6.25999999999976));
#207=IFCPOLYLOOP((#202,#206,#192));
#208=IFCFACEOUTERBOUND(#207,.T.);
#209=IFCFACE((#208));
#210=IFCPOLYLOOP((#202,#191,#65));
#211=IFCFACEOUTERBOUND(#210,.T.);
#212=IFCFACE((#211));
#213=IFCPOLYLOOP((#202,#192,#191));
#214=IFCFACEOUTERBOUND(#213,.T.);
#215=IFCFACE((#214));
#216=IFCCARTESIANPOINT((-0.148492424049175,-1.25150757595088,6.30999999999949));
#217=IFCPOLYLOOP((#216,#76,#94));
#218=IFCFACEOUTERBOUND(#217,.T.);
#219=IFCFACE((#218));
#220=IFCCARTESIANPOINT((-0.176776695296637,-1.22322330470342,6.25999999999976));
#221=IFCPOLYLOOP((#216,#220,#206));
#222=IFCFACEOUTERBOUND(#221,.T.);
#223=IFCFACE((#222));
#224=IFCPOLYLOOP((#216,#202,#76));
#225=IFCFACEOUTERBOUND(#224,.T.);
#226=IFCFACE((#225));
#227=IFCPOLYLOOP((#216,#206,#202));
#228=IFCFACEOUTERBOUND(#227,.T.);
#229=IFCFACE((#228));
#230=IFCCARTESIANPOINT((-0.080363520796669,-1.20598529817266,6.30999999999949));
#231=IFCPOLYLOOP((#230,#94,#90));
#232=IFCFACEOUTERBOUND(#231,.T.);
#233=IFCFACE((#232));
#234=IFCPOLYLOOP((#230,#90,#139));
#235=IFCFACEOUTERBOUND(#234,.T.);
#236=IFCFACE((#235));
#237=IFCCARTESIANPOINT((-0.0956708580912727,-1.16903011687236,6.25999999999976));
#238=IFCPOLYLOOP((#230,#237,#220));
#239=IFCFACEOUTERBOUND(#238,.T.);
#240=IFCFACE((#239));
#241=IFCPOLYLOOP((#230,#139,#237));
#242=IFCFACEOUTERBOUND(#241,.T.);
#243=IFCFACE((#242));
#244=IFCPOLYLOOP((#230,#216,#94));
#245=IFCFACEOUTERBOUND(#244,.T.);
#246=IFCFACE((#245));
#247=IFCPOLYLOOP((#230,#220,#216));
#248=IFCFACEOUTERBOUND(#247,.T.);
#249=IFCFACE((#248));
#250=IFCCARTESIANPOINT((-0.150000000000001,-1.59999999999991,5.61999999999989));
#251=IFCPOLYLOOP((#167,#250,#156));
#252=IFCFACEOUTERBOUND(#251,.T.);
#253=IFCFACE((#252));
#254=IFCCARTESIANPOINT((-0.0956708580912726,-1.63096988312782,3.));
#255=IFCPOLYLOOP((#254,#117,#156));
#256=IFCFACEOUTERBOUND(#255,.T.);
#257=IFCFACE((#256));
#258=IFCPOLYLOOP((#254,#113,#117));
#259=IFCFACEOUTERBOUND(#258,.T.);
#260=IFCFACE((#259));
#261=IFCPOLYLOOP((#254,#156,#250));
#262=IFCFACEOUTERBOUND(#261,.T.);
#263=IFCFACE((#262));
#264=IFCCARTESIANPOINT((-0.150000000000001,-1.59999999999991,3.11999999999989));
#265=IFCPOLYLOOP((#264,#254,#250));
#266=IFCFACEOUTERBOUND(#265,.T.);
#267=IFCFACE((#266));
#268=IFCCARTESIANPOINT((-0.212293491184184,-1.53202830605915,5.61999999999989));
#269=IFCPOLYLOOP((#181,#268,#167));
#270=IFCFACEOUTERBOUND(#269,.T.);
#271=IFCFACE((#270));
#272=IFCCARTESIANPOINT((-0.176776695296637,-1.57677669529676,3.));
#273=IFCPOLYLOOP((#272,#254,#264));
#274=IFCFACEOUTERBOUND(#273,.T.);
#275=IFCFACE((#274));
#276=IFCCARTESIANPOINT((-0.245712926897879,-1.44609943118189,5.61999999999989));
#277=IFCPOLYLOOP((#192,#276,#181));
#278=IFCFACEOUTERBOUND(#277,.T.);
#279=IFCFACE((#278));
#280=IFCCARTESIANPOINT((-0.230969883127822,-1.49567085809144,3.));
#281=IFCCARTESIANPOINT((-0.212293491184184,-1.53202830605915,3.11999999999989));
#282=IFCPOLYLOOP((#280,#272,#281));
#283=IFCFACEOUTERBOUND(#282,.T.);
#284=IFCFACE((#283));
#285=IFCCARTESIANPOINT((-0.245712926897879,-1.35390056881829,5.61999999999989));
#286=IFCPOLYLOOP((#206,#285,#192));
#287=IFCFACEOUTERBOUND(#286,.T.);
#288=IFCFACE((#287));
#289=IFCCARTESIANPOINT((-0.25,-1.40000000000009,3.));
#290=IFCCARTESIANPOINT((-0.245712926897879,-1.44609943118189,3.11999999999989));
#291=IFCPOLYLOOP((#289,#280,#290));
#292=IFCFACEOUTERBOUND(#291,.T.);
#293=IFCFACE((#292));
#294=IFCCARTESIANPOINT((-0.212293491184185,-1.26797169394104,5.61999999999989));
#295=IFCPOLYLOOP((#220,#294,#206));
#296=IFCFACEOUTERBOUND(#295,.T.);
#297=IFCFACE((#296));
#298=IFCCARTESIANPOINT((-0.230969883127822,-1.30432914190874,3.));
#299=IFCCARTESIANPOINT((-0.245712926897879,-1.35390056881829,3.11999999999989));
#300=IFCPOLYLOOP((#298,#289,#299));
#301=IFCFACEOUTERBOUND(#300,.T.);
#302=IFCFACE((#301));
#303=IFCCARTESIANPOINT((-0.150000000000002,-1.20000000000005,5.61999999999989));
#304=IFCPOLYLOOP((#237,#303,#220));
#305=IFCFACEOUTERBOUND(#304,.T.);
#306=IFCFACE((#305));
#307=IFCCARTESIANPOINT((-0.176776695296637,-1.22322330470342,3.));
#308=IFCCARTESIANPOINT((-0.212293491184185,-1.26797169394104,3.11999999999989));
#309=IFCPOLYLOOP((#307,#298,#308));
#310=IFCFACEOUTERBOUND(#309,.T.);
#311=IFCFACE((#310));
#312=IFCCARTESIANPOINT((-0.0956708580912725,-1.16903011687236,3.));
#313=IFCCARTESIANPOINT((-0.150000000000001,-1.20000000000005,3.11999999999989));
#314=IFCPOLYLOOP((#312,#313,#303));
#315=IFCFACEOUTERBOUND(#314,.T.);
#316=IFCFACE((#315));
#317=IFCPOLYLOOP((#312,#303,#237));
#318=IFCFACEOUTERBOUND(#317,.T.);
#319=IFCFACE((#318));
#320=IFCPOLYLOOP((#312,#307,#313));
#321=IFCFACEOUTERBOUND(#320,.T.);
#322=IFCFACE((#321));
#323=IFCPOLYLOOP((#135,#237,#139));
#324=IFCFACEOUTERBOUND(#323,.T.);
#325=IFCFACE((#324));
#326=IFCPOLYLOOP((#135,#312,#237));
#327=IFCFACEOUTERBOUND(#326,.T.);
#328=IFCFACE((#327));
#329=IFCPOLYLOOP((#268,#250,#167));
#330=IFCFACEOUTERBOUND(#329,.T.);
#331=IFCFACE((#330));
#332=IFCPOLYLOOP((#276,#268,#181));
#333=IFCFACEOUTERBOUND(#332,.T.);
#334=IFCFACE((#333));
#335=IFCPOLYLOOP((#285,#276,#192));
#336=IFCFACEOUTERBOUND(#335,.T.);
#337=IFCFACE((#336));
#338=IFCPOLYLOOP((#294,#285,#206));
#339=IFCFACEOUTERBOUND(#338,.T.);
#340=IFCFACE((#339));
#341=IFCPOLYLOOP((#303,#294,#220));
#342=IFCFACEOUTERBOUND(#341,.T.);
#343=IFCFACE((#342));
#344=IFCPOLYLOOP((#264,#281,#272));
#345=IFCFACEOUTERBOUND(#344,.T.);
#346=IFCFACE((#345));
#347=IFCPOLYLOOP((#281,#290,#280));
#348=IFCFACEOUTERBOUND(#347,.T.);
#349=IFCFACE((#348));
#350=IFCPOLYLOOP((#290,#299,#289));
#351=IFCFACEOUTERBOUND(#350,.T.);
#352=IFCFACE((#351));
#353=IFCPOLYLOOP((#299,#308,#298));
#354=IFCFACEOUTERBOUND(#353,.T.);
#355=IFCFACE((#354));
#356=IFCPOLYLOOP((#308,#313,#307));
#357=IFCFACEOUTERBOUND(#356,.T.);
#358=IFCFACE((#357));
#359=IFCCARTESIANPOINT((-0.0803635207966689,-1.59401470182752,2.94999999999982));
#360=IFCPOLYLOOP((#359,#113,#254));
#361=IFCFACEOUTERBOUND(#360,.T.);
#362=IFCFACE((#361));
#363=IFCCARTESIANPOINT((-0.0850000000000001,-1.54722431864343,2.90000000000009));
#364=IFCPOLYLOOP((#359,#363,#109));
#365=IFCFACEOUTERBOUND(#364,.T.);
#366=IFCFACE((#365));
#367=IFCPOLYLOOP((#359,#109,#113));
#368=IFCFACEOUTERBOUND(#367,.T.);
#369=IFCFACE((#368));
#370=IFCCARTESIANPOINT((-0.148492424049175,-1.5484924240493,2.94999999999982));
#371=IFCPOLYLOOP((#370,#254,#272));
#372=IFCFACEOUTERBOUND(#371,.T.);
#373=IFCFACE((#372));
#374=IFCCARTESIANPOINT((-0.147224318643355,-1.48500000000013,2.90000000000009));
#375=IFCPOLYLOOP((#370,#374,#363));
#376=IFCFACEOUTERBOUND(#375,.T.);
#377=IFCFACE((#376));
#378=IFCPOLYLOOP((#370,#359,#254));
#379=IFCFACEOUTERBOUND(#378,.T.);
#380=IFCFACE((#379));
#381=IFCPOLYLOOP((#370,#363,#359));
#382=IFCFACEOUTERBOUND(#381,.T.);
#383=IFCFACE((#382));
#384=IFCCARTESIANPOINT((-0.19401470182737,-1.4803635207968,2.94999999999982));
#385=IFCPOLYLOOP((#384,#272,#280));
#386=IFCFACEOUTERBOUND(#385,.T.);
#387=IFCFACE((#386));
#388=IFCCARTESIANPOINT((-0.17,-1.40000000000009,2.90000000000009));
#389=IFCPOLYLOOP((#384,#388,#374));
#390=IFCFACEOUTERBOUND(#389,.T.);
#391=IFCFACE((#390));
#392=IFCPOLYLOOP((#384,#374,#370));
#393=IFCFACEOUTERBOUND(#392,.T.);
#394=IFCFACE((#393));
#395=IFCPOLYLOOP((#384,#370,#272));
#396=IFCFACEOUTERBOUND(#395,.T.);
#397=IFCFACE((#396));
#398=IFCCARTESIANPOINT((-0.21,-1.40000000000009,2.94999999999982));
#399=IFCPOLYLOOP((#398,#280,#289));
#400=IFCFACEOUTERBOUND(#399,.T.);
#401=IFCFACE((#400));
#402=IFCPOLYLOOP((#398,#388,#384));
#403=IFCFACEOUTERBOUND(#402,.T.);
#404=IFCFACE((#403));
#405=IFCPOLYLOOP((#398,#384,#280));
#406=IFCFACEOUTERBOUND(#405,.T.);
#407=IFCFACE((#406));
#408=IFCCARTESIANPOINT((-0.19401470182737,-1.31963647920338,2.94999999999982));
#409=IFCPOLYLOOP((#408,#289,#298));
#410=IFCFACEOUTERBOUND(#409,.T.);
#411=IFCFACE((#410));
#412=IFCCARTESIANPOINT((-0.147224318643355,-1.31500000000005,2.90000000000009));
#413=IFCPOLYLOOP((#408,#412,#388));
#414=IFCFACEOUTERBOUND(#413,.T.);
#415=IFCFACE((#414));
#416=IFCPOLYLOOP((#408,#398,#289));
#417=IFCFACEOUTERBOUND(#416,.T.);
#418=IFCFACE((#417));
#419=IFCPOLYLOOP((#408,#388,#398));
#420=IFCFACEOUTERBOUND(#419,.T.);
#421=IFCFACE((#420));
#422=IFCCARTESIANPOINT((-0.148492424049175,-1.25150757595088,2.94999999999982));
#423=IFCPOLYLOOP((#422,#298,#307));
#424=IFCFACEOUTERBOUND(#423,.T.);
#425=IFCFACE((#424));
#426=IFCCARTESIANPOINT((-0.0850000000000001,-1.25277568135675,2.90000000000009));
#427=IFCPOLYLOOP((#422,#426,#412));
#428=IFCFACEOUTERBOUND(#427,.T.);
#429=IFCFACE((#428));
#430=IFCPOLYLOOP((#422,#408,#298));
#431=IFCFACEOUTERBOUND(#430,.T.);
#432=IFCFACE((#431));
#433=IFCPOLYLOOP((#422,#412,#408));
#434=IFCFACEOUTERBOUND(#433,.T.);
#435=IFCFACE((#434));
#436=IFCCARTESIANPOINT((-0.0803635207966689,-1.20598529817266,2.94999999999982));
#437=IFCPOLYLOOP((#436,#307,#312));
#438=IFCFACEOUTERBOUND(#437,.T.);
#439=IFCFACE((#438));
#440=IFCPOLYLOOP((#436,#312,#135));
#441=IFCFACEOUTERBOUND(#440,.T.);
#442=IFCFACE((#441));
#443=IFCPOLYLOOP((#436,#135,#131));
#444=IFCFACEOUTERBOUND(#443,.T.);
#445=IFCFACE((#444));
#446=IFCPOLYLOOP((#436,#131,#426));
#447=IFCFACEOUTERBOUND(#446,.T.);
#448=IFCFACE((#447));
#449=IFCPOLYLOOP((#436,#422,#307));
#450=IFCFACEOUTERBOUND(#449,.T.);
#451=IFCFACE((#450));
#452=IFCPOLYLOOP((#436,#426,#422));
#453=IFCFACEOUTERBOUND(#452,.T.);
#454=IFCFACE((#453));
#455=IFCCARTESIANPOINT((-0.0650000000000001,-1.51258330249198,2.86000000000013));
#456=IFCPOLYLOOP((#455,#109,#363));
#457=IFCFACEOUTERBOUND(#456,.T.);
#458=IFCFACE((#457));
#459=IFCCARTESIANPOINT((-0.0779422863405996,-1.44500000000016,2.81999999999971));
#460=IFCPOLYLOOP((#455,#459,#107));
#461=IFCFACEOUTERBOUND(#460,.T.);
#462=IFCFACE((#461));
#463=IFCPOLYLOOP((#455,#107,#109));
#464=IFCFACEOUTERBOUND(#463,.T.);
#465=IFCFACE((#464));
#466=IFCCARTESIANPOINT((-0.112583302491977,-1.46500000000015,2.86000000000013));
#467=IFCPOLYLOOP((#466,#363,#374));
#468=IFCFACEOUTERBOUND(#467,.T.);
#469=IFCFACE((#468));
#470=IFCPOLYLOOP((#466,#455,#363));
#471=IFCFACEOUTERBOUND(#470,.T.);
#472=IFCFACE((#471));
#473=IFCPOLYLOOP((#466,#459,#455));
#474=IFCFACEOUTERBOUND(#473,.T.);
#475=IFCFACE((#474));
#476=IFCCARTESIANPOINT((-0.13,-1.40000000000009,2.86000000000013));
#477=IFCPOLYLOOP((#476,#374,#388));
#478=IFCFACEOUTERBOUND(#477,.T.);
#479=IFCFACE((#478));
#480=IFCCARTESIANPOINT((-0.0779422863405995,-1.35500000000002,2.81999999999971));
#481=IFCPOLYLOOP((#476,#480,#459));
#482=IFCFACEOUTERBOUND(#481,.T.);
#483=IFCFACE((#482));
#484=IFCPOLYLOOP((#476,#459,#466));
#485=IFCFACEOUTERBOUND(#484,.T.);
#486=IFCFACE((#485));
#487=IFCPOLYLOOP((#476,#466,#374));
#488=IFCFACEOUTERBOUND(#487,.T.);
#489=IFCFACE((#488));
#490=IFCCARTESIANPOINT((-0.112583302491977,-1.33500000000004,2.86000000000013));
#491=IFCPOLYLOOP((#490,#388,#412));
#492=IFCFACEOUTERBOUND(#491,.T.);
#493=IFCFACE((#492));
#494=IFCPOLYLOOP((#490,#476,#388));
#495=IFCFACEOUTERBOUND(#494,.T.);
#496=IFCFACE((#495));
#497=IFCPOLYLOOP((#490,#480,#476));
#498=IFCFACEOUTERBOUND(#497,.T.);
#499=IFCFACE((#498));
#500=IFCCARTESIANPOINT((-0.0650000000000001,-1.28741669750821,2.86000000000013));
#501=IFCPOLYLOOP((#500,#412,#426));
#502=IFCFACEOUTERBOUND(#501,.T.);
#503=IFCFACE((#502));
#504=IFCPOLYLOOP((#500,#426,#131));
#505=IFCFACEOUTERBOUND(#504,.T.);
#506=IFCFACE((#505));
#507=IFCPOLYLOOP((#500,#131,#130));
#508=IFCFACEOUTERBOUND(#507,.T.);
#509=IFCFACE((#508));
#510=IFCPOLYLOOP((#500,#130,#480));
#511=IFCFACEOUTERBOUND(#510,.T.);
#512=IFCFACE((#511));
#513=IFCPOLYLOOP((#500,#490,#412));
#514=IFCFACEOUTERBOUND(#513,.T.);
#515=IFCFACE((#514));
#516=IFCPOLYLOOP((#500,#480,#490));
#517=IFCFACEOUTERBOUND(#516,.T.);
#518=IFCFACE((#517));
#519=IFCPOLYLOOP((#480,#130,#108));
#520=IFCFACEOUTERBOUND(#519,.T.);
#521=IFCFACE((#520));
#522=IFCPOLYLOOP((#459,#108,#107));
#523=IFCFACEOUTERBOUND(#522,.T.);
#524=IFCFACE((#523));
#525=IFCPOLYLOOP((#459,#480,#108));
#526=IFCFACEOUTERBOUND(#525,.T.);
#527=IFCFACE((#526));
#528=IFCCARTESIANPOINT((-0.05,-1.20000000000005,3.11999999999989));
#529=IFCCARTESIANPOINT((-0.05,-1.20000000000005,5.61999999999989));
#530=IFCPOLYLOOP((#528,#529,#303));
#531=IFCFACEOUTERBOUND(#530,.T.);
#532=IFCFACE((#531));
#533=IFCPOLYLOOP((#528,#303,#313));
#534=IFCFACEOUTERBOUND(#533,.T.);
#535=IFCFACE((#534));
#536=IFCPOLYLOOP((#528,#308,#299));
#537=IFCFACEOUTERBOUND(#536,.T.);
#538=IFCFACE((#537));
#539=IFCPOLYLOOP((#528,#313,#308));
#540=IFCFACEOUTERBOUND(#539,.T.);
#541=IFCFACE((#540));
#542=IFCCARTESIANPOINT((-0.05,-1.59999999999991,3.11999999999989));
#543=IFCPOLYLOOP((#542,#281,#264));
#544=IFCFACEOUTERBOUND(#543,.T.);
#545=IFCFACE((#544));
#546=IFCPOLYLOOP((#542,#290,#281));
#547=IFCFACEOUTERBOUND(#546,.T.);
#548=IFCFACE((#547));
#549=IFCPOLYLOOP((#542,#299,#290));
#550=IFCFACEOUTERBOUND(#549,.T.);
#551=IFCFACE((#550));
#552=IFCPOLYLOOP((#542,#528,#299));
#553=IFCFACEOUTERBOUND(#552,.T.);
#554=IFCFACE((#553));
#555=IFCPOLYLOOP((#250,#542,#264));
#556=IFCFACEOUTERBOUND(#555,.T.);
#557=IFCFACE((#556));
#558=IFCCARTESIANPOINT((-0.05,-1.59999999999991,5.61999999999989));
#559=IFCPOLYLOOP((#558,#542,#250));
#560=IFCFACEOUTERBOUND(#559,.T.);
#561=IFCFACE((#560));
#562=IFCPOLYLOOP((#558,#250,#268));
#563=IFCFACEOUTERBOUND(#562,.T.);
#564=IFCFACE((#563));
#565=IFCPOLYLOOP((#558,#268,#276));
#566=IFCFACEOUTERBOUND(#565,.T.);
#567=IFCFACE((#566));
#568=IFCPOLYLOOP((#529,#276,#285));
#569=IFCFACEOUTERBOUND(#568,.T.);
#570=IFCFACE((#569));
#571=IFCPOLYLOOP((#529,#285,#294));
#572=IFCFACEOUTERBOUND(#571,.T.);
#573=IFCFACE((#572));
#574=IFCPOLYLOOP((#529,#294,#303));
#575=IFCFACEOUTERBOUND(#574,.T.);
#576=IFCFACE((#575));
#577=IFCPOLYLOOP((#529,#558,#276));
#578=IFCFACEOUTERBOUND(#577,.T.);
#579=IFCFACE((#578));
#580=IFCPOLYLOOP((#542,#529,#528));
#581=IFCFACEOUTERBOUND(#580,.T.);
#582=IFCFACE((#581));
#583=IFCPOLYLOOP((#542,#558,#529));
#584=IFCFACEOUTERBOUND(#583,.T.);
#585=IFCFACE((#584));
#586=IFCCLOSEDSHELL((#29,#34,#37,#41,#46,#49,#54,#57,#60,#64,#68,#71,#74,#79,#82,#85,#89,#93,#97,#100,#103,#106,#112,#116,#120,#123,#126,#129,#134,#138,#142,#145,#148,#151,#155,#159,#162,#166,#170,#173,#176,#180,#184,#187,#190,#195,#198,#201,#205,#209,#212,#215,#219,#223,#226,#229,#233,#236,#240,#243,#246,#249,#253,#257,#260,#263,#267,#271,#275,#279,#284,#288,#293,#297,#302,#306,#311,#316,#319,#322,#325,#328,#331,#334,#337,#340,#343,#346,#349,#352,#355,#358,#362,#366,#369,#373,#377,#380,#383,#387,#391,#394,#397,#401,#404,#407,#411,#415,#418,#421,#425,#429,#432,#435,#439,#442,#445,#448,#451,#454,#458,#462,#465,#469,#472,#475,#479,#483,#486,#489,#493,#496,#499,#503,#506,#509,#512,#515,#518,#521,#524,#527,#532,#535,#538,#541,#545,#548,#551,#554,#557,#561,#564,#567,#570,#573,#576,#579,#582,#585));
#587=IFCFACETEDBREP(#586);
#588=IFCCOLOURRGB($,0.800000011920929,0.800000011920929,0.800000011920929);
#589=IFCSURFACESTYLERENDERING(#588,$,$,$,$,$,$,$,.FLAT.);
#590=IFCSURFACESTYLE($,.BOTH.,(#589));
#591=IFCPRESENTATIONSTYLEASSIGNMENT((#590));
#592=IFCSTYLEDITEM(#587,(#591),$);
#593=IFCLOCALPLACEMENT($,#9);
#594=IFCSHAPEREPRESENTATION(#22,'Body','Brep',(#587));
#595=IFCPRODUCTDEFINITIONSHAPE($,$,(#594));
#596=IFCBUILDINGELEMENTPROXY('0j$mALvzPFQR6eVvd2Z4Hm',#13881,'Statue Niche','',$,#593,#595,$,$);
#597=IFCCARTESIANPOINT((-0.0779422863406005,1.35500000000002,6.42000000000007));
#598=IFCCARTESIANPOINT((0.,1.30999999999995,6.42000000000007));
#599=IFCCARTESIANPOINT((0.,1.40000000000009,6.42000000000007));
#600=IFCPOLYLOOP((#597,#598,#599));
#601=IFCFACEOUTERBOUND(#600,.T.);
#602=IFCFACE((#601));
#603=IFCCARTESIANPOINT((-0.0779422863406001,1.44500000000016,6.42000000000007));
#604=IFCCARTESIANPOINT((8.33E-16,1.49000000000001,6.42000000000007));
#605=IFCPOLYLOOP((#603,#599,#604));
#606=IFCFACEOUTERBOUND(#605,.T.);
#607=IFCFACE((#606));
#608=IFCPOLYLOOP((#603,#597,#599));
#609=IFCFACEOUTERBOUND(#608,.T.);
#610=IFCFACE((#609));
#611=IFCCARTESIANPOINT((-0.0650000000000012,1.28741669750821,6.38999999999987));
#612=IFCPOLYLOOP((#611,#598,#597));
#613=IFCFACEOUTERBOUND(#612,.T.);
#614=IFCFACE((#613));
#615=IFCCARTESIANPOINT((-0.085000000000001,1.25277568135675,6.35999999999967));
#616=IFCCARTESIANPOINT((0.,1.23000000000002,6.36000000000013));
#617=IFCPOLYLOOP((#611,#615,#616));
#618=IFCFACEOUTERBOUND(#617,.T.);
#619=IFCFACE((#618));
#620=IFCPOLYLOOP((#611,#616,#598));
#621=IFCFACEOUTERBOUND(#620,.T.);
#622=IFCFACE((#621));
#623=IFCCARTESIANPOINT((-0.112583302491978,1.33500000000004,6.38999999999987));
#624=IFCCARTESIANPOINT((-0.147224318643356,1.31500000000005,6.35999999999967));
#625=IFCPOLYLOOP((#623,#624,#615));
#626=IFCFACEOUTERBOUND(#625,.T.);
#627=IFCFACE((#626));
#628=IFCPOLYLOOP((#623,#615,#611));
#629=IFCFACEOUTERBOUND(#628,.T.);
#630=IFCFACE((#629));
#631=IFCPOLYLOOP((#623,#611,#597));
#632=IFCFACEOUTERBOUND(#631,.T.);
#633=IFCFACE((#632));
#634=IFCCARTESIANPOINT((-0.130000000000001,1.40000000000009,6.38999999999987));
#635=IFCPOLYLOOP((#634,#597,#603));
#636=IFCFACEOUTERBOUND(#635,.T.);
#637=IFCFACE((#636));
#638=IFCCARTESIANPOINT((-0.170000000000001,1.40000000000009,6.35999999999967));
#639=IFCPOLYLOOP((#634,#638,#624));
#640=IFCFACEOUTERBOUND(#639,.T.);
#641=IFCFACE((#640));
#642=IFCPOLYLOOP((#634,#624,#623));
#643=IFCFACEOUTERBOUND(#642,.T.);
#644=IFCFACE((#643));
#645=IFCPOLYLOOP((#634,#623,#597));
#646=IFCFACEOUTERBOUND(#645,.T.);
#647=IFCFACE((#646));
#648=IFCCARTESIANPOINT((-0.112583302491978,1.46500000000015,6.38999999999987));
#649=IFCCARTESIANPOINT((-0.147224318643355,1.48500000000013,6.35999999999967));
#650=IFCPOLYLOOP((#648,#649,#638));
#651=IFCFACEOUTERBOUND(#650,.T.);
#652=IFCFACE((#651));
#653=IFCPOLYLOOP((#648,#634,#603));
#654=IFCFACEOUTERBOUND(#653,.T.);
#655=IFCFACE((#654));
#656=IFCPOLYLOOP((#648,#638,#634));
#657=IFCFACEOUTERBOUND(#656,.T.);
#658=IFCFACE((#657));
#659=IFCCARTESIANPOINT((-0.0650000000000002,1.51258330249198,6.38999999999987));
#660=IFCPOLYLOOP((#659,#603,#604));
#661=IFCFACEOUTERBOUND(#660,.T.);
#662=IFCFACE((#661));
#663=IFCCARTESIANPOINT((8.1E-16,1.56999999999994,6.36000000000013));
#664=IFCPOLYLOOP((#659,#604,#663));
#665=IFCFACEOUTERBOUND(#664,.T.);
#666=IFCFACE((#665));
#667=IFCCARTESIANPOINT((-0.0850000000000003,1.54722431864343,6.35999999999967));
#668=IFCPOLYLOOP((#659,#667,#649));
#669=IFCFACEOUTERBOUND(#668,.T.);
#670=IFCFACE((#669));
#671=IFCPOLYLOOP((#659,#663,#667));
#672=IFCFACEOUTERBOUND(#671,.T.);
#673=IFCFACE((#672));
#674=IFCPOLYLOOP((#659,#648,#603));
#675=IFCFACEOUTERBOUND(#674,.T.);
#676=IFCFACE((#675));
#677=IFCPOLYLOOP((#659,#649,#648));
#678=IFCFACEOUTERBOUND(#677,.T.);
#679=IFCFACE((#678));
#680=IFCCARTESIANPOINT((0.,1.30999999999995,2.82000000000016));
#681=IFCCARTESIANPOINT((0.,1.40000000000009,2.82000000000016));
#682=IFCCARTESIANPOINT((0.,1.23000000000002,2.90000000000009));
#683=IFCPOLYLOOP((#680,#681,#682));
#684=IFCFACEOUTERBOUND(#683,.T.);
#685=IFCFACE((#684));
#686=IFCCARTESIANPOINT((0.,1.15000000000009,3.));
#687=IFCPOLYLOOP((#682,#681,#686));
#688=IFCFACEOUTERBOUND(#687,.T.);
#689=IFCFACE((#688));
#690=IFCCARTESIANPOINT((0.,1.15000000000009,6.26000000000022));
#691=IFCPOLYLOOP((#686,#599,#690));
#692=IFCFACEOUTERBOUND(#691,.T.);
#693=IFCFACE((#692));
#694=IFCPOLYLOOP((#690,#599,#616));
#695=IFCFACEOUTERBOUND(#694,.T.);
#696=IFCFACE((#695));
#697=IFCPOLYLOOP((#616,#599,#598));
#698=IFCFACEOUTERBOUND(#697,.T.);
#699=IFCFACE((#698));
#700=IFCPOLYLOOP((#681,#599,#686));
#701=IFCFACEOUTERBOUND(#700,.T.);
#702=IFCFACE((#701));
#703=IFCCARTESIANPOINT((3.3E-17,1.49000000000001,2.82000000000016));
#704=IFCCARTESIANPOINT((4.1E-17,1.56999999999994,2.90000000000009));
#705=IFCPOLYLOOP((#681,#703,#704));
#706=IFCFACEOUTERBOUND(#705,.T.);
#707=IFCFACE((#706));
#708=IFCCARTESIANPOINT((5.4E-17,1.65000000000009,3.));
#709=IFCPOLYLOOP((#681,#704,#708));
#710=IFCFACEOUTERBOUND(#709,.T.);
#711=IFCFACE((#710));
#712=IFCCARTESIANPOINT((7.78E-16,1.65000000000009,6.26000000000022));
#713=IFCPOLYLOOP((#599,#708,#712));
#714=IFCFACEOUTERBOUND(#713,.T.);
#715=IFCFACE((#714));
#716=IFCPOLYLOOP((#599,#712,#663));
#717=IFCFACEOUTERBOUND(#716,.T.);
#718=IFCFACE((#717));
#719=IFCPOLYLOOP((#599,#663,#604));
#720=IFCFACEOUTERBOUND(#719,.T.);
#721=IFCFACE((#720));
#722=IFCPOLYLOOP((#599,#681,#708));
#723=IFCFACEOUTERBOUND(#722,.T.);
#724=IFCFACE((#723));
#725=IFCCARTESIANPOINT((-0.0803635207966699,1.20598529817266,6.30999999999949));
#726=IFCPOLYLOOP((#725,#616,#615));
#727=IFCFACEOUTERBOUND(#726,.T.);
#728=IFCFACE((#727));
#729=IFCCARTESIANPOINT((-0.0956708580912734,1.16903011687236,6.25999999999976));
#730=IFCPOLYLOOP((#725,#729,#690));
#731=IFCFACEOUTERBOUND(#730,.T.);
#732=IFCFACE((#731));
#733=IFCPOLYLOOP((#725,#690,#616));
#734=IFCFACEOUTERBOUND(#733,.T.);
#735=IFCFACE((#734));
#736=IFCCARTESIANPOINT((-0.148492424049176,1.25150757595088,6.30999999999949));
#737=IFCPOLYLOOP((#736,#615,#624));
#738=IFCFACEOUTERBOUND(#737,.T.);
#739=IFCFACE((#738));
#740=IFCCARTESIANPOINT((-0.176776695296638,1.22322330470342,6.25999999999976));
#741=IFCPOLYLOOP((#736,#740,#729));
#742=IFCFACEOUTERBOUND(#741,.T.);
#743=IFCFACE((#742));
#744=IFCPOLYLOOP((#736,#725,#615));
#745=IFCFACEOUTERBOUND(#744,.T.);
#746=IFCFACE((#745));
#747=IFCPOLYLOOP((#736,#729,#725));
#748=IFCFACEOUTERBOUND(#747,.T.);
#749=IFCFACE((#748));
#750=IFCCARTESIANPOINT((-0.194014701827371,1.31963647920338,6.30999999999949));
#751=IFCPOLYLOOP((#750,#624,#638));
#752=IFCFACEOUTERBOUND(#751,.T.);
#753=IFCFACE((#752));
#754=IFCCARTESIANPOINT((-0.230969883127823,1.30432914190874,6.25999999999976));
#755=IFCPOLYLOOP((#750,#754,#740));
#756=IFCFACEOUTERBOUND(#755,.T.);
#757=IFCFACE((#756));
#758=IFCPOLYLOOP((#750,#736,#624));
#759=IFCFACEOUTERBOUND(#758,.T.);
#760=IFCFACE((#759));
#761=IFCPOLYLOOP((#750,#740,#736));
#762=IFCFACEOUTERBOUND(#761,.T.);
#763=IFCFACE((#762));
#764=IFCCARTESIANPOINT((-0.210000000000001,1.40000000000009,6.30999999999949));
#765=IFCCARTESIANPOINT((-0.250000000000001,1.40000000000009,6.25999999999976));
#766=IFCPOLYLOOP((#764,#765,#754));
#767=IFCFACEOUTERBOUND(#766,.T.);
#768=IFCFACE((#767));
#769=IFCPOLYLOOP((#764,#754,#750));
#770=IFCFACEOUTERBOUND(#769,.T.);
#771=IFCFACE((#770));
#772=IFCPOLYLOOP((#764,#750,#638));
#773=IFCFACEOUTERBOUND(#772,.T.);
#774=IFCFACE((#773));
#775=IFCCARTESIANPOINT((-0.194014701827371,1.4803635207968,6.30999999999949));
#776=IFCPOLYLOOP((#775,#638,#649));
#777=IFCFACEOUTERBOUND(#776,.T.);
#778=IFCFACE((#777));
#779=IFCCARTESIANPOINT((-0.230969883127822,1.49567085809144,6.25999999999976));
#780=IFCPOLYLOOP((#775,#779,#765));
#781=IFCFACEOUTERBOUND(#780,.T.);
#782=IFCFACE((#781));
#783=IFCPOLYLOOP((#775,#764,#638));
#784=IFCFACEOUTERBOUND(#783,.T.);
#785=IFCFACE((#784));
#786=IFCPOLYLOOP((#775,#765,#764));
#787=IFCFACEOUTERBOUND(#786,.T.);
#788=IFCFACE((#787));
#789=IFCCARTESIANPOINT((-0.148492424049175,1.5484924240493,6.30999999999949));
#790=IFCPOLYLOOP((#789,#649,#667));
#791=IFCFACEOUTERBOUND(#790,.T.);
#792=IFCFACE((#791));
#793=IFCCARTESIANPOINT((-0.176776695296637,1.57677669529676,6.25999999999976));
#794=IFCPOLYLOOP((#789,#793,#779));
#795=IFCFACEOUTERBOUND(#794,.T.);
#796=IFCFACE((#795));
#797=IFCPOLYLOOP((#789,#775,#649));
#798=IFCFACEOUTERBOUND(#797,.T.);
#799=IFCFACE((#798));
#800=IFCPOLYLOOP((#789,#779,#775));
#801=IFCFACEOUTERBOUND(#800,.T.);
#802=IFCFACE((#801));
#803=IFCCARTESIANPOINT((-0.080363520796669,1.59401470182752,6.30999999999949));
#804=IFCPOLYLOOP((#803,#667,#663));
#805=IFCFACEOUTERBOUND(#804,.T.);
#806=IFCFACE((#805));
#807=IFCPOLYLOOP((#803,#663,#712));
#808=IFCFACEOUTERBOUND(#807,.T.);
#809=IFCFACE((#808));
#810=IFCCARTESIANPOINT((-0.0956708580912727,1.63096988312782,6.25999999999976));
#811=IFCPOLYLOOP((#803,#810,#793));
#812=IFCFACEOUTERBOUND(#811,.T.);
#813=IFCFACE((#812));
#814=IFCPOLYLOOP((#803,#712,#810));
#815=IFCFACEOUTERBOUND(#814,.T.);
#816=IFCFACE((#815));
#817=IFCPOLYLOOP((#803,#789,#667));
#818=IFCFACEOUTERBOUND(#817,.T.);
#819=IFCFACE((#818));
#820=IFCPOLYLOOP((#803,#793,#789));
#821=IFCFACEOUTERBOUND(#820,.T.);
#822=IFCFACE((#821));
#823=IFCCARTESIANPOINT((-0.150000000000001,1.20000000000005,5.61999999999989));
#824=IFCPOLYLOOP((#740,#823,#729));
#825=IFCFACEOUTERBOUND(#824,.T.);
#826=IFCFACE((#825));
#827=IFCCARTESIANPOINT((-0.0956708580912726,1.16903011687236,3.));
#828=IFCPOLYLOOP((#827,#690,#729));
#829=IFCFACEOUTERBOUND(#828,.T.);
#830=IFCFACE((#829));
#831=IFCPOLYLOOP((#827,#686,#690));
#832=IFCFACEOUTERBOUND(#831,.T.);
#833=IFCFACE((#832));
#834=IFCPOLYLOOP((#827,#729,#823));
#835=IFCFACEOUTERBOUND(#834,.T.);
#836=IFCFACE((#835));
#837=IFCCARTESIANPOINT((-0.150000000000001,1.20000000000005,3.11999999999989));
#838=IFCPOLYLOOP((#837,#827,#823));
#839=IFCFACEOUTERBOUND(#838,.T.);
#840=IFCFACE((#839));
#841=IFCCARTESIANPOINT((-0.212293491184184,1.26797169394104,5.61999999999989));
#842=IFCPOLYLOOP((#754,#841,#740));
#843=IFCFACEOUTERBOUND(#842,.T.);
#844=IFCFACE((#843));
#845=IFCCARTESIANPOINT((-0.176776695296637,1.22322330470342,3.));
#846=IFCPOLYLOOP((#845,#827,#837));
#847=IFCFACEOUTERBOUND(#846,.T.);
#848=IFCFACE((#847));
#849=IFCCARTESIANPOINT((-0.245712926897879,1.35390056881829,5.61999999999989));
#850=IFCPOLYLOOP((#765,#849,#754));
#851=IFCFACEOUTERBOUND(#850,.T.);
#852=IFCFACE((#851));
#853=IFCCARTESIANPOINT((-0.230969883127822,1.30432914190874,3.));
#854=IFCCARTESIANPOINT((-0.212293491184184,1.26797169394104,3.11999999999989));
#855=IFCPOLYLOOP((#853,#845,#854));
#856=IFCFACEOUTERBOUND(#855,.T.);
#857=IFCFACE((#856));
#858=IFCCARTESIANPOINT((-0.245712926897879,1.44609943118189,5.61999999999989));
#859=IFCPOLYLOOP((#779,#858,#765));
#860=IFCFACEOUTERBOUND(#859,.T.);
#861=IFCFACE((#860));
#862=IFCCARTESIANPOINT((-0.25,1.40000000000009,3.));
#863=IFCCARTESIANPOINT((-0.245712926897879,1.35390056881829,3.11999999999989));
#864=IFCPOLYLOOP((#862,#853,#863));
#865=IFCFACEOUTERBOUND(#864,.T.);
#866=IFCFACE((#865));
#867=IFCCARTESIANPOINT((-0.212293491184185,1.53202830605915,5.61999999999989));
#868=IFCPOLYLOOP((#793,#867,#779));
#869=IFCFACEOUTERBOUND(#868,.T.);
#870=IFCFACE((#869));
#871=IFCCARTESIANPOINT((-0.230969883127822,1.49567085809144,3.));
#872=IFCCARTESIANPOINT((-0.245712926897879,1.44609943118189,3.11999999999989));
#873=IFCPOLYLOOP((#871,#862,#872));
#874=IFCFACEOUTERBOUND(#873,.T.);
#875=IFCFACE((#874));
#876=IFCCARTESIANPOINT((-0.150000000000002,1.59999999999991,5.61999999999989));
#877=IFCPOLYLOOP((#810,#876,#793));
#878=IFCFACEOUTERBOUND(#877,.T.);
#879=IFCFACE((#878));
#880=IFCCARTESIANPOINT((-0.176776695296637,1.57677669529676,3.));
#881=IFCCARTESIANPOINT((-0.212293491184185,1.53202830605915,3.11999999999989));
#882=IFCPOLYLOOP((#880,#871,#881));
#883=IFCFACEOUTERBOUND(#882,.T.);
#884=IFCFACE((#883));
#885=IFCCARTESIANPOINT((-0.0956708580912725,1.63096988312782,3.));
#886=IFCCARTESIANPOINT((-0.150000000000001,1.59999999999991,3.11999999999989));
#887=IFCPOLYLOOP((#885,#886,#876));
#888=IFCFACEOUTERBOUND(#887,.T.);
#889=IFCFACE((#888));
#890=IFCPOLYLOOP((#885,#876,#810));
#891=IFCFACEOUTERBOUND(#890,.T.);
#892=IFCFACE((#891));
#893=IFCPOLYLOOP((#885,#880,#886));
#894=IFCFACEOUTERBOUND(#893,.T.);
#895=IFCFACE((#894));
#896=IFCPOLYLOOP((#708,#810,#712));
#897=IFCFACEOUTERBOUND(#896,.T.);
#898=IFCFACE((#897));
#899=IFCPOLYLOOP((#708,#885,#810));
#900=IFCFACEOUTERBOUND(#899,.T.);
#901=IFCFACE((#900));
#902=IFCPOLYLOOP((#841,#823,#740));
#903=IFCFACEOUTERBOUND(#902,.T.);
#904=IFCFACE((#903));
#905=IFCPOLYLOOP((#849,#841,#754));
#906=IFCFACEOUTERBOUND(#905,.T.);
#907=IFCFACE((#906));
#908=IFCPOLYLOOP((#858,#849,#765));
#909=IFCFACEOUTERBOUND(#908,.T.);
#910=IFCFACE((#909));
#911=IFCPOLYLOOP((#867,#858,#779));
#912=IFCFACEOUTERBOUND(#911,.T.);
#913=IFCFACE((#912));
#914=IFCPOLYLOOP((#876,#867,#793));
#915=IFCFACEOUTERBOUND(#914,.T.);
#916=IFCFACE((#915));
#917=IFCPOLYLOOP((#837,#854,#845));
#918=IFCFACEOUTERBOUND(#917,.T.);
#919=IFCFACE((#918));
#920=IFCPOLYLOOP((#854,#863,#853));
#921=IFCFACEOUTERBOUND(#920,.T.);
#922=IFCFACE((#921));
#923=IFCPOLYLOOP((#863,#872,#862));
#924=IFCFACEOUTERBOUND(#923,.T.);
#925=IFCFACE((#924));
#926=IFCPOLYLOOP((#872,#881,#871));
#927=IFCFACEOUTERBOUND(#926,.T.);
#928=IFCFACE((#927));
#929=IFCPOLYLOOP((#881,#886,#880));
#930=IFCFACEOUTERBOUND(#929,.T.);
#931=IFCFACE((#930));
#932=IFCCARTESIANPOINT((-0.0803635207966689,1.20598529817266,2.94999999999982));
#933=IFCPOLYLOOP((#932,#686,#827));
#934=IFCFACEOUTERBOUND(#933,.T.);
#935=IFCFACE((#934));
#936=IFCCARTESIANPOINT((-0.0850000000000001,1.25277568135675,2.90000000000009));
#937=IFCPOLYLOOP((#932,#936,#682));
#938=IFCFACEOUTERBOUND(#937,.T.);
#939=IFCFACE((#938));
#940=IFCPOLYLOOP((#932,#682,#686));
#941=IFCFACEOUTERBOUND(#940,.T.);
#942=IFCFACE((#941));
#943=IFCCARTESIANPOINT((-0.148492424049175,1.25150757595088,2.94999999999982));
#944=IFCPOLYLOOP((#943,#827,#845));
#945=IFCFACEOUTERBOUND(#944,.T.);
#946=IFCFACE((#945));
#947=IFCCARTESIANPOINT((-0.147224318643355,1.31500000000005,2.90000000000009));
#948=IFCPOLYLOOP((#943,#947,#936));
#949=IFCFACEOUTERBOUND(#948,.T.);
#950=IFCFACE((#949));
#951=IFCPOLYLOOP((#943,#932,#827));
#952=IFCFACEOUTERBOUND(#951,.T.);
#953=IFCFACE((#952));
#954=IFCPOLYLOOP((#943,#936,#932));
#955=IFCFACEOUTERBOUND(#954,.T.);
#956=IFCFACE((#955));
#957=IFCCARTESIANPOINT((-0.19401470182737,1.31963647920338,2.94999999999982));
#958=IFCPOLYLOOP((#957,#845,#853));
#959=IFCFACEOUTERBOUND(#958,.T.);
#960=IFCFACE((#959));
#961=IFCCARTESIANPOINT((-0.17,1.40000000000009,2.90000000000009));
#962=IFCPOLYLOOP((#957,#961,#947));
#963=IFCFACEOUTERBOUND(#962,.T.);
#964=IFCFACE((#963));
#965=IFCPOLYLOOP((#957,#947,#943));
#966=IFCFACEOUTERBOUND(#965,.T.);
#967=IFCFACE((#966));
#968=IFCPOLYLOOP((#957,#943,#845));
#969=IFCFACEOUTERBOUND(#968,.T.);
#970=IFCFACE((#969));
#971=IFCCARTESIANPOINT((-0.21,1.40000000000009,2.94999999999982));
#972=IFCPOLYLOOP((#971,#853,#862));
#973=IFCFACEOUTERBOUND(#972,.T.);
#974=IFCFACE((#973));
#975=IFCPOLYLOOP((#971,#961,#957));
#976=IFCFACEOUTERBOUND(#975,.T.);
#977=IFCFACE((#976));
#978=IFCPOLYLOOP((#971,#957,#853));
#979=IFCFACEOUTERBOUND(#978,.T.);
#980=IFCFACE((#979));
#981=IFCCARTESIANPOINT((-0.19401470182737,1.4803635207968,2.94999999999982));
#982=IFCPOLYLOOP((#981,#862,#871));
#983=IFCFACEOUTERBOUND(#982,.T.);
#984=IFCFACE((#983));
#985=IFCCARTESIANPOINT((-0.147224318643355,1.48500000000013,2.90000000000009));
#986=IFCPOLYLOOP((#981,#985,#961));
#987=IFCFACEOUTERBOUND(#986,.T.);
#988=IFCFACE((#987));
#989=IFCPOLYLOOP((#981,#971,#862));
#990=IFCFACEOUTERBOUND(#989,.T.);
#991=IFCFACE((#990));
#992=IFCPOLYLOOP((#981,#961,#971));
#993=IFCFACEOUTERBOUND(#992,.T.);
#994=IFCFACE((#993));
#995=IFCCARTESIANPOINT((-0.148492424049175,1.5484924240493,2.94999999999982));
#996=IFCPOLYLOOP((#995,#871,#880));
#997=IFCFACEOUTERBOUND(#996,.T.);
#998=IFCFACE((#997));
#999=IFCCARTESIANPOINT((-0.0850000000000001,1.54722431864343,2.90000000000009));
#1000=IFCPOLYLOOP((#995,#999,#985));
#1001=IFCFACEOUTERBOUND(#1000,.T.);
#1002=IFCFACE((#1001));
#1003=IFCPOLYLOOP((#995,#981,#871));
#1004=IFCFACEOUTERBOUND(#1003,.T.);
#1005=IFCFACE((#1004));
#1006=IFCPOLYLOOP((#995,#985,#981));
#1007=IFCFACEOUTERBOUND(#1006,.T.);
#1008=IFCFACE((#1007));
#1009=IFCCARTESIANPOINT((-0.0803635207966689,1.59401470182752,2.94999999999982));
#1010=IFCPOLYLOOP((#1009,#880,#885));
#1011=IFCFACEOUTERBOUND(#1010,.T.);
#1012=IFCFACE((#1011));
#1013=IFCPOLYLOOP((#1009,#885,#708));
#1014=IFCFACEOUTERBOUND(#1013,.T.);
#1015=IFCFACE((#1014));
#1016=IFCPOLYLOOP((#1009,#708,#704));
#1017=IFCFACEOUTERBOUND(#1016,.T.);
#1018=IFCFACE((#1017));
#1019=IFCPOLYLOOP((#1009,#704,#999));
#1020=IFCFACEOUTERBOUND(#1019,.T.);
#1021=IFCFACE((#1020));
#1022=IFCPOLYLOOP((#1009,#995,#880));
#1023=IFCFACEOUTERBOUND(#1022,.T.);
#1024=IFCFACE((#1023));
#1025=IFCPOLYLOOP((#1009,#999,#995));
#1026=IFCFACEOUTERBOUND(#1025,.T.);
#1027=IFCFACE((#1026));
#1028=IFCCARTESIANPOINT((-0.0650000000000001,1.28741669750821,2.86000000000013));
#1029=IFCPOLYLOOP((#1028,#682,#936));
#1030=IFCFACEOUTERBOUND(#1029,.T.);
#1031=IFCFACE((#1030));
#1032=IFCCARTESIANPOINT((-0.0779422863405996,1.35500000000002,2.81999999999971));
#1033=IFCPOLYLOOP((#1028,#1032,#680));
#1034=IFCFACEOUTERBOUND(#1033,.T.);
#1035=IFCFACE((#1034));
#1036=IFCPOLYLOOP((#1028,#680,#682));
#1037=IFCFACEOUTERBOUND(#1036,.T.);
#1038=IFCFACE((#1037));
#1039=IFCCARTESIANPOINT((-0.112583302491977,1.33500000000004,2.86000000000013));
#1040=IFCPOLYLOOP((#1039,#936,#947));
#1041=IFCFACEOUTERBOUND(#1040,.T.);
#1042=IFCFACE((#1041));
#1043=IFCPOLYLOOP((#1039,#1028,#936));
#1044=IFCFACEOUTERBOUND(#1043,.T.);
#1045=IFCFACE((#1044));
#1046=IFCPOLYLOOP((#1039,#1032,#1028));
#1047=IFCFACEOUTERBOUND(#1046,.T.);
#1048=IFCFACE((#1047));
#1049=IFCCARTESIANPOINT((-0.13,1.40000000000009,2.86000000000013));
#1050=IFCPOLYLOOP((#1049,#947,#961));
#1051=IFCFACEOUTERBOUND(#1050,.T.);
#1052=IFCFACE((#1051));
#1053=IFCCARTESIANPOINT((-0.0779422863405995,1.44500000000016,2.81999999999971));
#1054=IFCPOLYLOOP((#1049,#1053,#1032));
#1055=IFCFACEOUTERBOUND(#1054,.T.);
#1056=IFCFACE((#1055));
#1057=IFCPOLYLOOP((#1049,#1032,#1039));
#1058=IFCFACEOUTERBOUND(#1057,.T.);
#1059=IFCFACE((#1058));
#1060=IFCPOLYLOOP((#1049,#1039,#947));
#1061=IFCFACEOUTERBOUND(#1060,.T.);
#1062=IFCFACE((#1061));
#1063=IFCCARTESIANPOINT((-0.112583302491977,1.46500000000015,2.86000000000013));
#1064=IFCPOLYLOOP((#1063,#961,#985));
#1065=IFCFACEOUTERBOUND(#1064,.T.);
#1066=IFCFACE((#1065));
#1067=IFCPOLYLOOP((#1063,#1049,#961));
#1068=IFCFACEOUTERBOUND(#1067,.T.);
#1069=IFCFACE((#1068));
#1070=IFCPOLYLOOP((#1063,#1053,#1049));
#1071=IFCFACEOUTERBOUND(#1070,.T.);
#1072=IFCFACE((#1071));
#1073=IFCCARTESIANPOINT((-0.0650000000000001,1.51258330249198,2.86000000000013));
#1074=IFCPOLYLOOP((#1073,#985,#999));
#1075=IFCFACEOUTERBOUND(#1074,.T.);
#1076=IFCFACE((#1075));
#1077=IFCPOLYLOOP((#1073,#999,#704));
#1078=IFCFACEOUTERBOUND(#1077,.T.);
#1079=IFCFACE((#1078));
#1080=IFCPOLYLOOP((#1073,#704,#703));
#1081=IFCFACEOUTERBOUND(#1080,.T.);
#1082=IFCFACE((#1081));
#1083=IFCPOLYLOOP((#1073,#703,#1053));
#1084=IFCFACEOUTERBOUND(#1083,.T.);
#1085=IFCFACE((#1084));
#1086=IFCPOLYLOOP((#1073,#1063,#985));
#1087=IFCFACEOUTERBOUND(#1086,.T.);
#1088=IFCFACE((#1087));
#1089=IFCPOLYLOOP((#1073,#1053,#1063));
#1090=IFCFACEOUTERBOUND(#1089,.T.);
#1091=IFCFACE((#1090));
#1092=IFCPOLYLOOP((#1053,#703,#681));
#1093=IFCFACEOUTERBOUND(#1092,.T.);
#1094=IFCFACE((#1093));
#1095=IFCPOLYLOOP((#1032,#681,#680));
#1096=IFCFACEOUTERBOUND(#1095,.T.);
#1097=IFCFACE((#1096));
#1098=IFCPOLYLOOP((#1032,#1053,#681));
#1099=IFCFACEOUTERBOUND(#1098,.T.);
#1100=IFCFACE((#1099));
#1101=IFCCARTESIANPOINT((-0.05,1.59999999999991,3.11999999999989));
#1102=IFCCARTESIANPOINT((-0.05,1.59999999999991,5.61999999999989));
#1103=IFCPOLYLOOP((#1101,#1102,#876));
#1104=IFCFACEOUTERBOUND(#1103,.T.);
#1105=IFCFACE((#1104));
#1106=IFCPOLYLOOP((#1101,#876,#886));
#1107=IFCFACEOUTERBOUND(#1106,.T.);
#1108=IFCFACE((#1107));
#1109=IFCPOLYLOOP((#1101,#881,#872));
#1110=IFCFACEOUTERBOUND(#1109,.T.);
#1111=IFCFACE((#1110));
#1112=IFCPOLYLOOP((#1101,#886,#881));
#1113=IFCFACEOUTERBOUND(#1112,.T.);
#1114=IFCFACE((#1113));
#1115=IFCCARTESIANPOINT((-0.05,1.20000000000005,3.11999999999989));
#1116=IFCPOLYLOOP((#1115,#854,#837));
#1117=IFCFACEOUTERBOUND(#1116,.T.);
#1118=IFCFACE((#1117));
#1119=IFCPOLYLOOP((#1115,#863,#854));
#1120=IFCFACEOUTERBOUND(#1119,.T.);
#1121=IFCFACE((#1120));
#1122=IFCPOLYLOOP((#1115,#872,#863));
#1123=IFCFACEOUTERBOUND(#1122,.T.);
#1124=IFCFACE((#1123));
#1125=IFCPOLYLOOP((#1115,#1101,#872));
#1126=IFCFACEOUTERBOUND(#1125,.T.);
#1127=IFCFACE((#1126));
#1128=IFCPOLYLOOP((#823,#1115,#837));
#1129=IFCFACEOUTERBOUND(#1128,.T.);
#1130=IFCFACE((#1129));
#1131=IFCCARTESIANPOINT((-0.05,1.20000000000005,5.61999999999989));
#1132=IFCPOLYLOOP((#1131,#1115,#823));
#1133=IFCFACEOUTERBOUND(#1132,.T.);
#1134=IFCFACE((#1133));
#1135=IFCPOLYLOOP((#1131,#823,#841));
#1136=IFCFACEOUTERBOUND(#1135,.T.);
#1137=IFCFACE((#1136));
#1138=IFCPOLYLOOP((#1131,#841,#849));
#1139=IFCFACEOUTERBOUND(#1138,.T.);
#1140=IFCFACE((#1139));
#1141=IFCPOLYLOOP((#1102,#849,#858));
#1142=IFCFACEOUTERBOUND(#1141,.T.);
#1143=IFCFACE((#1142));
#1144=IFCPOLYLOOP((#1102,#858,#867));
#1145=IFCFACEOUTERBOUND(#1144,.T.);
#1146=IFCFACE((#1145));
#1147=IFCPOLYLOOP((#1102,#867,#876));
#1148=IFCFACEOUTERBOUND(#1147,.T.);
#1149=IFCFACE((#1148));
#1150=IFCPOLYLOOP((#1102,#1131,#849));
#1151=IFCFACEOUTERBOUND(#1150,.T.);
#1152=IFCFACE((#1151));
#1153=IFCPOLYLOOP((#1115,#1102,#1101));
#1154=IFCFACEOUTERBOUND(#1153,.T.);
#1155=IFCFACE((#1154));
#1156=IFCPOLYLOOP((#1115,#1131,#1102));
#1157=IFCFACEOUTERBOUND(#1156,.T.);
#1158=IFCFACE((#1157));
#1159=IFCCLOSEDSHELL((#602,#607,#610,#614,#619,#622,#627,#630,#633,#637,#641,#644,#647,#652,#655,#658,#662,#666,#670,#673,#676,#679,#685,#689,#693,#696,#699,#702,#707,#711,#715,#718,#721,#724,#728,#732,#735,#739,#743,#746,#749,#753,#757,#760,#763,#768,#771,#774,#778,#782,#785,#788,#792,#796,#799,#802,#806,#809,#813,#816,#819,#822,#826,#830,#833,#836,#840,#844,#848,#852,#857,#861,#866,#870,#875,#879,#884,#889,#892,#895,#898,#901,#904,#907,#910,#913,#916,#919,#922,#925,#928,#931,#935,#939,#942,#946,#950,#953,#956,#960,#964,#967,#970,#974,#977,#980,#984,#988,#991,#994,#998,#1002,#1005,#1008,#1012,#1015,#1018,#1021,#1024,#1027,#1031,#1035,#1038,#1042,#1045,#1048,#1052,#1056,#1059,#1062,#1066,#1069,#1072,#1076,#1079,#1082,#1085,#1088,#1091,#1094,#1097,#1100,#1105,#1108,#1111,#1114,#1118,#1121,#1124,#1127,#1130,#1134,#1137,#1140,#1143,#1146,#1149,#1152,#1155,#1158));
#1160=IFCFACETEDBREP(#1159);
#1161=IFCSTYLEDITEM(#1160,(#591),$);
#1162=IFCSHAPEREPRESENTATION(#22,'Body','Brep',(#1160));
#1163=IFCPRODUCTDEFINITIONSHAPE($,$,(#1162));
#1164=IFCBUILDINGELEMENTPROXY('2XrwS$akn6feWi4ab_dkNa',#13882,'Statue Niche001','',$,#593,#1163,$,$);
#1165=IFCCARTESIANPOINT((-0.0779422863406005,-0.0449999999999994,7.22000000000025));
#1166=IFCCARTESIANPOINT((0.,-0.09,7.2199999999998));
#1167=IFCCARTESIANPOINT((0.,0.,7.2199999999998));
#1168=IFCPOLYLOOP((#1165,#1166,#1167));
#1169=IFCFACEOUTERBOUND(#1168,.T.);
#1170=IFCFACE((#1169));
#1171=IFCCARTESIANPOINT((-0.0779422863406001,0.045000000000001,7.22000000000025));
#1172=IFCCARTESIANPOINT((8.33E-16,0.0900000000000009,7.2199999999998));
#1173=IFCPOLYLOOP((#1171,#1167,#1172));
#1174=IFCFACEOUTERBOUND(#1173,.T.);
#1175=IFCFACE((#1174));
#1176=IFCPOLYLOOP((#1171,#1165,#1167));
#1177=IFCFACEOUTERBOUND(#1176,.T.);
#1178=IFCFACE((#1177));
#1179=IFCCARTESIANPOINT((-0.0650000000000012,-0.112583302491977,7.19000000000005));
#1180=IFCPOLYLOOP((#1179,#1166,#1165));
#1181=IFCFACEOUTERBOUND(#1180,.T.);
#1182=IFCFACE((#1181));
#1183=IFCCARTESIANPOINT((-0.085000000000001,-0.147224318643354,7.15999999999985));
#1184=IFCCARTESIANPOINT((0.,-0.17,7.15999999999985));
#1185=IFCPOLYLOOP((#1179,#1183,#1184));
#1186=IFCFACEOUTERBOUND(#1185,.T.);
#1187=IFCFACE((#1186));
#1188=IFCPOLYLOOP((#1179,#1184,#1166));
#1189=IFCFACEOUTERBOUND(#1188,.T.);
#1190=IFCFACE((#1189));
#1191=IFCCARTESIANPOINT((-0.112583302491978,-0.0649999999999993,7.19000000000005));
#1192=IFCCARTESIANPOINT((-0.147224318643356,-0.0849999999999995,7.15999999999985));
#1193=IFCPOLYLOOP((#1191,#1192,#1183));
#1194=IFCFACEOUTERBOUND(#1193,.T.);
#1195=IFCFACE((#1194));
#1196=IFCPOLYLOOP((#1191,#1183,#1179));
#1197=IFCFACEOUTERBOUND(#1196,.T.);
#1198=IFCFACE((#1197));
#1199=IFCPOLYLOOP((#1191,#1179,#1165));
#1200=IFCFACEOUTERBOUND(#1199,.T.);
#1201=IFCFACE((#1200));
#1202=IFCCARTESIANPOINT((-0.130000000000001,1.02031979580554E-15,7.19000000000005));
#1203=IFCPOLYLOOP((#1202,#1165,#1171));
#1204=IFCFACEOUTERBOUND(#1203,.T.);
#1205=IFCFACE((#1204));
#1206=IFCCARTESIANPOINT((-0.170000000000001,8.19610502207249E-16,7.15999999999985));
#1207=IFCPOLYLOOP((#1202,#1206,#1192));
#1208=IFCFACEOUTERBOUND(#1207,.T.);
#1209=IFCFACE((#1208));
#1210=IFCPOLYLOOP((#1202,#1192,#1191));
#1211=IFCFACEOUTERBOUND(#1210,.T.);
#1212=IFCFACE((#1211));
#1213=IFCPOLYLOOP((#1202,#1191,#1165));
#1214=IFCFACEOUTERBOUND(#1213,.T.);
#1215=IFCFACE((#1214));
#1216=IFCCARTESIANPOINT((-0.112583302491978,0.0650000000000011,7.19000000000005));
#1217=IFCCARTESIANPOINT((-0.147224318643355,0.085000000000001,7.15999999999985));
#1218=IFCPOLYLOOP((#1216,#1217,#1206));
#1219=IFCFACEOUTERBOUND(#1218,.T.);
#1220=IFCFACE((#1219));
#1221=IFCPOLYLOOP((#1216,#1202,#1171));
#1222=IFCFACEOUTERBOUND(#1221,.T.);
#1223=IFCFACE((#1222));
#1224=IFCPOLYLOOP((#1216,#1206,#1202));
#1225=IFCFACEOUTERBOUND(#1224,.T.);
#1226=IFCFACE((#1225));
#1227=IFCCARTESIANPOINT((-0.0650000000000002,0.112583302491978,7.19000000000005));
#1228=IFCPOLYLOOP((#1227,#1171,#1172));
#1229=IFCFACEOUTERBOUND(#1228,.T.);
#1230=IFCFACE((#1229));
#1231=IFCCARTESIANPOINT((8.1E-16,0.170000000000001,7.15999999999985));
#1232=IFCPOLYLOOP((#1227,#1172,#1231));
#1233=IFCFACEOUTERBOUND(#1232,.T.);
#1234=IFCFACE((#1233));
#1235=IFCCARTESIANPOINT((-0.0850000000000003,0.147224318643356,7.15999999999985));
#1236=IFCPOLYLOOP((#1227,#1235,#1217));
#1237=IFCFACEOUTERBOUND(#1236,.T.);
#1238=IFCFACE((#1237));
#1239=IFCPOLYLOOP((#1227,#1231,#1235));
#1240=IFCFACEOUTERBOUND(#1239,.T.);
#1241=IFCFACE((#1240));
#1242=IFCPOLYLOOP((#1227,#1216,#1171));
#1243=IFCFACEOUTERBOUND(#1242,.T.);
#1244=IFCFACE((#1243));
#1245=IFCPOLYLOOP((#1227,#1217,#1216));
#1246=IFCFACEOUTERBOUND(#1245,.T.);
#1247=IFCFACE((#1246));
#1248=IFCCARTESIANPOINT((0.,-0.09,3.61999999999989));
#1249=IFCCARTESIANPOINT((0.,0.,3.61999999999989));
#1250=IFCCARTESIANPOINT((0.,-0.17,3.69999999999982));
#1251=IFCPOLYLOOP((#1248,#1249,#1250));
#1252=IFCFACEOUTERBOUND(#1251,.T.);
#1253=IFCFACE((#1252));
#1254=IFCCARTESIANPOINT((0.,-0.25,3.80000000000018));
#1255=IFCPOLYLOOP((#1250,#1249,#1254));
#1256=IFCFACEOUTERBOUND(#1255,.T.);
#1257=IFCFACE((#1256));
#1258=IFCCARTESIANPOINT((0.,-0.25,7.05999999999995));
#1259=IFCPOLYLOOP((#1254,#1167,#1258));
#1260=IFCFACEOUTERBOUND(#1259,.T.);
#1261=IFCFACE((#1260));
#1262=IFCPOLYLOOP((#1258,#1167,#1184));
#1263=IFCFACEOUTERBOUND(#1262,.T.);
#1264=IFCFACE((#1263));
#1265=IFCPOLYLOOP((#1184,#1167,#1166));
#1266=IFCFACEOUTERBOUND(#1265,.T.);
#1267=IFCFACE((#1266));
#1268=IFCPOLYLOOP((#1249,#1167,#1254));
#1269=IFCFACEOUTERBOUND(#1268,.T.);
#1270=IFCFACE((#1269));
#1271=IFCCARTESIANPOINT((3.3E-17,0.0900000000000001,3.61999999999989));
#1272=IFCCARTESIANPOINT((4.1E-17,0.17,3.69999999999982));
#1273=IFCPOLYLOOP((#1249,#1271,#1272));
#1274=IFCFACEOUTERBOUND(#1273,.T.);
#1275=IFCFACE((#1274));
#1276=IFCCARTESIANPOINT((5.4E-17,0.25,3.80000000000018));
#1277=IFCPOLYLOOP((#1249,#1272,#1276));
#1278=IFCFACEOUTERBOUND(#1277,.T.);
#1279=IFCFACE((#1278));
#1280=IFCCARTESIANPOINT((7.78E-16,0.250000000000001,7.05999999999995));
#1281=IFCPOLYLOOP((#1167,#1276,#1280));
#1282=IFCFACEOUTERBOUND(#1281,.T.);
#1283=IFCFACE((#1282));
#1284=IFCPOLYLOOP((#1167,#1280,#1231));
#1285=IFCFACEOUTERBOUND(#1284,.T.);
#1286=IFCFACE((#1285));
#1287=IFCPOLYLOOP((#1167,#1231,#1172));
#1288=IFCFACEOUTERBOUND(#1287,.T.);
#1289=IFCFACE((#1288));
#1290=IFCPOLYLOOP((#1167,#1249,#1276));
#1291=IFCFACEOUTERBOUND(#1290,.T.);
#1292=IFCFACE((#1291));
#1293=IFCCARTESIANPOINT((-0.0803635207966699,-0.19401470182737,7.10999999999967));
#1294=IFCPOLYLOOP((#1293,#1184,#1183));
#1295=IFCFACEOUTERBOUND(#1294,.T.);
#1296=IFCFACE((#1295));
#1297=IFCCARTESIANPOINT((-0.0956708580912734,-0.230969883127822,7.05999999999995));
#1298=IFCPOLYLOOP((#1293,#1297,#1258));
#1299=IFCFACEOUTERBOUND(#1298,.T.);
#1300=IFCFACE((#1299));
#1301=IFCPOLYLOOP((#1293,#1258,#1184));
#1302=IFCFACEOUTERBOUND(#1301,.T.);
#1303=IFCFACE((#1302));
#1304=IFCCARTESIANPOINT((-0.148492424049176,-0.148492424049175,7.10999999999967));
#1305=IFCPOLYLOOP((#1304,#1183,#1192));
#1306=IFCFACEOUTERBOUND(#1305,.T.);
#1307=IFCFACE((#1306));
#1308=IFCCARTESIANPOINT((-0.176776695296638,-0.176776695296637,7.05999999999995));
#1309=IFCPOLYLOOP((#1304,#1308,#1297));
#1310=IFCFACEOUTERBOUND(#1309,.T.);
#1311=IFCFACE((#1310));
#1312=IFCPOLYLOOP((#1304,#1293,#1183));
#1313=IFCFACEOUTERBOUND(#1312,.T.);
#1314=IFCFACE((#1313));
#1315=IFCPOLYLOOP((#1304,#1297,#1293));
#1316=IFCFACEOUTERBOUND(#1315,.T.);
#1317=IFCFACE((#1316));
#1318=IFCCARTESIANPOINT((-0.194014701827371,-0.0803635207966682,7.10999999999967));
#1319=IFCPOLYLOOP((#1318,#1192,#1206));
#1320=IFCFACEOUTERBOUND(#1319,.T.);
#1321=IFCFACE((#1320));
#1322=IFCCARTESIANPOINT((-0.230969883127823,-0.0956708580912718,7.05999999999995));
#1323=IFCPOLYLOOP((#1318,#1322,#1308));
#1324=IFCFACEOUTERBOUND(#1323,.T.);
#1325=IFCFACE((#1324));
#1326=IFCPOLYLOOP((#1318,#1304,#1192));
#1327=IFCFACEOUTERBOUND(#1326,.T.);
#1328=IFCFACE((#1327));
#1329=IFCPOLYLOOP((#1318,#1308,#1304));
#1330=IFCFACEOUTERBOUND(#1329,.T.);
#1331=IFCFACE((#1330));
#1332=IFCCARTESIANPOINT((-0.210000000000001,9.09261208608954E-16,7.10999999999967));
#1333=IFCCARTESIANPOINT((-0.250000000000001,7.93811915010659E-16,7.05999999999995));
#1334=IFCPOLYLOOP((#1332,#1333,#1322));
#1335=IFCFACEOUTERBOUND(#1334,.T.);
#1336=IFCFACE((#1335));
#1337=IFCPOLYLOOP((#1332,#1322,#1318));
#1338=IFCFACEOUTERBOUND(#1337,.T.);
#1339=IFCFACE((#1338));
#1340=IFCPOLYLOOP((#1332,#1318,#1206));
#1341=IFCFACEOUTERBOUND(#1340,.T.);
#1342=IFCFACE((#1341));
#1343=IFCCARTESIANPOINT((-0.194014701827371,0.0803635207966699,7.10999999999967));
#1344=IFCPOLYLOOP((#1343,#1206,#1217));
#1345=IFCFACEOUTERBOUND(#1344,.T.);
#1346=IFCFACE((#1345));
#1347=IFCCARTESIANPOINT((-0.230969883127822,0.0956708580912734,7.05999999999995));
#1348=IFCPOLYLOOP((#1343,#1347,#1333));
#1349=IFCFACEOUTERBOUND(#1348,.T.);
#1350=IFCFACE((#1349));
#1351=IFCPOLYLOOP((#1343,#1332,#1206));
#1352=IFCFACEOUTERBOUND(#1351,.T.);
#1353=IFCFACE((#1352));
#1354=IFCPOLYLOOP((#1343,#1333,#1332));
#1355=IFCFACEOUTERBOUND(#1354,.T.);
#1356=IFCFACE((#1355));
#1357=IFCCARTESIANPOINT((-0.148492424049175,0.148492424049176,7.10999999999967));
#1358=IFCPOLYLOOP((#1357,#1217,#1235));
#1359=IFCFACEOUTERBOUND(#1358,.T.);
#1360=IFCFACE((#1359));
#1361=IFCCARTESIANPOINT((-0.176776695296637,0.176776695296638,7.05999999999995));
#1362=IFCPOLYLOOP((#1357,#1361,#1347));
#1363=IFCFACEOUTERBOUND(#1362,.T.);
#1364=IFCFACE((#1363));
#1365=IFCPOLYLOOP((#1357,#1343,#1217));
#1366=IFCFACEOUTERBOUND(#1365,.T.);
#1367=IFCFACE((#1366));
#1368=IFCPOLYLOOP((#1357,#1347,#1343));
#1369=IFCFACEOUTERBOUND(#1368,.T.);
#1370=IFCFACE((#1369));
#1371=IFCCARTESIANPOINT((-0.080363520796669,0.194014701827371,7.10999999999967));
#1372=IFCPOLYLOOP((#1371,#1235,#1231));
#1373=IFCFACEOUTERBOUND(#1372,.T.);
#1374=IFCFACE((#1373));
#1375=IFCPOLYLOOP((#1371,#1231,#1280));
#1376=IFCFACEOUTERBOUND(#1375,.T.);
#1377=IFCFACE((#1376));
#1378=IFCCARTESIANPOINT((-0.0956708580912727,0.230969883127823,7.05999999999995));
#1379=IFCPOLYLOOP((#1371,#1378,#1361));
#1380=IFCFACEOUTERBOUND(#1379,.T.);
#1381=IFCFACE((#1380));
#1382=IFCPOLYLOOP((#1371,#1280,#1378));
#1383=IFCFACEOUTERBOUND(#1382,.T.);
#1384=IFCFACE((#1383));
#1385=IFCPOLYLOOP((#1371,#1357,#1235));
#1386=IFCFACEOUTERBOUND(#1385,.T.);
#1387=IFCFACE((#1386));
#1388=IFCPOLYLOOP((#1371,#1361,#1357));
#1389=IFCFACEOUTERBOUND(#1388,.T.);
#1390=IFCFACE((#1389));
#1391=IFCCARTESIANPOINT((-0.150000000000001,-0.2,6.42000000000007));
#1392=IFCPOLYLOOP((#1308,#1391,#1297));
#1393=IFCFACEOUTERBOUND(#1392,.T.);
#1394=IFCFACE((#1393));
#1395=IFCCARTESIANPOINT((-0.0956708580912726,-0.230969883127822,3.80000000000018));
#1396=IFCPOLYLOOP((#1395,#1258,#1297));
#1397=IFCFACEOUTERBOUND(#1396,.T.);
#1398=IFCFACE((#1397));
#1399=IFCPOLYLOOP((#1395,#1254,#1258));
#1400=IFCFACEOUTERBOUND(#1399,.T.);
#1401=IFCFACE((#1400));
#1402=IFCPOLYLOOP((#1395,#1297,#1391));
#1403=IFCFACEOUTERBOUND(#1402,.T.);
#1404=IFCFACE((#1403));
#1405=IFCCARTESIANPOINT((-0.150000000000001,-0.2,3.92000000000007));
#1406=IFCPOLYLOOP((#1405,#1395,#1391));
#1407=IFCFACEOUTERBOUND(#1406,.T.);
#1408=IFCFACE((#1407));
#1409=IFCCARTESIANPOINT((-0.212293491184184,-0.132028306059083,6.42000000000007));
#1410=IFCPOLYLOOP((#1322,#1409,#1308));
#1411=IFCFACEOUTERBOUND(#1410,.T.);
#1412=IFCFACE((#1411));
#1413=IFCCARTESIANPOINT((-0.176776695296637,-0.176776695296637,3.80000000000018));
#1414=IFCPOLYLOOP((#1413,#1395,#1405));
#1415=IFCFACEOUTERBOUND(#1414,.T.);
#1416=IFCFACE((#1415));
#1417=IFCCARTESIANPOINT((-0.245712926897879,-0.0460994311817178,6.42000000000007));
#1418=IFCPOLYLOOP((#1333,#1417,#1322));
#1419=IFCFACEOUTERBOUND(#1418,.T.);
#1420=IFCFACE((#1419));
#1421=IFCCARTESIANPOINT((-0.230969883127822,-0.0956708580912724,3.80000000000018));
#1422=IFCCARTESIANPOINT((-0.212293491184184,-0.132028306059083,3.92000000000007));
#1423=IFCPOLYLOOP((#1421,#1413,#1422));
#1424=IFCFACEOUTERBOUND(#1423,.T.);
#1425=IFCFACE((#1424));
#1426=IFCCARTESIANPOINT((-0.245712926897879,0.0460994311817175,6.42000000000007));
#1427=IFCPOLYLOOP((#1347,#1426,#1333));
#1428=IFCFACEOUTERBOUND(#1427,.T.);
#1429=IFCFACE((#1428));
#1430=IFCCARTESIANPOINT((-0.25,6.93819150106581E-17,3.80000000000018));
#1431=IFCCARTESIANPOINT((-0.245712926897879,-0.0460994311817177,3.92000000000007));
#1432=IFCPOLYLOOP((#1430,#1421,#1431));
#1433=IFCFACEOUTERBOUND(#1432,.T.);
#1434=IFCFACE((#1433));
#1435=IFCCARTESIANPOINT((-0.212293491184185,0.132028306059083,6.42000000000007));
#1436=IFCPOLYLOOP((#1361,#1435,#1347));
#1437=IFCFACEOUTERBOUND(#1436,.T.);
#1438=IFCFACE((#1437));
#1439=IFCCARTESIANPOINT((-0.230969883127822,0.0956708580912725,3.80000000000018));
#1440=IFCCARTESIANPOINT((-0.245712926897879,0.0460994311817174,3.92000000000007));
#1441=IFCPOLYLOOP((#1439,#1430,#1440));
#1442=IFCFACEOUTERBOUND(#1441,.T.);
#1443=IFCFACE((#1442));
#1444=IFCCARTESIANPOINT((-0.150000000000002,0.2,6.42000000000007));
#1445=IFCPOLYLOOP((#1378,#1444,#1361));
#1446=IFCFACEOUTERBOUND(#1445,.T.);
#1447=IFCFACE((#1446));
#1448=IFCCARTESIANPOINT((-0.176776695296637,0.176776695296637,3.80000000000018));
#1449=IFCCARTESIANPOINT((-0.212293491184185,0.132028306059083,3.92000000000007));
#1450=IFCPOLYLOOP((#1448,#1439,#1449));
#1451=IFCFACEOUTERBOUND(#1450,.T.);
#1452=IFCFACE((#1451));
#1453=IFCCARTESIANPOINT((-0.0956708580912725,0.230969883127822,3.80000000000018));
#1454=IFCCARTESIANPOINT((-0.150000000000001,0.2,3.92000000000007));
#1455=IFCPOLYLOOP((#1453,#1454,#1444));
#1456=IFCFACEOUTERBOUND(#1455,.T.);
#1457=IFCFACE((#1456));
#1458=IFCPOLYLOOP((#1453,#1444,#1378));
#1459=IFCFACEOUTERBOUND(#1458,.T.);
#1460=IFCFACE((#1459));
#1461=IFCPOLYLOOP((#1453,#1448,#1454));
#1462=IFCFACEOUTERBOUND(#1461,.T.);
#1463=IFCFACE((#1462));
#1464=IFCPOLYLOOP((#1276,#1378,#1280));
#1465=IFCFACEOUTERBOUND(#1464,.T.);
#1466=IFCFACE((#1465));
#1467=IFCPOLYLOOP((#1276,#1453,#1378));
#1468=IFCFACEOUTERBOUND(#1467,.T.);
#1469=IFCFACE((#1468));
#1470=IFCPOLYLOOP((#1409,#1391,#1308));
#1471=IFCFACEOUTERBOUND(#1470,.T.);
#1472=IFCFACE((#1471));
#1473=IFCPOLYLOOP((#1417,#1409,#1322));
#1474=IFCFACEOUTERBOUND(#1473,.T.);
#1475=IFCFACE((#1474));
#1476=IFCPOLYLOOP((#1426,#1417,#1333));
#1477=IFCFACEOUTERBOUND(#1476,.T.);
#1478=IFCFACE((#1477));
#1479=IFCPOLYLOOP((#1435,#1426,#1347));
#1480=IFCFACEOUTERBOUND(#1479,.T.);
#1481=IFCFACE((#1480));
#1482=IFCPOLYLOOP((#1444,#1435,#1361));
#1483=IFCFACEOUTERBOUND(#1482,.T.);
#1484=IFCFACE((#1483));
#1485=IFCPOLYLOOP((#1405,#1422,#1413));
#1486=IFCFACEOUTERBOUND(#1485,.T.);
#1487=IFCFACE((#1486));
#1488=IFCPOLYLOOP((#1422,#1431,#1421));
#1489=IFCFACEOUTERBOUND(#1488,.T.);
#1490=IFCFACE((#1489));
#1491=IFCPOLYLOOP((#1431,#1440,#1430));
#1492=IFCFACEOUTERBOUND(#1491,.T.);
#1493=IFCFACE((#1492));
#1494=IFCPOLYLOOP((#1440,#1449,#1439));
#1495=IFCFACEOUTERBOUND(#1494,.T.);
#1496=IFCFACE((#1495));
#1497=IFCPOLYLOOP((#1449,#1454,#1448));
#1498=IFCFACEOUTERBOUND(#1497,.T.);
#1499=IFCFACE((#1498));
#1500=IFCCARTESIANPOINT((-0.0803635207966689,-0.19401470182737,3.75));
#1501=IFCPOLYLOOP((#1500,#1254,#1395));
#1502=IFCFACEOUTERBOUND(#1501,.T.);
#1503=IFCFACE((#1502));
#1504=IFCCARTESIANPOINT((-0.0850000000000001,-0.147224318643355,3.70000000000027));
#1505=IFCPOLYLOOP((#1500,#1504,#1250));
#1506=IFCFACEOUTERBOUND(#1505,.T.);
#1507=IFCFACE((#1506));
#1508=IFCPOLYLOOP((#1500,#1250,#1254));
#1509=IFCFACEOUTERBOUND(#1508,.T.);
#1510=IFCFACE((#1509));
#1511=IFCCARTESIANPOINT((-0.148492424049175,-0.148492424049175,3.75));
#1512=IFCPOLYLOOP((#1511,#1395,#1413));
#1513=IFCFACEOUTERBOUND(#1512,.T.);
#1514=IFCFACE((#1513));
#1515=IFCCARTESIANPOINT((-0.147224318643355,-0.085,3.70000000000027));
#1516=IFCPOLYLOOP((#1511,#1515,#1504));
#1517=IFCFACEOUTERBOUND(#1516,.T.);
#1518=IFCFACE((#1517));
#1519=IFCPOLYLOOP((#1511,#1500,#1395));
#1520=IFCFACEOUTERBOUND(#1519,.T.);
#1521=IFCFACE((#1520));
#1522=IFCPOLYLOOP((#1511,#1504,#1500));
#1523=IFCFACEOUTERBOUND(#1522,.T.);
#1524=IFCFACE((#1523));
#1525=IFCCARTESIANPOINT((-0.19401470182737,-0.0803635207966688,3.75));
#1526=IFCPOLYLOOP((#1525,#1413,#1421));
#1527=IFCFACEOUTERBOUND(#1526,.T.);
#1528=IFCFACE((#1527));
#1529=IFCCARTESIANPOINT((-0.17,5.12805022072475E-17,3.70000000000027));
#1530=IFCPOLYLOOP((#1525,#1529,#1515));
#1531=IFCFACEOUTERBOUND(#1530,.T.);
#1532=IFCFACE((#1531));
#1533=IFCPOLYLOOP((#1525,#1515,#1511));
#1534=IFCFACEOUTERBOUND(#1533,.T.);
#1535=IFCFACE((#1534));
#1536=IFCPOLYLOOP((#1525,#1511,#1413));
#1537=IFCFACEOUTERBOUND(#1536,.T.);
#1538=IFCFACE((#1537));
#1539=IFCCARTESIANPOINT((-0.21,5.95312086089528E-17,3.75));
#1540=IFCPOLYLOOP((#1539,#1421,#1430));
#1541=IFCFACEOUTERBOUND(#1540,.T.);
#1542=IFCFACE((#1541));
#1543=IFCPOLYLOOP((#1539,#1529,#1525));
#1544=IFCFACEOUTERBOUND(#1543,.T.);
#1545=IFCFACE((#1544));
#1546=IFCPOLYLOOP((#1539,#1525,#1421));
#1547=IFCFACEOUTERBOUND(#1546,.T.);
#1548=IFCFACE((#1547));
#1549=IFCCARTESIANPOINT((-0.19401470182737,0.0803635207966689,3.75));
#1550=IFCPOLYLOOP((#1549,#1430,#1439));
#1551=IFCFACEOUTERBOUND(#1550,.T.);
#1552=IFCFACE((#1551));
#1553=IFCCARTESIANPOINT((-0.147224318643355,0.085,3.70000000000027));
#1554=IFCPOLYLOOP((#1549,#1553,#1529));
#1555=IFCFACEOUTERBOUND(#1554,.T.);
#1556=IFCFACE((#1555));
#1557=IFCPOLYLOOP((#1549,#1539,#1430));
#1558=IFCFACEOUTERBOUND(#1557,.T.);
#1559=IFCFACE((#1558));
#1560=IFCPOLYLOOP((#1549,#1529,#1539));
#1561=IFCFACEOUTERBOUND(#1560,.T.);
#1562=IFCFACE((#1561));
#1563=IFCCARTESIANPOINT((-0.148492424049175,0.148492424049175,3.75));
#1564=IFCPOLYLOOP((#1563,#1439,#1448));
#1565=IFCFACEOUTERBOUND(#1564,.T.);
#1566=IFCFACE((#1565));
#1567=IFCCARTESIANPOINT((-0.0850000000000001,0.147224318643355,3.70000000000027));
#1568=IFCPOLYLOOP((#1563,#1567,#1553));
#1569=IFCFACEOUTERBOUND(#1568,.T.);
#1570=IFCFACE((#1569));
#1571=IFCPOLYLOOP((#1563,#1549,#1439));
#1572=IFCFACEOUTERBOUND(#1571,.T.);
#1573=IFCFACE((#1572));
#1574=IFCPOLYLOOP((#1563,#1553,#1549));
#1575=IFCFACEOUTERBOUND(#1574,.T.);
#1576=IFCFACE((#1575));
#1577=IFCCARTESIANPOINT((-0.0803635207966689,0.19401470182737,3.75));
#1578=IFCPOLYLOOP((#1577,#1448,#1453));
#1579=IFCFACEOUTERBOUND(#1578,.T.);
#1580=IFCFACE((#1579));
#1581=IFCPOLYLOOP((#1577,#1453,#1276));
#1582=IFCFACEOUTERBOUND(#1581,.T.);
#1583=IFCFACE((#1582));
#1584=IFCPOLYLOOP((#1577,#1276,#1272));
#1585=IFCFACEOUTERBOUND(#1584,.T.);
#1586=IFCFACE((#1585));
#1587=IFCPOLYLOOP((#1577,#1272,#1567));
#1588=IFCFACEOUTERBOUND(#1587,.T.);
#1589=IFCFACE((#1588));
#1590=IFCPOLYLOOP((#1577,#1563,#1448));
#1591=IFCFACEOUTERBOUND(#1590,.T.);
#1592=IFCFACE((#1591));
#1593=IFCPOLYLOOP((#1577,#1567,#1563));
#1594=IFCFACEOUTERBOUND(#1593,.T.);
#1595=IFCFACE((#1594));
#1596=IFCCARTESIANPOINT((-0.0650000000000001,-0.112583302491977,3.66000000000031));
#1597=IFCPOLYLOOP((#1596,#1250,#1504));
#1598=IFCFACEOUTERBOUND(#1597,.T.);
#1599=IFCFACE((#1598));
#1600=IFCCARTESIANPOINT((-0.0779422863405996,-0.045,3.61999999999989));
#1601=IFCPOLYLOOP((#1596,#1600,#1248));
#1602=IFCFACEOUTERBOUND(#1601,.T.);
#1603=IFCFACE((#1602));
#1604=IFCPOLYLOOP((#1596,#1248,#1250));
#1605=IFCFACEOUTERBOUND(#1604,.T.);
#1606=IFCFACE((#1605));
#1607=IFCCARTESIANPOINT((-0.112583302491977,-0.065,3.66000000000031));
#1608=IFCPOLYLOOP((#1607,#1504,#1515));
#1609=IFCFACEOUTERBOUND(#1608,.T.);
#1610=IFCFACE((#1609));
#1611=IFCPOLYLOOP((#1607,#1596,#1504));
#1612=IFCFACEOUTERBOUND(#1611,.T.);
#1613=IFCFACE((#1612));
#1614=IFCPOLYLOOP((#1607,#1600,#1596));
#1615=IFCFACEOUTERBOUND(#1614,.T.);
#1616=IFCFACE((#1615));
#1617=IFCCARTESIANPOINT((-0.13,4.21297958055422E-17,3.66000000000031));
#1618=IFCPOLYLOOP((#1617,#1515,#1529));
#1619=IFCFACEOUTERBOUND(#1618,.T.);
#1620=IFCFACE((#1619));
#1621=IFCCARTESIANPOINT((-0.0779422863405995,0.045,3.61999999999989));
#1622=IFCPOLYLOOP((#1617,#1621,#1600));
#1623=IFCFACEOUTERBOUND(#1622,.T.);
#1624=IFCFACE((#1623));
#1625=IFCPOLYLOOP((#1617,#1600,#1607));
#1626=IFCFACEOUTERBOUND(#1625,.T.);
#1627=IFCFACE((#1626));
#1628=IFCPOLYLOOP((#1617,#1607,#1515));
#1629=IFCFACEOUTERBOUND(#1628,.T.);
#1630=IFCFACE((#1629));
#1631=IFCCARTESIANPOINT((-0.112583302491977,0.065,3.66000000000031));
#1632=IFCPOLYLOOP((#1631,#1529,#1553));
#1633=IFCFACEOUTERBOUND(#1632,.T.);
#1634=IFCFACE((#1633));
#1635=IFCPOLYLOOP((#1631,#1617,#1529));
#1636=IFCFACEOUTERBOUND(#1635,.T.);
#1637=IFCFACE((#1636));
#1638=IFCPOLYLOOP((#1631,#1621,#1617));
#1639=IFCFACEOUTERBOUND(#1638,.T.);
#1640=IFCFACE((#1639));
#1641=IFCCARTESIANPOINT((-0.0650000000000001,0.112583302491977,3.66000000000031));
#1642=IFCPOLYLOOP((#1641,#1553,#1567));
#1643=IFCFACEOUTERBOUND(#1642,.T.);
#1644=IFCFACE((#1643));
#1645=IFCPOLYLOOP((#1641,#1567,#1272));
#1646=IFCFACEOUTERBOUND(#1645,.T.);
#1647=IFCFACE((#1646));
#1648=IFCPOLYLOOP((#1641,#1272,#1271));
#1649=IFCFACEOUTERBOUND(#1648,.T.);
#1650=IFCFACE((#1649));
#1651=IFCPOLYLOOP((#1641,#1271,#1621));
#1652=IFCFACEOUTERBOUND(#1651,.T.);
#1653=IFCFACE((#1652));
#1654=IFCPOLYLOOP((#1641,#1631,#1553));
#1655=IFCFACEOUTERBOUND(#1654,.T.);
#1656=IFCFACE((#1655));
#1657=IFCPOLYLOOP((#1641,#1621,#1631));
#1658=IFCFACEOUTERBOUND(#1657,.T.);
#1659=IFCFACE((#1658));
#1660=IFCPOLYLOOP((#1621,#1271,#1249));
#1661=IFCFACEOUTERBOUND(#1660,.T.);
#1662=IFCFACE((#1661));
#1663=IFCPOLYLOOP((#1600,#1249,#1248));
#1664=IFCFACEOUTERBOUND(#1663,.T.);
#1665=IFCFACE((#1664));
#1666=IFCPOLYLOOP((#1600,#1621,#1249));
#1667=IFCFACEOUTERBOUND(#1666,.T.);
#1668=IFCFACE((#1667));
#1669=IFCCARTESIANPOINT((-0.05,0.2,3.92000000000007));
#1670=IFCCARTESIANPOINT((-0.05,0.2,6.42000000000007));
#1671=IFCPOLYLOOP((#1669,#1670,#1444));
#1672=IFCFACEOUTERBOUND(#1671,.T.);
#1673=IFCFACE((#1672));
#1674=IFCPOLYLOOP((#1669,#1444,#1454));
#1675=IFCFACEOUTERBOUND(#1674,.T.);
#1676=IFCFACE((#1675));
#1677=IFCPOLYLOOP((#1669,#1449,#1440));
#1678=IFCFACEOUTERBOUND(#1677,.T.);
#1679=IFCFACE((#1678));
#1680=IFCPOLYLOOP((#1669,#1454,#1449));
#1681=IFCFACEOUTERBOUND(#1680,.T.);
#1682=IFCFACE((#1681));
#1683=IFCCARTESIANPOINT((-0.05,-0.2,3.92000000000007));
#1684=IFCPOLYLOOP((#1683,#1422,#1405));
#1685=IFCFACEOUTERBOUND(#1684,.T.);
#1686=IFCFACE((#1685));
#1687=IFCPOLYLOOP((#1683,#1431,#1422));
#1688=IFCFACEOUTERBOUND(#1687,.T.);
#1689=IFCFACE((#1688));
#1690=IFCPOLYLOOP((#1683,#1440,#1431));
#1691=IFCFACEOUTERBOUND(#1690,.T.);
#1692=IFCFACE((#1691));
#1693=IFCPOLYLOOP((#1683,#1669,#1440));
#1694=IFCFACEOUTERBOUND(#1693,.T.);
#1695=IFCFACE((#1694));
#1696=IFCPOLYLOOP((#1391,#1683,#1405));
#1697=IFCFACEOUTERBOUND(#1696,.T.);
#1698=IFCFACE((#1697));
#1699=IFCCARTESIANPOINT((-0.05,-0.2,6.42000000000007));
#1700=IFCPOLYLOOP((#1699,#1683,#1391));
#1701=IFCFACEOUTERBOUND(#1700,.T.);
#1702=IFCFACE((#1701));
#1703=IFCPOLYLOOP((#1699,#1391,#1409));
#1704=IFCFACEOUTERBOUND(#1703,.T.);
#1705=IFCFACE((#1704));
#1706=IFCPOLYLOOP((#1699,#1409,#1417));
#1707=IFCFACEOUTERBOUND(#1706,.T.);
#1708=IFCFACE((#1707));
#1709=IFCPOLYLOOP((#1670,#1417,#1426));
#1710=IFCFACEOUTERBOUND(#1709,.T.);
#1711=IFCFACE((#1710));
#1712=IFCPOLYLOOP((#1670,#1426,#1435));
#1713=IFCFACEOUTERBOUND(#1712,.T.);
#1714=IFCFACE((#1713));
#1715=IFCPOLYLOOP((#1670,#1435,#1444));
#1716=IFCFACEOUTERBOUND(#1715,.T.);
#1717=IFCFACE((#1716));
#1718=IFCPOLYLOOP((#1670,#1699,#1417));
#1719=IFCFACEOUTERBOUND(#1718,.T.);
#1720=IFCFACE((#1719));
#1721=IFCPOLYLOOP((#1683,#1699,#1669));
#1722=IFCFACEOUTERBOUND(#1721,.T.);
#1723=IFCFACE((#1722));
#1724=IFCPOLYLOOP((#1669,#1699,#1670));
#1725=IFCFACEOUTERBOUND(#1724,.T.);
#1726=IFCFACE((#1725));
#1727=IFCCLOSEDSHELL((#1170,#1175,#1178,#1182,#1187,#1190,#1195,#1198,#1201,#1205,#1209,#1212,#1215,#1220,#1223,#1226,#1230,#1234,#1238,#1241,#1244,#1247,#1253,#1257,#1261,#1264,#1267,#1270,#1275,#1279,#1283,#1286,#1289,#1292,#1296,#1300,#1303,#1307,#1311,#1314,#1317,#1321,#1325,#1328,#1331,#1336,#1339,#1342,#1346,#1350,#1353,#1356,#1360,#1364,#1367,#1370,#1374,#1377,#1381,#1384,#1387,#1390,#1394,#1398,#1401,#1404,#1408,#1412,#1416,#1420,#1425,#1429,#1434,#1438,#1443,#1447,#1452,#1457,#1460,#1463,#1466,#1469,#1472,#1475,#1478,#1481,#1484,#1487,#1490,#1493,#1496,#1499,#1503,#1507,#1510,#1514,#1518,#1521,#1524,#1528,#1532,#1535,#1538,#1542,#1545,#1548,#1552,#1556,#1559,#1562,#1566,#1570,#1573,#1576,#1580,#1583,#1586,#1589,#1592,#1595,#1599,#1603,#1606,#1610,#1613,#1616,#1620,#1624,#1627,#1630,#1634,#1637,#1640,#1644,#1647,#1650,#1653,#1656,#1659,#1662,#1665,#1668,#1673,#1676,#1679,#1682,#1686,#1689,#1692,#1695,#1698,#1702,#1705,#1708,#1711,#1714,#1717,#1720,#1723,#1726));
#1728=IFCFACETEDBREP(#1727);
#1729=IFCSTYLEDITEM(#1728,(#591),$);
#1730=IFCSHAPEREPRESENTATION(#22,'Body','Brep',(#1728));
#1731=IFCPRODUCTDEFINITIONSHAPE($,$,(#1730));
#1732=IFCBUILDINGELEMENTPROXY('2LGQTNQ1j9zgMHjkkcwmP7',#13883,'Statue Niche002','',$,#593,#1731,$,$);
#1733=IFCCARTESIANPOINT((8.09,-3.6,8.28));
#1734=IFCCARTESIANPOINT((-3.118E-15,-3.6,8.28));
#1735=IFCCARTESIANPOINT((-2.995E-15,-2.5,8.28));
#1736=IFCCARTESIANPOINT((8.09,-2.5,8.28));
#1737=IFCPOLYLOOP((#1733,#1734,#1735,#1736));
#1738=IFCFACEOUTERBOUND(#1737,.T.);
#1739=IFCFACE((#1738));
#1740=IFCCARTESIANPOINT((-3.384E-15,2.256E-15,10.28));
#1741=IFCCARTESIANPOINT((8.09,-4.39E-16,10.28));
#1742=IFCPOLYLOOP((#1736,#1735,#1740,#1741));
#1743=IFCFACEOUTERBOUND(#1742,.T.);
#1744=IFCFACE((#1743));
#1745=IFCCARTESIANPOINT((-2.44E-15,2.5,8.28));
#1746=IFCCARTESIANPOINT((8.09,2.5,8.28));
#1747=IFCPOLYLOOP((#1741,#1740,#1745,#1746));
#1748=IFCFACEOUTERBOUND(#1747,.T.);
#1749=IFCFACE((#1748));
#1750=IFCCARTESIANPOINT((-2.318E-15,3.6,8.28));
#1751=IFCCARTESIANPOINT((8.09,3.6,8.28));
#1752=IFCPOLYLOOP((#1746,#1745,#1750,#1751));
#1753=IFCFACEOUTERBOUND(#1752,.T.);
#1754=IFCFACE((#1753));
#1755=IFCCARTESIANPOINT((-2.351E-15,3.6,8.38));
#1756=IFCCARTESIANPOINT((8.09,3.6,8.38));
#1757=IFCPOLYLOOP((#1751,#1750,#1755,#1756));
#1758=IFCFACEOUTERBOUND(#1757,.T.);
#1759=IFCFACE((#1758));
#1760=IFCCARTESIANPOINT((-2.474E-15,2.50000000000437,8.38000000000192));
#1761=IFCCARTESIANPOINT((8.09,2.50000000000437,8.38000000000192));
#1762=IFCPOLYLOOP((#1756,#1755,#1760,#1761));
#1763=IFCFACEOUTERBOUND(#1762,.T.);
#1764=IFCFACE((#1763));
#1765=IFCCARTESIANPOINT((-3.417E-15,2.278E-15,10.38));
#1766=IFCCARTESIANPOINT((8.09,-4.16E-16,10.38));
#1767=IFCPOLYLOOP((#1761,#1760,#1765,#1766));
#1768=IFCFACEOUTERBOUND(#1767,.T.);
#1769=IFCFACE((#1768));
#1770=IFCCARTESIANPOINT((-3.029E-15,-2.50000000000437,8.38000000000192));
#1771=IFCCARTESIANPOINT((8.09,-2.50000000000437,8.38000000000192));
#1772=IFCPOLYLOOP((#1766,#1765,#1770,#1771));
#1773=IFCFACEOUTERBOUND(#1772,.T.);
#1774=IFCFACE((#1773));
#1775=IFCCARTESIANPOINT((-3.151E-15,-3.6,8.38));
#1776=IFCCARTESIANPOINT((8.09,-3.6,8.38));
#1777=IFCPOLYLOOP((#1771,#1770,#1775,#1776));
#1778=IFCFACEOUTERBOUND(#1777,.T.);
#1779=IFCFACE((#1778));
#1780=IFCPOLYLOOP((#1776,#1775,#1734,#1733));
#1781=IFCFACEOUTERBOUND(#1780,.T.);
#1782=IFCFACE((#1781));
#1783=IFCPOLYLOOP((#1735,#1734,#1775,#1770,#1765,#1760,#1755,#1750,#1745,#1740));
#1784=IFCFACEOUTERBOUND(#1783,.T.);
#1785=IFCFACE((#1784));
#1786=IFCPOLYLOOP((#1733,#1736,#1741,#1746,#1751,#1756,#1761,#1766,#1771,#1776));
#1787=IFCFACEOUTERBOUND(#1786,.T.);
#1788=IFCFACE((#1787));
#1789=IFCCLOSEDSHELL((#1739,#1744,#1749,#1754,#1759,#1764,#1769,#1774,#1779,#1782,#1785,#1788));
#1790=IFCFACETEDBREP(#1789);
#1791=IFCSTYLEDITEM(#1790,(#591),$);
#1792=IFCSHAPEREPRESENTATION(#22,'Body','Brep',(#1790));
#1793=IFCPRODUCTDEFINITIONSHAPE($,$,(#1792));
#1794=IFCROOF('3OI1Ftig16WhlWCwYeFcGz',#13889,'Roof',$,$,#593,#1793,$,.NOTDEFINED.);
#1795=IFCCARTESIANPOINT((0.699999999999996,-2.72,8.28));
#1796=IFCCARTESIANPOINT((-1.E-07,-2.72,8.28));
#1797=IFCCARTESIANPOINT((-2.718E-15,-3.07,8.28));
#1798=IFCPOLYLOOP((#1795,#1796,#1797));
#1799=IFCFACEOUTERBOUND(#1798,.T.);
#1800=IFCFACE((#1799));
#1801=IFCCARTESIANPOINT((0.699999999999997,-3.07,8.28));
#1802=IFCPOLYLOOP((#1795,#1797,#1801));
#1803=IFCFACEOUTERBOUND(#1802,.T.);
#1804=IFCFACE((#1803));
#1805=IFCCARTESIANPOINT((-3.912E-15,-2.57,8.28));
#1806=IFCPOLYLOOP((#1805,#1796,#1795));
#1807=IFCFACEOUTERBOUND(#1806,.T.);
#1808=IFCFACE((#1807));
#1809=IFCCARTESIANPOINT((0.699999999999996,-2.57,8.28));
#1810=IFCPOLYLOOP((#1805,#1795,#1809));
#1811=IFCFACEOUTERBOUND(#1810,.T.);
#1812=IFCFACE((#1811));
#1813=IFCCARTESIANPOINT((-1.E-07,-3.42,8.28));
#1814=IFCPOLYLOOP((#1801,#1797,#1813));
#1815=IFCFACEOUTERBOUND(#1814,.T.);
#1816=IFCFACE((#1815));
#1817=IFCCARTESIANPOINT((0.849999999999997,-3.42,8.28));
#1818=IFCPOLYLOOP((#1801,#1813,#1817));
#1819=IFCFACEOUTERBOUND(#1818,.T.);
#1820=IFCFACE((#1819));
#1821=IFCCARTESIANPOINT((0.849999999999997,-2.72,8.28));
#1822=IFCPOLYLOOP((#1821,#1795,#1801));
#1823=IFCFACEOUTERBOUND(#1822,.T.);
#1824=IFCFACE((#1823));
#1825=IFCPOLYLOOP((#1821,#1801,#1817));
#1826=IFCFACEOUTERBOUND(#1825,.T.);
#1827=IFCFACE((#1826));
#1828=IFCCARTESIANPOINT((-0.0626604038282733,-3.49,8.28));
#1829=IFCPOLYLOOP((#1797,#1828,#1813));
#1830=IFCFACEOUTERBOUND(#1829,.T.);
#1831=IFCFACE((#1830));
#1832=IFCCARTESIANPOINT((0.849999999999997,-3.49,8.28));
#1833=IFCPOLYLOOP((#1832,#1813,#1828));
#1834=IFCFACEOUTERBOUND(#1833,.T.);
#1835=IFCFACE((#1834));
#1836=IFCCARTESIANPOINT((-0.0626604038282733,-2.56999999999999,8.28));
#1837=IFCPOLYLOOP((#1836,#1797,#1796));
#1838=IFCFACEOUTERBOUND(#1837,.T.);
#1839=IFCFACE((#1838));
#1840=IFCPOLYLOOP((#1805,#1836,#1796));
#1841=IFCFACEOUTERBOUND(#1840,.T.);
#1842=IFCFACE((#1841));
#1843=IFCPOLYLOOP((#1817,#1813,#1832));
#1844=IFCFACEOUTERBOUND(#1843,.T.);
#1845=IFCFACE((#1844));
#1846=IFCPOLYLOOP((#1836,#1828,#1797));
#1847=IFCFACEOUTERBOUND(#1846,.T.);
#1848=IFCFACE((#1847));
#1849=IFCCARTESIANPOINT((0.699999999999997,-2.5,8.28));
#1850=IFCPOLYLOOP((#1805,#1809,#1849));
#1851=IFCFACEOUTERBOUND(#1850,.T.);
#1852=IFCFACE((#1851));
#1853=IFCCARTESIANPOINT((-2.718E-15,-2.5,8.28));
#1854=IFCPOLYLOOP((#1853,#1805,#1849));
#1855=IFCFACEOUTERBOUND(#1854,.T.);
#1856=IFCFACE((#1855));
#1857=IFCCARTESIANPOINT((0.849999999999997,-2.57,8.28));
#1858=IFCPOLYLOOP((#1857,#1809,#1795));
#1859=IFCFACEOUTERBOUND(#1858,.T.);
#1860=IFCFACE((#1859));
#1861=IFCPOLYLOOP((#1857,#1795,#1821));
#1862=IFCFACEOUTERBOUND(#1861,.T.);
#1863=IFCFACE((#1862));
#1864=IFCCARTESIANPOINT((7.24,-2.72,8.28));
#1865=IFCPOLYLOOP((#1864,#1821,#1817));
#1866=IFCFACEOUTERBOUND(#1865,.T.);
#1867=IFCFACE((#1866));
#1868=IFCCARTESIANPOINT((7.24,-3.42,8.28));
#1869=IFCPOLYLOOP((#1864,#1817,#1868));
#1870=IFCFACEOUTERBOUND(#1869,.T.);
#1871=IFCFACE((#1870));
#1872=IFCCARTESIANPOINT((-0.0626604038282733,-2.56999999999999,7.45111111111111));
#1873=IFCCARTESIANPOINT((-3.297E-15,-2.57,7.45111111111111));
#1874=IFCPOLYLOOP((#1872,#1805,#1873));
#1875=IFCFACEOUTERBOUND(#1874,.T.);
#1876=IFCFACE((#1875));
#1877=IFCPOLYLOOP((#1872,#1836,#1805));
#1878=IFCFACEOUTERBOUND(#1877,.T.);
#1879=IFCFACE((#1878));
#1880=IFCCARTESIANPOINT((0.849999999999997,-3.49000000000001,7.45111111111111));
#1881=IFCPOLYLOOP((#1832,#1880,#1817));
#1882=IFCFACEOUTERBOUND(#1881,.T.);
#1883=IFCFACE((#1882));
#1884=IFCCARTESIANPOINT((0.849999999999997,-3.42,7.45111111111111));
#1885=IFCPOLYLOOP((#1817,#1880,#1884));
#1886=IFCFACEOUTERBOUND(#1885,.T.);
#1887=IFCFACE((#1886));
#1888=IFCPOLYLOOP((#1828,#1880,#1832));
#1889=IFCFACEOUTERBOUND(#1888,.T.);
#1890=IFCFACE((#1889));
#1891=IFCCARTESIANPOINT((0.849999999999998,-3.49,6.52222222222223));
#1892=IFCCARTESIANPOINT((1.35,-3.49,7.45111111111111));
#1893=IFCPOLYLOOP((#1880,#1891,#1892));
#1894=IFCFACEOUTERBOUND(#1893,.T.);
#1895=IFCFACE((#1894));
#1896=IFCPOLYLOOP((#1828,#1891,#1880));
#1897=IFCFACEOUTERBOUND(#1896,.T.);
#1898=IFCFACE((#1897));
#1899=IFCCARTESIANPOINT((1.35,-3.49000000000001,6.52222222222223));
#1900=IFCPOLYLOOP((#1891,#1899,#1892));
#1901=IFCFACEOUTERBOUND(#1900,.T.);
#1902=IFCFACE((#1901));
#1903=IFCCARTESIANPOINT((0.849999999999998,-3.49000000000001,5.59333333333333));
#1904=IFCPOLYLOOP((#1828,#1903,#1891));
#1905=IFCFACEOUTERBOUND(#1904,.T.);
#1906=IFCFACE((#1905));
#1907=IFCCARTESIANPOINT((0.849999999999998,-3.49,4.66444444444445));
#1908=IFCPOLYLOOP((#1828,#1907,#1903));
#1909=IFCFACEOUTERBOUND(#1908,.T.);
#1910=IFCFACE((#1909));
#1911=IFCCARTESIANPOINT((1.35,-3.49000000000001,4.66444444444445));
#1912=IFCCARTESIANPOINT((1.35,-3.49000000000001,5.59333333333333));
#1913=IFCPOLYLOOP((#1903,#1911,#1912));
#1914=IFCFACEOUTERBOUND(#1913,.T.);
#1915=IFCFACE((#1914));
#1916=IFCPOLYLOOP((#1907,#1911,#1903));
#1917=IFCFACEOUTERBOUND(#1916,.T.);
#1918=IFCFACE((#1917));
#1919=IFCCARTESIANPOINT((0.849999999999998,-3.49000000000001,3.73555555555556));
#1920=IFCCARTESIANPOINT((0.849999999999997,-3.49,2.80666666666667));
#1921=IFCCARTESIANPOINT((1.35,-3.49000000000001,3.73555555555556));
#1922=IFCPOLYLOOP((#1919,#1920,#1921));
#1923=IFCFACEOUTERBOUND(#1922,.T.);
#1924=IFCFACE((#1923));
#1925=IFCCARTESIANPOINT((1.35,-3.49000000000001,2.80666666666667));
#1926=IFCPOLYLOOP((#1920,#1925,#1921));
#1927=IFCFACEOUTERBOUND(#1926,.T.);
#1928=IFCFACE((#1927));
#1929=IFCCARTESIANPOINT((-0.0626604038282733,-3.49,0.343264276882604));
#1930=IFCCARTESIANPOINT((0.849999999999998,-3.49,1.87777777777778));
#1931=IFCPOLYLOOP((#1920,#1929,#1930));
#1932=IFCFACEOUTERBOUND(#1931,.T.);
#1933=IFCFACE((#1932));
#1934=IFCPOLYLOOP((#1919,#1929,#1920));
#1935=IFCFACEOUTERBOUND(#1934,.T.);
#1936=IFCFACE((#1935));
#1937=IFCCARTESIANPOINT((0.849999999999999,-3.49,0.948888888888888));
#1938=IFCCARTESIANPOINT((1.35,-3.49000000000001,1.87777777777778));
#1939=IFCPOLYLOOP((#1930,#1937,#1938));
#1940=IFCFACEOUTERBOUND(#1939,.T.);
#1941=IFCFACE((#1940));
#1942=IFCPOLYLOOP((#1929,#1937,#1930));
#1943=IFCFACEOUTERBOUND(#1942,.T.);
#1944=IFCFACE((#1943));
#1945=IFCCARTESIANPOINT((1.35,-3.49000000000001,0.948888888888888));
#1946=IFCPOLYLOOP((#1937,#1945,#1938));
#1947=IFCFACEOUTERBOUND(#1946,.T.);
#1948=IFCFACE((#1947));
#1949=IFCCARTESIANPOINT((0.849999999999999,-3.49,0.402543978349122));
#1950=IFCPOLYLOOP((#1929,#1949,#1937));
#1951=IFCFACEOUTERBOUND(#1950,.T.);
#1952=IFCFACE((#1951));
#1953=IFCPOLYLOOP((#1828,#1929,#1919));
#1954=IFCFACEOUTERBOUND(#1953,.T.);
#1955=IFCFACE((#1954));
#1956=IFCPOLYLOOP((#1828,#1919,#1907));
#1957=IFCFACEOUTERBOUND(#1956,.T.);
#1958=IFCFACE((#1957));
#1959=IFCPOLYLOOP((#1872,#1828,#1836));
#1960=IFCFACEOUTERBOUND(#1959,.T.);
#1961=IFCFACE((#1960));
#1962=IFCCARTESIANPOINT((-0.0626604038282733,-2.07,6.52222222222223));
#1963=IFCCARTESIANPOINT((-0.0626604038282733,-2.57,6.52222222222223));
#1964=IFCCARTESIANPOINT((-0.0626604038282733,-2.07,7.45111111111111));
#1965=IFCPOLYLOOP((#1962,#1963,#1964));
#1966=IFCFACEOUTERBOUND(#1965,.T.);
#1967=IFCFACE((#1966));
#1968=IFCPOLYLOOP((#1964,#1963,#1872));
#1969=IFCFACEOUTERBOUND(#1968,.T.);
#1970=IFCFACE((#1969));
#1971=IFCPOLYLOOP((#1872,#1963,#1828));
#1972=IFCFACEOUTERBOUND(#1971,.T.);
#1973=IFCFACE((#1972));
#1974=IFCCARTESIANPOINT((-0.0626604038282733,-2.57,5.59333333333334));
#1975=IFCPOLYLOOP((#1963,#1974,#1828));
#1976=IFCFACEOUTERBOUND(#1975,.T.);
#1977=IFCFACE((#1976));
#1978=IFCCARTESIANPOINT((-0.0626604038282733,-2.07,5.59333333333334));
#1979=IFCCARTESIANPOINT((-0.0626604038282733,-2.06999999999999,4.66444444444445));
#1980=IFCPOLYLOOP((#1978,#1979,#1974));
#1981=IFCFACEOUTERBOUND(#1980,.T.);
#1982=IFCFACE((#1981));
#1983=IFCCARTESIANPOINT((-0.0626604038282733,-2.57,4.66444444444445));
#1984=IFCPOLYLOOP((#1979,#1983,#1974));
#1985=IFCFACEOUTERBOUND(#1984,.T.);
#1986=IFCFACE((#1985));
#1987=IFCPOLYLOOP((#1974,#1983,#1828));
#1988=IFCFACEOUTERBOUND(#1987,.T.);
#1989=IFCFACE((#1988));
#1990=IFCCARTESIANPOINT((-0.0626604038282733,-2.07,2.80666666666667));
#1991=IFCCARTESIANPOINT((-0.0626604038282733,-2.57,2.80666666666667));
#1992=IFCCARTESIANPOINT((-0.0626604038282733,-2.07,3.73555555555556));
#1993=IFCPOLYLOOP((#1990,#1991,#1992));
#1994=IFCFACEOUTERBOUND(#1993,.T.);
#1995=IFCFACE((#1994));
#1996=IFCCARTESIANPOINT((-0.0626604038282733,-2.56999999999999,3.73555555555556));
#1997=IFCPOLYLOOP((#1992,#1991,#1996));
#1998=IFCFACEOUTERBOUND(#1997,.T.);
#1999=IFCFACE((#1998));
#2000=IFCCARTESIANPOINT((-0.0626604038282733,-2.07,1.87777777777778));
#2001=IFCCARTESIANPOINT((-0.0626604038282733,-2.07,0.94888888888889));
#2002=IFCCARTESIANPOINT((-0.0626604038282733,-2.57,1.87777777777778));
#2003=IFCPOLYLOOP((#2000,#2001,#2002));
#2004=IFCFACEOUTERBOUND(#2003,.T.);
#2005=IFCFACE((#2004));
#2006=IFCCARTESIANPOINT((-0.0626604038282733,-2.56999999999999,0.94888888888889));
#2007=IFCPOLYLOOP((#2001,#2006,#2002));
#2008=IFCFACEOUTERBOUND(#2007,.T.);
#2009=IFCFACE((#2008));
#2010=IFCCARTESIANPOINT((-0.0626604038282733,-2.56999999999999,0.343264276882604));
#2011=IFCPOLYLOOP((#2010,#1929,#2006));
#2012=IFCFACEOUTERBOUND(#2011,.T.);
#2013=IFCFACE((#2012));
#2014=IFCPOLYLOOP((#2002,#1929,#1991));
#2015=IFCFACEOUTERBOUND(#2014,.T.);
#2016=IFCFACE((#2015));
#2017=IFCPOLYLOOP((#1991,#1929,#1996));
#2018=IFCFACEOUTERBOUND(#2017,.T.);
#2019=IFCFACE((#2018));
#2020=IFCPOLYLOOP((#2006,#1929,#2002));
#2021=IFCFACEOUTERBOUND(#2020,.T.);
#2022=IFCFACE((#2021));
#2023=IFCPOLYLOOP((#1929,#1828,#1996));
#2024=IFCFACEOUTERBOUND(#2023,.T.);
#2025=IFCFACE((#2024));
#2026=IFCPOLYLOOP((#1996,#1828,#1983));
#2027=IFCFACEOUTERBOUND(#2026,.T.);
#2028=IFCFACE((#2027));
#2029=IFCCARTESIANPOINT((-1.E-07,2.72,0.12));
#2030=IFCCARTESIANPOINT((-1.819E-15,2.57,0.347334235453316));
#2031=IFCCARTESIANPOINT((-1.E-07,2.72,0.347334228958052));
#2032=IFCPOLYLOOP((#2029,#2030,#2031));
#2033=IFCFACEOUTERBOUND(#2032,.T.);
#2034=IFCFACE((#2033));
#2035=IFCCARTESIANPOINT((-1.933E-15,2.07,0.948888888888888));
#2036=IFCCARTESIANPOINT((-1.023E-15,2.57,0.948888888888888));
#2037=IFCPOLYLOOP((#2030,#2035,#2036));
#2038=IFCFACEOUTERBOUND(#2037,.T.);
#2039=IFCFACE((#2038));
#2040=IFCCARTESIANPOINT((0.,0.6,0.12));
#2041=IFCPOLYLOOP((#2029,#2040,#2030));
#2042=IFCFACEOUTERBOUND(#2041,.T.);
#2043=IFCFACE((#2042));
#2044=IFCPOLYLOOP((#2030,#2040,#2035));
#2045=IFCFACEOUTERBOUND(#2044,.T.);
#2046=IFCFACE((#2045));
#2047=IFCCARTESIANPOINT((-1.819E-15,2.07,1.87777777777778));
#2048=IFCCARTESIANPOINT((-1.705E-15,2.07,2.80666666666667));
#2049=IFCCARTESIANPOINT((-1.592E-15,2.57,1.87777777777778));
#2050=IFCPOLYLOOP((#2047,#2048,#2049));
#2051=IFCFACEOUTERBOUND(#2050,.T.);
#2052=IFCFACE((#2051));
#2053=IFCCARTESIANPOINT((-2.046E-15,2.57,2.80666666666667));
#2054=IFCPOLYLOOP((#2049,#2048,#2053));
#2055=IFCFACEOUTERBOUND(#2054,.T.);
#2056=IFCFACE((#2055));
#2057=IFCCARTESIANPOINT((-1.14E-15,0.6,2.62));
#2058=IFCPOLYLOOP((#2035,#2057,#2047));
#2059=IFCFACEOUTERBOUND(#2058,.T.);
#2060=IFCFACE((#2059));
#2061=IFCPOLYLOOP((#2040,#2057,#2035));
#2062=IFCFACEOUTERBOUND(#2061,.T.);
#2063=IFCFACE((#2062));
#2064=IFCPOLYLOOP((#2047,#2057,#2048));
#2065=IFCFACEOUTERBOUND(#2064,.T.);
#2066=IFCFACE((#2065));
#2067=IFCCARTESIANPOINT((-2.501E-15,2.07,3.73555555555556));
#2068=IFCCARTESIANPOINT((-3.07E-15,2.57,4.66444444444445));
#2069=IFCCARTESIANPOINT((-2.615E-15,2.57,3.73555555555556));
#2070=IFCPOLYLOOP((#2067,#2068,#2069));
#2071=IFCFACEOUTERBOUND(#2070,.T.);
#2072=IFCFACE((#2071));
#2073=IFCCARTESIANPOINT((-1.28559280166703E-15,0.589114478463229,2.70008007456875));
#2074=IFCPOLYLOOP((#2057,#2073,#2048));
#2075=IFCFACEOUTERBOUND(#2074,.T.);
#2076=IFCFACE((#2075));
#2077=IFCCARTESIANPOINT((-1.29492125295524E-15,0.557247877713763,2.77434872662826));
#2078=IFCPOLYLOOP((#2048,#2077,#2067));
#2079=IFCFACEOUTERBOUND(#2078,.T.);
#2080=IFCFACE((#2079));
#2081=IFCPOLYLOOP((#2073,#2077,#2048));
#2082=IFCFACEOUTERBOUND(#2081,.T.);
#2083=IFCFACE((#2082));
#2084=IFCCARTESIANPOINT((-1.29767838681528E-15,0.506712761543351,2.83741626943521));
#2085=IFCPOLYLOOP((#2077,#2084,#2067));
#2086=IFCFACEOUTERBOUND(#2085,.T.);
#2087=IFCFACE((#2086));
#2088=IFCCARTESIANPOINT((-1.201E-15,0.441176470588236,2.88470588235294));
#2089=IFCPOLYLOOP((#2084,#2088,#2067));
#2090=IFCFACEOUTERBOUND(#2089,.T.);
#2091=IFCFACE((#2090));
#2092=IFCCARTESIANPOINT((-2.956E-15,2.07,4.66444444444445));
#2093=IFCPOLYLOOP((#2067,#2092,#2068));
#2094=IFCFACEOUTERBOUND(#2093,.T.);
#2095=IFCFACE((#2094));
#2096=IFCCARTESIANPOINT((-1.00000000202E-07,-2.72,0.12));
#2097=IFCCARTESIANPOINT((-3.638E-15,-2.57,0.347334235453317));
#2098=IFCCARTESIANPOINT((0.,-0.6,0.120000000000005));
#2099=IFCPOLYLOOP((#2096,#2097,#2098));
#2100=IFCFACEOUTERBOUND(#2099,.T.);
#2101=IFCFACE((#2100));
#2102=IFCCARTESIANPOINT((-3.752E-15,-2.07,0.94888888888889));
#2103=IFCPOLYLOOP((#2097,#2102,#2098));
#2104=IFCFACEOUTERBOUND(#2103,.T.);
#2105=IFCFACE((#2104));
#2106=IFCCARTESIANPOINT((-1.00000000197E-07,-2.72,0.347334228958053));
#2107=IFCPOLYLOOP((#2096,#2106,#2097));
#2108=IFCFACEOUTERBOUND(#2107,.T.);
#2109=IFCFACE((#2108));
#2110=IFCCARTESIANPOINT((-9.98E-16,4.E-18,3.12));
#2111=IFCPOLYLOOP((#2088,#2110,#2067));
#2112=IFCFACEOUTERBOUND(#2111,.T.);
#2113=IFCFACE((#2112));
#2114=IFCPOLYLOOP((#2067,#2110,#2092));
#2115=IFCFACEOUTERBOUND(#2114,.T.);
#2116=IFCFACE((#2115));
#2117=IFCCARTESIANPOINT((-1.403E-15,-0.6,2.62));
#2118=IFCPOLYLOOP((#2102,#2117,#2098));
#2119=IFCFACEOUTERBOUND(#2118,.T.);
#2120=IFCFACE((#2119));
#2121=IFCCARTESIANPOINT((-3.979E-15,-2.57,0.94888888888889));
#2122=IFCPOLYLOOP((#2097,#2121,#2102));
#2123=IFCFACEOUTERBOUND(#2122,.T.);
#2124=IFCFACE((#2123));
#2125=IFCCARTESIANPOINT((-1.478E-15,2.07,5.59333333333334));
#2126=IFCPOLYLOOP((#2110,#2125,#2092));
#2127=IFCFACEOUTERBOUND(#2126,.T.);
#2128=IFCFACE((#2127));
#2129=IFCCARTESIANPOINT((-3.638E-15,-2.07,1.87777777777778));
#2130=IFCPOLYLOOP((#2102,#2129,#2117));
#2131=IFCFACEOUTERBOUND(#2130,.T.);
#2132=IFCFACE((#2131));
#2133=IFCCARTESIANPOINT((-1.364E-15,2.07,6.52222222222222));
#2134=IFCCARTESIANPOINT((-1.251E-15,2.57,5.59333333333334));
#2135=IFCPOLYLOOP((#2125,#2133,#2134));
#2136=IFCFACEOUTERBOUND(#2135,.T.);
#2137=IFCFACE((#2136));
#2138=IFCCARTESIANPOINT((-1.137E-15,2.57,6.52222222222222));
#2139=IFCPOLYLOOP((#2134,#2133,#2138));
#2140=IFCFACEOUTERBOUND(#2139,.T.);
#2141=IFCFACE((#2140));
#2142=IFCCARTESIANPOINT((-3.524E-15,-2.07,2.80666666666667));
#2143=IFCPOLYLOOP((#2129,#2142,#2117));
#2144=IFCFACEOUTERBOUND(#2143,.T.);
#2145=IFCFACE((#2144));
#2146=IFCCARTESIANPOINT((-4.55E-16,-2.57,1.87777777777778));
#2147=IFCPOLYLOOP((#2146,#2142,#2129));
#2148=IFCFACEOUTERBOUND(#2147,.T.);
#2149=IFCFACE((#2148));
#2150=IFCCARTESIANPOINT((-1.29338243114321E-15,-0.589114478463228,2.70008007456875));
#2151=IFCPOLYLOOP((#2117,#2142,#2150));
#2152=IFCFACEOUTERBOUND(#2151,.T.);
#2153=IFCFACE((#2152));
#2154=IFCCARTESIANPOINT((-1.31673218676119E-15,-0.557247877713763,2.77434872662826));
#2155=IFCPOLYLOOP((#2150,#2142,#2154));
#2156=IFCFACEOUTERBOUND(#2155,.T.);
#2157=IFCFACE((#2156));
#2158=IFCCARTESIANPOINT((-9.09E-16,-2.57,2.80666666666667));
#2159=IFCPOLYLOOP((#2146,#2158,#2142));
#2160=IFCFACEOUTERBOUND(#2159,.T.);
#2161=IFCFACE((#2160));
#2162=IFCCARTESIANPOINT((-1.251E-15,2.07,7.45111111111111));
#2163=IFCCARTESIANPOINT((-2.718E-15,2.5,8.28));
#2164=IFCCARTESIANPOINT((-1.023E-15,2.57,7.45111111111111));
#2165=IFCPOLYLOOP((#2162,#2163,#2164));
#2166=IFCFACEOUTERBOUND(#2165,.T.);
#2167=IFCFACE((#2166));
#2168=IFCCARTESIANPOINT((-5.051E-15,2.57,8.28));
#2169=IFCPOLYLOOP((#2164,#2163,#2168));
#2170=IFCFACEOUTERBOUND(#2169,.T.);
#2171=IFCFACE((#2170));
#2172=IFCCARTESIANPOINT((-1.592E-15,-2.07,3.73555555555556));
#2173=IFCCARTESIANPOINT((-1.34172477173621E-15,-0.506712761543351,2.83741626943521));
#2174=IFCPOLYLOOP((#2154,#2172,#2173));
#2175=IFCFACEOUTERBOUND(#2174,.T.);
#2176=IFCFACE((#2175));
#2177=IFCCARTESIANPOINT((-1.4E-15,-0.441176470588236,2.88470588235295));
#2178=IFCPOLYLOOP((#2173,#2172,#2177));
#2179=IFCFACEOUTERBOUND(#2178,.T.);
#2180=IFCFACE((#2179));
#2181=IFCPOLYLOOP((#2177,#2172,#2110));
#2182=IFCFACEOUTERBOUND(#2181,.T.);
#2183=IFCFACE((#2182));
#2184=IFCPOLYLOOP((#2142,#2172,#2154));
#2185=IFCFACEOUTERBOUND(#2184,.T.);
#2186=IFCFACE((#2185));
#2187=IFCCARTESIANPOINT((-1.478E-15,-2.57,3.73555555555556));
#2188=IFCCARTESIANPOINT((-2.046E-15,-2.07,4.66444444444445));
#2189=IFCPOLYLOOP((#2187,#2188,#2172));
#2190=IFCFACEOUTERBOUND(#2189,.T.);
#2191=IFCFACE((#2190));
#2192=IFCPOLYLOOP((#2172,#2188,#2110));
#2193=IFCFACEOUTERBOUND(#2192,.T.);
#2194=IFCFACE((#2193));
#2195=IFCCARTESIANPOINT((-1.933E-15,-2.57,4.66444444444445));
#2196=IFCPOLYLOOP((#2187,#2195,#2188));
#2197=IFCFACEOUTERBOUND(#2196,.T.);
#2198=IFCFACE((#2197));
#2199=IFCCARTESIANPOINT((-3.297E-15,-2.07,5.59333333333334));
#2200=IFCPOLYLOOP((#2110,#2199,#2125));
#2201=IFCFACEOUTERBOUND(#2200,.T.);
#2202=IFCFACE((#2201));
#2203=IFCPOLYLOOP((#2125,#2199,#2133));
#2204=IFCFACEOUTERBOUND(#2203,.T.);
#2205=IFCFACE((#2204));
#2206=IFCPOLYLOOP((#2188,#2199,#2110));
#2207=IFCFACEOUTERBOUND(#2206,.T.);
#2208=IFCFACE((#2207));
#2209=IFCCARTESIANPOINT((-3.183E-15,-2.07,6.52222222222223));
#2210=IFCPOLYLOOP((#2199,#2209,#2133));
#2211=IFCFACEOUTERBOUND(#2210,.T.);
#2212=IFCFACE((#2211));
#2213=IFCPOLYLOOP((#2133,#2209,#2162));
#2214=IFCFACEOUTERBOUND(#2213,.T.);
#2215=IFCFACE((#2214));
#2216=IFCCARTESIANPOINT((-3.524E-15,-2.57,5.59333333333334));
#2217=IFCCARTESIANPOINT((-3.411E-15,-2.57,6.52222222222223));
#2218=IFCPOLYLOOP((#2216,#2217,#2199));
#2219=IFCFACEOUTERBOUND(#2218,.T.);
#2220=IFCFACE((#2219));
#2221=IFCPOLYLOOP((#2199,#2217,#2209));
#2222=IFCFACEOUTERBOUND(#2221,.T.);
#2223=IFCFACE((#2222));
#2224=IFCCARTESIANPOINT((-3.07E-15,-2.07,7.45111111111111));
#2225=IFCPOLYLOOP((#2209,#2224,#2162));
#2226=IFCFACEOUTERBOUND(#2225,.T.);
#2227=IFCFACE((#2226));
#2228=IFCCARTESIANPOINT((-3.384E-15,1.128E-15,10.28));
#2229=IFCPOLYLOOP((#2162,#2228,#2163));
#2230=IFCFACEOUTERBOUND(#2229,.T.);
#2231=IFCFACE((#2230));
#2232=IFCPOLYLOOP((#2224,#2228,#2162));
#2233=IFCFACEOUTERBOUND(#2232,.T.);
#2234=IFCFACE((#2233));
#2235=IFCPOLYLOOP((#1873,#1853,#2224));
#2236=IFCFACEOUTERBOUND(#2235,.T.);
#2237=IFCFACE((#2236));
#2238=IFCPOLYLOOP((#2224,#1853,#2228));
#2239=IFCFACEOUTERBOUND(#2238,.T.);
#2240=IFCFACE((#2239));
#2241=IFCPOLYLOOP((#1873,#1805,#1853));
#2242=IFCFACEOUTERBOUND(#2241,.T.);
#2243=IFCFACE((#2242));
#2244=IFCCARTESIANPOINT((0.699999999999997,9.73E-16,10.28));
#2245=IFCPOLYLOOP((#2244,#1853,#1849));
#2246=IFCFACEOUTERBOUND(#2245,.T.);
#2247=IFCFACE((#2246));
#2248=IFCPOLYLOOP((#2228,#1853,#2244));
#2249=IFCFACEOUTERBOUND(#2248,.T.);
#2250=IFCFACE((#2249));
#2251=IFCCARTESIANPOINT((0.699999999999998,2.72,0.165466853585927));
#2252=IFCCARTESIANPOINT((0.7,3.07,0.119999999999999));
#2253=IFCCARTESIANPOINT((0.699999999999999,3.07,0.165466853585927));
#2254=IFCPOLYLOOP((#2251,#2252,#2253));
#2255=IFCFACEOUTERBOUND(#2254,.T.);
#2256=IFCFACE((#2255));
#2257=IFCCARTESIANPOINT((0.699999999999998,2.57,0.392801082543979));
#2258=IFCCARTESIANPOINT((0.699999999999998,2.72,0.392801082543979));
#2259=IFCPOLYLOOP((#2257,#2251,#2258));
#2260=IFCFACEOUTERBOUND(#2259,.T.);
#2261=IFCFACE((#2260));
#2262=IFCCARTESIANPOINT((0.699999999999998,2.07,0.948888888888888));
#2263=IFCCARTESIANPOINT((0.699999999999999,2.57,0.948888888888888));
#2264=IFCPOLYLOOP((#2262,#2257,#2263));
#2265=IFCFACEOUTERBOUND(#2264,.T.);
#2266=IFCFACE((#2265));
#2267=IFCCARTESIANPOINT((0.7,0.6,0.120000000000005));
#2268=IFCPOLYLOOP((#2267,#2252,#2251));
#2269=IFCFACEOUTERBOUND(#2268,.T.);
#2270=IFCFACE((#2269));
#2271=IFCPOLYLOOP((#2267,#2251,#2257));
#2272=IFCFACEOUTERBOUND(#2271,.T.);
#2273=IFCFACE((#2272));
#2274=IFCPOLYLOOP((#2267,#2257,#2262));
#2275=IFCFACEOUTERBOUND(#2274,.T.);
#2276=IFCFACE((#2275));
#2277=IFCCARTESIANPOINT((0.699999999999998,2.07,2.80666666666667));
#2278=IFCCARTESIANPOINT((0.699999999999999,2.07,1.87777777777778));
#2279=IFCCARTESIANPOINT((0.699999999999999,2.57,1.87777777777778));
#2280=IFCPOLYLOOP((#2277,#2278,#2279));
#2281=IFCFACEOUTERBOUND(#2280,.T.);
#2282=IFCFACE((#2281));
#2283=IFCCARTESIANPOINT((0.699999999999998,2.57,2.80666666666667));
#2284=IFCPOLYLOOP((#2277,#2279,#2283));
#2285=IFCFACEOUTERBOUND(#2284,.T.);
#2286=IFCFACE((#2285));
#2287=IFCCARTESIANPOINT((0.699999999999999,0.6,2.62));
#2288=IFCPOLYLOOP((#2287,#2262,#2278));
#2289=IFCFACEOUTERBOUND(#2288,.T.);
#2290=IFCFACE((#2289));
#2291=IFCPOLYLOOP((#2287,#2267,#2262));
#2292=IFCFACEOUTERBOUND(#2291,.T.);
#2293=IFCFACE((#2292));
#2294=IFCPOLYLOOP((#2287,#2278,#2277));
#2295=IFCFACEOUTERBOUND(#2294,.T.);
#2296=IFCFACE((#2295));
#2297=IFCCARTESIANPOINT((0.699999999999997,2.57,4.66444444444445));
#2298=IFCCARTESIANPOINT((0.699999999999997,2.07,3.73555555555556));
#2299=IFCCARTESIANPOINT((0.699999999999997,2.57,3.73555555555556));
#2300=IFCPOLYLOOP((#2297,#2298,#2299));
#2301=IFCFACEOUTERBOUND(#2300,.T.);
#2302=IFCFACE((#2301));
#2303=IFCCARTESIANPOINT((0.699999999999999,0.589114478463228,2.70008007456875));
#2304=IFCPOLYLOOP((#2303,#2287,#2277));
#2305=IFCFACEOUTERBOUND(#2304,.T.);
#2306=IFCFACE((#2305));
#2307=IFCCARTESIANPOINT((0.699999999999999,0.557247877713763,2.77434872662832));
#2308=IFCPOLYLOOP((#2307,#2277,#2298));
#2309=IFCFACEOUTERBOUND(#2308,.T.);
#2310=IFCFACE((#2309));
#2311=IFCPOLYLOOP((#2307,#2303,#2277));
#2312=IFCFACEOUTERBOUND(#2311,.T.);
#2313=IFCFACE((#2312));
#2314=IFCCARTESIANPOINT((0.699999999999999,0.506712761543351,2.83741626943515));
#2315=IFCPOLYLOOP((#2314,#2307,#2298));
#2316=IFCFACEOUTERBOUND(#2315,.T.);
#2317=IFCFACE((#2316));
#2318=IFCCARTESIANPOINT((0.699999999999999,0.441176470588237,2.88470588235294));
#2319=IFCPOLYLOOP((#2318,#2314,#2298));
#2320=IFCFACEOUTERBOUND(#2319,.T.);
#2321=IFCFACE((#2320));
#2322=IFCCARTESIANPOINT((0.699999999999999,2.07,4.66444444444445));
#2323=IFCPOLYLOOP((#2322,#2298,#2297));
#2324=IFCFACEOUTERBOUND(#2323,.T.);
#2325=IFCFACE((#2324));
#2326=IFCCARTESIANPOINT((0.699999999999996,-2.57,0.39280108254398));
#2327=IFCCARTESIANPOINT((0.699999999999996,-2.72,0.161532762422744));
#2328=IFCCARTESIANPOINT((0.7,-0.6,0.12));
#2329=IFCPOLYLOOP((#2326,#2327,#2328));
#2330=IFCFACEOUTERBOUND(#2329,.T.);
#2331=IFCFACE((#2330));
#2332=IFCCARTESIANPOINT((0.699999999999996,-2.07,0.94888888888889));
#2333=IFCPOLYLOOP((#2332,#2326,#2328));
#2334=IFCFACEOUTERBOUND(#2333,.T.);
#2335=IFCFACE((#2334));
#2336=IFCCARTESIANPOINT((0.699999999999996,-2.72,0.39280108254398));
#2337=IFCPOLYLOOP((#2336,#2327,#2326));
#2338=IFCFACEOUTERBOUND(#2337,.T.);
#2339=IFCFACE((#2338));
#2340=IFCCARTESIANPOINT((0.699999999999999,1.6E-16,3.12));
#2341=IFCPOLYLOOP((#2340,#2318,#2298));
#2342=IFCFACEOUTERBOUND(#2341,.T.);
#2343=IFCFACE((#2342));
#2344=IFCPOLYLOOP((#2340,#2298,#2322));
#2345=IFCFACEOUTERBOUND(#2344,.T.);
#2346=IFCFACE((#2345));
#2347=IFCCARTESIANPOINT((0.7,-3.07,0.120000000000001));
#2348=IFCPOLYLOOP((#2347,#2328,#2327));
#2349=IFCFACEOUTERBOUND(#2348,.T.);
#2350=IFCFACE((#2349));
#2351=IFCCARTESIANPOINT((0.7,-0.6,2.62));
#2352=IFCPOLYLOOP((#2351,#2332,#2328));
#2353=IFCFACEOUTERBOUND(#2352,.T.);
#2354=IFCFACE((#2353));
#2355=IFCCARTESIANPOINT((0.700000000000001,-3.07,0.161532762422744));
#2356=IFCPOLYLOOP((#2355,#2347,#2327));
#2357=IFCFACEOUTERBOUND(#2356,.T.);
#2358=IFCFACE((#2357));
#2359=IFCCARTESIANPOINT((0.7,-2.57,0.94888888888889));
#2360=IFCPOLYLOOP((#2359,#2326,#2332));
#2361=IFCFACEOUTERBOUND(#2360,.T.);
#2362=IFCFACE((#2361));
#2363=IFCCARTESIANPOINT((0.699999999999996,2.07,5.59333333333334));
#2364=IFCPOLYLOOP((#2363,#2340,#2322));
#2365=IFCFACEOUTERBOUND(#2364,.T.);
#2366=IFCFACE((#2365));
#2367=IFCCARTESIANPOINT((0.699999999999999,-2.07,1.87777777777778));
#2368=IFCPOLYLOOP((#2367,#2332,#2351));
#2369=IFCFACEOUTERBOUND(#2368,.T.);
#2370=IFCFACE((#2369));
#2371=IFCCARTESIANPOINT((0.699999999999996,2.07,6.52222222222222));
#2372=IFCCARTESIANPOINT((0.699999999999996,2.57,5.59333333333334));
#2373=IFCPOLYLOOP((#2371,#2363,#2372));
#2374=IFCFACEOUTERBOUND(#2373,.T.);
#2375=IFCFACE((#2374));
#2376=IFCCARTESIANPOINT((0.699999999999999,2.57,6.52222222222222));
#2377=IFCPOLYLOOP((#2371,#2372,#2376));
#2378=IFCFACEOUTERBOUND(#2377,.T.);
#2379=IFCFACE((#2378));
#2380=IFCCARTESIANPOINT((0.699999999999996,-2.07,2.80666666666667));
#2381=IFCCARTESIANPOINT((0.699999999999996,-2.57,1.87777777777778));
#2382=IFCPOLYLOOP((#2380,#2381,#2367));
#2383=IFCFACEOUTERBOUND(#2382,.T.);
#2384=IFCFACE((#2383));
#2385=IFCCARTESIANPOINT((0.699999999999999,-0.589114478463228,2.70008007456875));
#2386=IFCCARTESIANPOINT((0.699999999999999,-0.557247877713763,2.77434872662832));
#2387=IFCPOLYLOOP((#2380,#2385,#2386));
#2388=IFCFACEOUTERBOUND(#2387,.T.);
#2389=IFCFACE((#2388));
#2390=IFCPOLYLOOP((#2380,#2351,#2385));
#2391=IFCFACEOUTERBOUND(#2390,.T.);
#2392=IFCFACE((#2391));
#2393=IFCPOLYLOOP((#2380,#2367,#2351));
#2394=IFCFACEOUTERBOUND(#2393,.T.);
#2395=IFCFACE((#2394));
#2396=IFCCARTESIANPOINT((0.699999999999999,-2.57,2.80666666666667));
#2397=IFCPOLYLOOP((#2396,#2381,#2380));
#2398=IFCFACEOUTERBOUND(#2397,.T.);
#2399=IFCFACE((#2398));
#2400=IFCCARTESIANPOINT((0.699999999999997,2.5,8.28));
#2401=IFCCARTESIANPOINT((0.699999999999999,2.07,7.45111111111111));
#2402=IFCCARTESIANPOINT((0.699999999999999,2.57,7.45111111111111));
#2403=IFCPOLYLOOP((#2400,#2401,#2402));
#2404=IFCFACEOUTERBOUND(#2403,.T.);
#2405=IFCFACE((#2404));
#2406=IFCCARTESIANPOINT((0.699999999999995,2.57,8.28));
#2407=IFCPOLYLOOP((#2400,#2402,#2406));
#2408=IFCFACEOUTERBOUND(#2407,.T.);
#2409=IFCFACE((#2408));
#2410=IFCCARTESIANPOINT((0.699999999999998,-2.07,3.73555555555556));
#2411=IFCCARTESIANPOINT((0.699999999999999,-0.506712761543351,2.83741626943527));
#2412=IFCCARTESIANPOINT((0.7,-0.441176470588236,2.88470588235294));
#2413=IFCPOLYLOOP((#2410,#2411,#2412));
#2414=IFCFACEOUTERBOUND(#2413,.T.);
#2415=IFCFACE((#2414));
#2416=IFCPOLYLOOP((#2410,#2386,#2411));
#2417=IFCFACEOUTERBOUND(#2416,.T.);
#2418=IFCFACE((#2417));
#2419=IFCPOLYLOOP((#2410,#2412,#2340));
#2420=IFCFACEOUTERBOUND(#2419,.T.);
#2421=IFCFACE((#2420));
#2422=IFCPOLYLOOP((#2410,#2380,#2386));
#2423=IFCFACEOUTERBOUND(#2422,.T.);
#2424=IFCFACE((#2423));
#2425=IFCCARTESIANPOINT((0.699999999999997,-2.07,4.66444444444445));
#2426=IFCCARTESIANPOINT((0.699999999999999,-2.57,3.73555555555556));
#2427=IFCPOLYLOOP((#2425,#2426,#2410));
#2428=IFCFACEOUTERBOUND(#2427,.T.);
#2429=IFCFACE((#2428));
#2430=IFCPOLYLOOP((#2425,#2410,#2340));
#2431=IFCFACEOUTERBOUND(#2430,.T.);
#2432=IFCFACE((#2431));
#2433=IFCCARTESIANPOINT((0.699999999999998,-2.57,4.66444444444445));
#2434=IFCPOLYLOOP((#2433,#2426,#2425));
#2435=IFCFACEOUTERBOUND(#2434,.T.);
#2436=IFCFACE((#2435));
#2437=IFCCARTESIANPOINT((0.699999999999997,-2.07,5.59333333333334));
#2438=IFCPOLYLOOP((#2437,#2425,#2340));
#2439=IFCFACEOUTERBOUND(#2438,.T.);
#2440=IFCFACE((#2439));
#2441=IFCPOLYLOOP((#2437,#2340,#2363));
#2442=IFCFACEOUTERBOUND(#2441,.T.);
#2443=IFCFACE((#2442));
#2444=IFCCARTESIANPOINT((0.699999999999997,-2.07,6.52222222222223));
#2445=IFCPOLYLOOP((#2444,#2363,#2371));
#2446=IFCFACEOUTERBOUND(#2445,.T.);
#2447=IFCFACE((#2446));
#2448=IFCPOLYLOOP((#2444,#2371,#2401));
#2449=IFCFACEOUTERBOUND(#2448,.T.);
#2450=IFCFACE((#2449));
#2451=IFCPOLYLOOP((#2444,#2437,#2363));
#2452=IFCFACEOUTERBOUND(#2451,.T.);
#2453=IFCFACE((#2452));
#2454=IFCCARTESIANPOINT((0.699999999999997,-2.57,6.52222222222223));
#2455=IFCCARTESIANPOINT((0.699999999999998,-2.57,5.59333333333334));
#2456=IFCPOLYLOOP((#2454,#2455,#2437));
#2457=IFCFACEOUTERBOUND(#2456,.T.);
#2458=IFCFACE((#2457));
#2459=IFCPOLYLOOP((#2454,#2437,#2444));
#2460=IFCFACEOUTERBOUND(#2459,.T.);
#2461=IFCFACE((#2460));
#2462=IFCCARTESIANPOINT((0.699999999999997,-2.07,7.45111111111111));
#2463=IFCPOLYLOOP((#2462,#2444,#2401));
#2464=IFCFACEOUTERBOUND(#2463,.T.);
#2465=IFCFACE((#2464));
#2466=IFCPOLYLOOP((#2244,#2401,#2400));
#2467=IFCFACEOUTERBOUND(#2466,.T.);
#2468=IFCFACE((#2467));
#2469=IFCPOLYLOOP((#2244,#2462,#2401));
#2470=IFCFACEOUTERBOUND(#2469,.T.);
#2471=IFCFACE((#2470));
#2472=IFCCARTESIANPOINT((0.699999999999997,-2.57,7.45111111111111));
#2473=IFCPOLYLOOP((#1849,#2472,#2462));
#2474=IFCFACEOUTERBOUND(#2473,.T.);
#2475=IFCFACE((#2474));
#2476=IFCPOLYLOOP((#1849,#2462,#2244));
#2477=IFCFACEOUTERBOUND(#2476,.T.);
#2478=IFCFACE((#2477));
#2479=IFCPOLYLOOP((#1809,#2472,#1849));
#2480=IFCFACEOUTERBOUND(#2479,.T.);
#2481=IFCFACE((#2480));
#2482=IFCCARTESIANPOINT((0.849999999999997,-2.57,7.45111111111111));
#2483=IFCPOLYLOOP((#2472,#1857,#2482));
#2484=IFCFACEOUTERBOUND(#2483,.T.);
#2485=IFCFACE((#2484));
#2486=IFCPOLYLOOP((#2472,#1809,#1857));
#2487=IFCFACEOUTERBOUND(#2486,.T.);
#2488=IFCFACE((#2487));
#2489=IFCCARTESIANPOINT((0.849999999999997,-2.72,7.45111111111111));
#2490=IFCPOLYLOOP((#1821,#2489,#1857));
#2491=IFCFACEOUTERBOUND(#2490,.T.);
#2492=IFCFACE((#2491));
#2493=IFCPOLYLOOP((#1857,#2489,#2482));
#2494=IFCFACEOUTERBOUND(#2493,.T.);
#2495=IFCFACE((#2494));
#2496=IFCCARTESIANPOINT((0.849999999999998,-2.72,0.402543978349122));
#2497=IFCPOLYLOOP((#2496,#2327,#2336));
#2498=IFCFACEOUTERBOUND(#2497,.T.);
#2499=IFCFACE((#2498));
#2500=IFCCARTESIANPOINT((1.35,-2.72,0.948888888888888));
#2501=IFCCARTESIANPOINT((0.849999999999999,-2.72,0.948888888888888));
#2502=IFCPOLYLOOP((#2500,#2496,#2501));
#2503=IFCFACEOUTERBOUND(#2502,.T.);
#2504=IFCFACE((#2503));
#2505=IFCPOLYLOOP((#2500,#2327,#2496));
#2506=IFCFACEOUTERBOUND(#2505,.T.);
#2507=IFCFACE((#2506));
#2508=IFCCARTESIANPOINT((1.35,-2.72,2.80666666666667));
#2509=IFCCARTESIANPOINT((1.35,-2.72,1.87777777777778));
#2510=IFCCARTESIANPOINT((0.849999999999998,-2.72,1.87777777777778));
#2511=IFCPOLYLOOP((#2508,#2509,#2510));
#2512=IFCFACEOUTERBOUND(#2511,.T.);
#2513=IFCFACE((#2512));
#2514=IFCCARTESIANPOINT((0.849999999999997,-2.72,2.80666666666667));
#2515=IFCPOLYLOOP((#2508,#2510,#2514));
#2516=IFCFACEOUTERBOUND(#2515,.T.);
#2517=IFCFACE((#2516));
#2518=IFCCARTESIANPOINT((0.849999999999998,-2.72,4.66444444444445));
#2519=IFCCARTESIANPOINT((1.35,-2.72,3.73555555555556));
#2520=IFCCARTESIANPOINT((0.849999999999998,-2.72,3.73555555555556));
#2521=IFCPOLYLOOP((#2518,#2519,#2520));
#2522=IFCFACEOUTERBOUND(#2521,.T.);
#2523=IFCFACE((#2522));
#2524=IFCCARTESIANPOINT((1.35,-2.72,4.66444444444445));
#2525=IFCPOLYLOOP((#2524,#2519,#2518));
#2526=IFCFACEOUTERBOUND(#2525,.T.);
#2527=IFCFACE((#2526));
#2528=IFCCARTESIANPOINT((6.74,-2.72,0.948888888888891));
#2529=IFCPOLYLOOP((#2528,#2500,#2509));
#2530=IFCFACEOUTERBOUND(#2529,.T.);
#2531=IFCFACE((#2530));
#2532=IFCPOLYLOOP((#2528,#2327,#2500));
#2533=IFCFACEOUTERBOUND(#2532,.T.);
#2534=IFCFACE((#2533));
#2535=IFCCARTESIANPOINT((1.35,-2.72,6.52222222222223));
#2536=IFCCARTESIANPOINT((1.35,-2.72,5.59333333333333));
#2537=IFCCARTESIANPOINT((0.849999999999998,-2.72,5.59333333333333));
#2538=IFCPOLYLOOP((#2535,#2536,#2537));
#2539=IFCFACEOUTERBOUND(#2538,.T.);
#2540=IFCFACE((#2539));
#2541=IFCCARTESIANPOINT((0.849999999999998,-2.72,6.52222222222223));
#2542=IFCPOLYLOOP((#2535,#2537,#2541));
#2543=IFCFACEOUTERBOUND(#2542,.T.);
#2544=IFCFACE((#2543));
#2545=IFCCARTESIANPOINT((7.39,-2.72,0.600000000000002));
#2546=IFCPOLYLOOP((#2545,#2327,#2528));
#2547=IFCFACEOUTERBOUND(#2546,.T.);
#2548=IFCFACE((#2547));
#2549=IFCCARTESIANPOINT((7.24,-2.72,0.817591339648176));
#2550=IFCPOLYLOOP((#2549,#2545,#2528));
#2551=IFCFACEOUTERBOUND(#2550,.T.);
#2552=IFCFACE((#2551));
#2553=IFCCARTESIANPOINT((7.24,-2.72,0.948888888888891));
#2554=IFCPOLYLOOP((#2553,#2549,#2528));
#2555=IFCFACEOUTERBOUND(#2554,.T.);
#2556=IFCFACE((#2555));
#2557=IFCCARTESIANPOINT((7.39,-2.72,0.827334235453317));
#2558=IFCPOLYLOOP((#2557,#2545,#2549));
#2559=IFCFACEOUTERBOUND(#2558,.T.);
#2560=IFCFACE((#2559));
#2561=IFCCARTESIANPOINT((6.74,-2.72,1.87777777777778));
#2562=IFCPOLYLOOP((#2561,#2528,#2509));
#2563=IFCFACEOUTERBOUND(#2562,.T.);
#2564=IFCFACE((#2563));
#2565=IFCCARTESIANPOINT((1.35,-2.72,7.45111111111111));
#2566=IFCPOLYLOOP((#1821,#2565,#2489));
#2567=IFCFACEOUTERBOUND(#2566,.T.);
#2568=IFCFACE((#2567));
#2569=IFCCARTESIANPOINT((6.74,-2.72,2.80666666666667));
#2570=IFCPOLYLOOP((#2569,#2508,#2519));
#2571=IFCFACEOUTERBOUND(#2570,.T.);
#2572=IFCFACE((#2571));
#2573=IFCPOLYLOOP((#2569,#2509,#2508));
#2574=IFCFACEOUTERBOUND(#2573,.T.);
#2575=IFCFACE((#2574));
#2576=IFCPOLYLOOP((#2569,#2561,#2509));
#2577=IFCFACEOUTERBOUND(#2576,.T.);
#2578=IFCFACE((#2577));
#2579=IFCCARTESIANPOINT((7.24,-2.72,2.80666666666667));
#2580=IFCPOLYLOOP((#2579,#2561,#2569));
#2581=IFCFACEOUTERBOUND(#2580,.T.);
#2582=IFCFACE((#2581));
#2583=IFCCARTESIANPOINT((7.24,-2.72,1.87777777777778));
#2584=IFCPOLYLOOP((#2579,#2583,#2561));
#2585=IFCFACEOUTERBOUND(#2584,.T.);
#2586=IFCFACE((#2585));
#2587=IFCCARTESIANPOINT((6.74,-2.72,3.73555555555556));
#2588=IFCPOLYLOOP((#2587,#2519,#2524));
#2589=IFCFACEOUTERBOUND(#2588,.T.);
#2590=IFCFACE((#2589));
#2591=IFCPOLYLOOP((#2587,#2569,#2519));
#2592=IFCFACEOUTERBOUND(#2591,.T.);
#2593=IFCFACE((#2592));
#2594=IFCCARTESIANPOINT((6.74,-2.72,4.66444444444445));
#2595=IFCPOLYLOOP((#2594,#2524,#2536));
#2596=IFCFACEOUTERBOUND(#2595,.T.);
#2597=IFCFACE((#2596));
#2598=IFCCARTESIANPOINT((7.24,-2.72,3.73555555555556));
#2599=IFCPOLYLOOP((#2594,#2598,#2587));
#2600=IFCFACEOUTERBOUND(#2599,.T.);
#2601=IFCFACE((#2600));
#2602=IFCPOLYLOOP((#2594,#2587,#2524));
#2603=IFCFACEOUTERBOUND(#2602,.T.);
#2604=IFCFACE((#2603));
#2605=IFCCARTESIANPOINT((7.24,-2.72,4.66444444444445));
#2606=IFCPOLYLOOP((#2605,#2598,#2594));
#2607=IFCFACEOUTERBOUND(#2606,.T.);
#2608=IFCFACE((#2607));
#2609=IFCCARTESIANPOINT((6.74,-2.72,5.59333333333334));
#2610=IFCPOLYLOOP((#2609,#2594,#2536));
#2611=IFCFACEOUTERBOUND(#2610,.T.);
#2612=IFCFACE((#2611));
#2613=IFCCARTESIANPOINT((6.74,-2.72,6.52222222222223));
#2614=IFCPOLYLOOP((#2613,#2609,#2536));
#2615=IFCFACEOUTERBOUND(#2614,.T.);
#2616=IFCFACE((#2615));
#2617=IFCCARTESIANPOINT((7.24,-2.72,5.59333333333334));
#2618=IFCPOLYLOOP((#2613,#2617,#2609));
#2619=IFCFACEOUTERBOUND(#2618,.T.);
#2620=IFCFACE((#2619));
#2621=IFCPOLYLOOP((#2613,#2536,#2535));
#2622=IFCFACEOUTERBOUND(#2621,.T.);
#2623=IFCFACE((#2622));
#2624=IFCCARTESIANPOINT((7.24,-2.72,6.52222222222223));
#2625=IFCPOLYLOOP((#2624,#2617,#2613));
#2626=IFCFACEOUTERBOUND(#2625,.T.);
#2627=IFCFACE((#2626));
#2628=IFCCARTESIANPOINT((6.74,-2.72,7.45111111111112));
#2629=IFCPOLYLOOP((#2628,#2613,#2535));
#2630=IFCFACEOUTERBOUND(#2629,.T.);
#2631=IFCFACE((#2630));
#2632=IFCPOLYLOOP((#2628,#2535,#2565));
#2633=IFCFACEOUTERBOUND(#2632,.T.);
#2634=IFCFACE((#2633));
#2635=IFCPOLYLOOP((#2628,#2565,#1821));
#2636=IFCFACEOUTERBOUND(#2635,.T.);
#2637=IFCFACE((#2636));
#2638=IFCPOLYLOOP((#1864,#2628,#1821));
#2639=IFCFACEOUTERBOUND(#2638,.T.);
#2640=IFCFACE((#2639));
#2641=IFCCARTESIANPOINT((7.24,-2.72,7.45111111111112));
#2642=IFCPOLYLOOP((#1864,#2641,#2628));
#2643=IFCFACEOUTERBOUND(#2642,.T.);
#2644=IFCFACE((#2643));
#2645=IFCCARTESIANPOINT((8.0899999,-2.72,0.599999999999999));
#2646=IFCPOLYLOOP((#2645,#2327,#2545));
#2647=IFCFACEOUTERBOUND(#2646,.T.);
#2648=IFCFACE((#2647));
#2649=IFCCARTESIANPOINT((7.39,-3.07,8.28));
#2650=IFCPOLYLOOP((#1864,#1868,#2649));
#2651=IFCFACEOUTERBOUND(#2650,.T.);
#2652=IFCFACE((#2651));
#2653=IFCCARTESIANPOINT((8.0899999,-3.42,8.28));
#2654=IFCPOLYLOOP((#2653,#2649,#1868));
#2655=IFCFACEOUTERBOUND(#2654,.T.);
#2656=IFCFACE((#2655));
#2657=IFCCARTESIANPOINT((7.39,-2.72,8.28));
#2658=IFCPOLYLOOP((#2657,#1864,#2649));
#2659=IFCFACEOUTERBOUND(#2658,.T.);
#2660=IFCFACE((#2659));
#2661=IFCCARTESIANPOINT((8.09,-3.07,8.28));
#2662=IFCPOLYLOOP((#2661,#2649,#2653));
#2663=IFCFACEOUTERBOUND(#2662,.T.);
#2664=IFCFACE((#2663));
#2665=IFCCARTESIANPOINT((-1.00000000202E-07,-3.42,0.12));
#2666=IFCCARTESIANPOINT((0.849999999999998,-3.42,0.402543978349122));
#2667=IFCCARTESIANPOINT((-1.00000000197E-07,-3.42,0.347334228958053));
#2668=IFCPOLYLOOP((#2665,#2666,#2667));
#2669=IFCFACEOUTERBOUND(#2668,.T.);
#2670=IFCFACE((#2669));
#2671=IFCCARTESIANPOINT((1.35,-3.42,0.948888888888888));
#2672=IFCCARTESIANPOINT((0.849999999999999,-3.42,0.948888888888888));
#2673=IFCPOLYLOOP((#2666,#2671,#2672));
#2674=IFCFACEOUTERBOUND(#2673,.T.);
#2675=IFCFACE((#2674));
#2676=IFCCARTESIANPOINT((1.35,-3.42,1.87777777777778));
#2677=IFCCARTESIANPOINT((0.849999999999997,-3.42,2.80666666666667));
#2678=IFCCARTESIANPOINT((0.849999999999998,-3.42,1.87777777777778));
#2679=IFCPOLYLOOP((#2676,#2677,#2678));
#2680=IFCFACEOUTERBOUND(#2679,.T.);
#2681=IFCFACE((#2680));
#2682=IFCCARTESIANPOINT((1.35,-3.42,2.80666666666667));
#2683=IFCPOLYLOOP((#2676,#2682,#2677));
#2684=IFCFACEOUTERBOUND(#2683,.T.);
#2685=IFCFACE((#2684));
#2686=IFCCARTESIANPOINT((1.35,-3.42,3.73555555555556));
#2687=IFCCARTESIANPOINT((0.849999999999998,-3.42,4.66444444444445));
#2688=IFCCARTESIANPOINT((0.849999999999998,-3.42,3.73555555555556));
#2689=IFCPOLYLOOP((#2686,#2687,#2688));
#2690=IFCFACEOUTERBOUND(#2689,.T.);
#2691=IFCFACE((#2690));
#2692=IFCCARTESIANPOINT((1.35,-3.42,4.66444444444445));
#2693=IFCPOLYLOOP((#2686,#2692,#2687));
#2694=IFCFACEOUTERBOUND(#2693,.T.);
#2695=IFCFACE((#2694));
#2696=IFCCARTESIANPOINT((1.35,-3.42,5.59333333333333));
#2697=IFCCARTESIANPOINT((0.849999999999998,-3.42,6.52222222222223));
#2698=IFCCARTESIANPOINT((0.849999999999998,-3.42,5.59333333333333));
#2699=IFCPOLYLOOP((#2696,#2697,#2698));
#2700=IFCFACEOUTERBOUND(#2699,.T.);
#2701=IFCFACE((#2700));
#2702=IFCCARTESIANPOINT((6.74,-3.42,0.948888888888891));
#2703=IFCPOLYLOOP((#2671,#2702,#2676));
#2704=IFCFACEOUTERBOUND(#2703,.T.);
#2705=IFCFACE((#2704));
#2706=IFCPOLYLOOP((#2666,#2702,#2671));
#2707=IFCFACEOUTERBOUND(#2706,.T.);
#2708=IFCFACE((#2707));
#2709=IFCCARTESIANPOINT((1.35,-3.42,6.52222222222223));
#2710=IFCPOLYLOOP((#2696,#2709,#2697));
#2711=IFCFACEOUTERBOUND(#2710,.T.);
#2712=IFCFACE((#2711));
#2713=IFCCARTESIANPOINT((7.24,-3.42,0.817591339648176));
#2714=IFCPOLYLOOP((#2666,#2713,#2702));
#2715=IFCFACEOUTERBOUND(#2714,.T.);
#2716=IFCFACE((#2715));
#2717=IFCCARTESIANPOINT((7.24,-3.42,0.948888888888891));
#2718=IFCPOLYLOOP((#2713,#2717,#2702));
#2719=IFCFACEOUTERBOUND(#2718,.T.);
#2720=IFCFACE((#2719));
#2721=IFCCARTESIANPOINT((6.74,-3.42,1.87777777777778));
#2722=IFCPOLYLOOP((#2702,#2721,#2676));
#2723=IFCFACEOUTERBOUND(#2722,.T.);
#2724=IFCFACE((#2723));
#2725=IFCCARTESIANPOINT((8.0899999,-3.42,0.599999999999999));
#2726=IFCPOLYLOOP((#2666,#2725,#2713));
#2727=IFCFACEOUTERBOUND(#2726,.T.);
#2728=IFCFACE((#2727));
#2729=IFCCARTESIANPOINT((8.0899999,-3.42,0.872801076048717));
#2730=IFCPOLYLOOP((#2725,#2729,#2713));
#2731=IFCFACEOUTERBOUND(#2730,.T.);
#2732=IFCFACE((#2731));
#2733=IFCCARTESIANPOINT((1.35,-3.42,7.45111111111111));
#2734=IFCPOLYLOOP((#2733,#1817,#1884));
#2735=IFCFACEOUTERBOUND(#2734,.T.);
#2736=IFCFACE((#2735));
#2737=IFCCARTESIANPOINT((6.74,-3.42,2.80666666666667));
#2738=IFCPOLYLOOP((#2721,#2737,#2676));
#2739=IFCFACEOUTERBOUND(#2738,.T.);
#2740=IFCFACE((#2739));
#2741=IFCPOLYLOOP((#2676,#2737,#2682));
#2742=IFCFACEOUTERBOUND(#2741,.T.);
#2743=IFCFACE((#2742));
#2744=IFCCARTESIANPOINT((7.24,-3.42,1.87777777777778));
#2745=IFCCARTESIANPOINT((7.24,-3.42,2.80666666666667));
#2746=IFCPOLYLOOP((#2744,#2745,#2721));
#2747=IFCFACEOUTERBOUND(#2746,.T.);
#2748=IFCFACE((#2747));
#2749=IFCPOLYLOOP((#2721,#2745,#2737));
#2750=IFCFACEOUTERBOUND(#2749,.T.);
#2751=IFCFACE((#2750));
#2752=IFCCARTESIANPOINT((6.74,-3.42,3.73555555555556));
#2753=IFCPOLYLOOP((#2682,#2752,#2686));
#2754=IFCFACEOUTERBOUND(#2753,.T.);
#2755=IFCFACE((#2754));
#2756=IFCPOLYLOOP((#2737,#2752,#2682));
#2757=IFCFACEOUTERBOUND(#2756,.T.);
#2758=IFCFACE((#2757));
#2759=IFCPOLYLOOP((#2686,#2752,#2692));
#2760=IFCFACEOUTERBOUND(#2759,.T.);
#2761=IFCFACE((#2760));
#2762=IFCCARTESIANPOINT((6.74,-3.42,4.66444444444445));
#2763=IFCPOLYLOOP((#2692,#2762,#2696));
#2764=IFCFACEOUTERBOUND(#2763,.T.);
#2765=IFCFACE((#2764));
#2766=IFCCARTESIANPOINT((7.24,-3.42,3.73555555555556));
#2767=IFCPOLYLOOP((#2766,#2762,#2752));
#2768=IFCFACEOUTERBOUND(#2767,.T.);
#2769=IFCFACE((#2768));
#2770=IFCPOLYLOOP((#2752,#2762,#2692));
#2771=IFCFACEOUTERBOUND(#2770,.T.);
#2772=IFCFACE((#2771));
#2773=IFCCARTESIANPOINT((7.24,-3.42,4.66444444444445));
#2774=IFCPOLYLOOP((#2766,#2773,#2762));
#2775=IFCFACEOUTERBOUND(#2774,.T.);
#2776=IFCFACE((#2775));
#2777=IFCCARTESIANPOINT((6.74,-3.42,5.59333333333334));
#2778=IFCPOLYLOOP((#2762,#2777,#2696));
#2779=IFCFACEOUTERBOUND(#2778,.T.);
#2780=IFCFACE((#2779));
#2781=IFCCARTESIANPOINT((6.74,-3.42,6.52222222222223));
#2782=IFCPOLYLOOP((#2777,#2781,#2696));
#2783=IFCFACEOUTERBOUND(#2782,.T.);
#2784=IFCFACE((#2783));
#2785=IFCPOLYLOOP((#2696,#2781,#2709));
#2786=IFCFACEOUTERBOUND(#2785,.T.);
#2787=IFCFACE((#2786));
#2788=IFCCARTESIANPOINT((7.24,-3.42,6.52222222222223));
#2789=IFCPOLYLOOP((#2777,#2788,#2781));
#2790=IFCFACEOUTERBOUND(#2789,.T.);
#2791=IFCFACE((#2790));
#2792=IFCCARTESIANPOINT((7.24,-3.42,5.59333333333334));
#2793=IFCPOLYLOOP((#2792,#2788,#2777));
#2794=IFCFACEOUTERBOUND(#2793,.T.);
#2795=IFCFACE((#2794));
#2796=IFCCARTESIANPOINT((6.74,-3.42,7.45111111111112));
#2797=IFCPOLYLOOP((#2781,#2796,#2709));
#2798=IFCFACEOUTERBOUND(#2797,.T.);
#2799=IFCFACE((#2798));
#2800=IFCPOLYLOOP((#2709,#2796,#2733));
#2801=IFCFACEOUTERBOUND(#2800,.T.);
#2802=IFCFACE((#2801));
#2803=IFCPOLYLOOP((#2733,#2796,#1817));
#2804=IFCFACEOUTERBOUND(#2803,.T.);
#2805=IFCFACE((#2804));
#2806=IFCPOLYLOOP((#2796,#1868,#1817));
#2807=IFCFACEOUTERBOUND(#2806,.T.);
#2808=IFCFACE((#2807));
#2809=IFCCARTESIANPOINT((7.24,-3.42,7.45111111111112));
#2810=IFCPOLYLOOP((#2809,#1868,#2796));
#2811=IFCFACEOUTERBOUND(#2810,.T.);
#2812=IFCFACE((#2811));
#2813=IFCPOLYLOOP((#2665,#2725,#2666));
#2814=IFCFACEOUTERBOUND(#2813,.T.);
#2815=IFCFACE((#2814));
#2816=IFCPOLYLOOP((#1964,#1872,#2224));
#2817=IFCFACEOUTERBOUND(#2816,.T.);
#2818=IFCFACE((#2817));
#2819=IFCPOLYLOOP((#2224,#1872,#1873));
#2820=IFCFACEOUTERBOUND(#2819,.T.);
#2821=IFCFACE((#2820));
#2822=IFCPOLYLOOP((#1880,#1892,#1884));
#2823=IFCFACEOUTERBOUND(#2822,.T.);
#2824=IFCFACE((#2823));
#2825=IFCPOLYLOOP((#1884,#1892,#2733));
#2826=IFCFACEOUTERBOUND(#2825,.T.);
#2827=IFCFACE((#2826));
#2828=IFCCARTESIANPOINT((5.55E-16,-3.07,0.347334235453317));
#2829=IFCPOLYLOOP((#1929,#2828,#2667));
#2830=IFCFACEOUTERBOUND(#2829,.T.);
#2831=IFCFACE((#2830));
#2832=IFCPOLYLOOP((#2667,#1949,#1929));
#2833=IFCFACEOUTERBOUND(#2832,.T.);
#2834=IFCFACE((#2833));
#2835=IFCPOLYLOOP((#2828,#2010,#2106));
#2836=IFCFACEOUTERBOUND(#2835,.T.);
#2837=IFCFACE((#2836));
#2838=IFCPOLYLOOP((#2010,#2097,#2106));
#2839=IFCFACEOUTERBOUND(#2838,.T.);
#2840=IFCFACE((#2839));
#2841=IFCPOLYLOOP((#2667,#2666,#1949));
#2842=IFCFACEOUTERBOUND(#2841,.T.);
#2843=IFCFACE((#2842));
#2844=IFCPOLYLOOP((#1929,#2010,#2828));
#2845=IFCFACEOUTERBOUND(#2844,.T.);
#2846=IFCFACE((#2845));
#2847=IFCPOLYLOOP((#1937,#1949,#2672));
#2848=IFCFACEOUTERBOUND(#2847,.T.);
#2849=IFCFACE((#2848));
#2850=IFCPOLYLOOP((#2672,#1949,#2666));
#2851=IFCFACEOUTERBOUND(#2850,.T.);
#2852=IFCFACE((#2851));
#2853=IFCPOLYLOOP((#1945,#2672,#2671));
#2854=IFCFACEOUTERBOUND(#2853,.T.);
#2855=IFCFACE((#2854));
#2856=IFCPOLYLOOP((#1945,#1937,#2672));
#2857=IFCFACEOUTERBOUND(#2856,.T.);
#2858=IFCFACE((#2857));
#2859=IFCPOLYLOOP((#1938,#1945,#2676));
#2860=IFCFACEOUTERBOUND(#2859,.T.);
#2861=IFCFACE((#2860));
#2862=IFCPOLYLOOP((#2676,#1945,#2671));
#2863=IFCFACEOUTERBOUND(#2862,.T.);
#2864=IFCFACE((#2863));
#2865=IFCPOLYLOOP((#1930,#1938,#2678));
#2866=IFCFACEOUTERBOUND(#2865,.T.);
#2867=IFCFACE((#2866));
#2868=IFCPOLYLOOP((#2678,#1938,#2676));
#2869=IFCFACEOUTERBOUND(#2868,.T.);
#2870=IFCFACE((#2869));
#2871=IFCPOLYLOOP((#1920,#1930,#2677));
#2872=IFCFACEOUTERBOUND(#2871,.T.);
#2873=IFCFACE((#2872));
#2874=IFCPOLYLOOP((#2677,#1930,#2678));
#2875=IFCFACEOUTERBOUND(#2874,.T.);
#2876=IFCFACE((#2875));
#2877=IFCPOLYLOOP((#1925,#2677,#2682));
#2878=IFCFACEOUTERBOUND(#2877,.T.);
#2879=IFCFACE((#2878));
#2880=IFCPOLYLOOP((#1925,#1920,#2677));
#2881=IFCFACEOUTERBOUND(#2880,.T.);
#2882=IFCFACE((#2881));
#2883=IFCPOLYLOOP((#1921,#1925,#2686));
#2884=IFCFACEOUTERBOUND(#2883,.T.);
#2885=IFCFACE((#2884));
#2886=IFCPOLYLOOP((#2686,#1925,#2682));
#2887=IFCFACEOUTERBOUND(#2886,.T.);
#2888=IFCFACE((#2887));
#2889=IFCPOLYLOOP((#1919,#1921,#2688));
#2890=IFCFACEOUTERBOUND(#2889,.T.);
#2891=IFCFACE((#2890));
#2892=IFCPOLYLOOP((#2688,#1921,#2686));
#2893=IFCFACEOUTERBOUND(#2892,.T.);
#2894=IFCFACE((#2893));
#2895=IFCPOLYLOOP((#1907,#1919,#2687));
#2896=IFCFACEOUTERBOUND(#2895,.T.);
#2897=IFCFACE((#2896));
#2898=IFCPOLYLOOP((#2687,#1919,#2688));
#2899=IFCFACEOUTERBOUND(#2898,.T.);
#2900=IFCFACE((#2899));
#2901=IFCPOLYLOOP((#1911,#2687,#2692));
#2902=IFCFACEOUTERBOUND(#2901,.T.);
#2903=IFCFACE((#2902));
#2904=IFCPOLYLOOP((#1911,#1907,#2687));
#2905=IFCFACEOUTERBOUND(#2904,.T.);
#2906=IFCFACE((#2905));
#2907=IFCPOLYLOOP((#1912,#1911,#2696));
#2908=IFCFACEOUTERBOUND(#2907,.T.);
#2909=IFCFACE((#2908));
#2910=IFCPOLYLOOP((#2696,#1911,#2692));
#2911=IFCFACEOUTERBOUND(#2910,.T.);
#2912=IFCFACE((#2911));
#2913=IFCPOLYLOOP((#1903,#1912,#2698));
#2914=IFCFACEOUTERBOUND(#2913,.T.);
#2915=IFCFACE((#2914));
#2916=IFCPOLYLOOP((#2698,#1912,#2696));
#2917=IFCFACEOUTERBOUND(#2916,.T.);
#2918=IFCFACE((#2917));
#2919=IFCPOLYLOOP((#1891,#2698,#2697));
#2920=IFCFACEOUTERBOUND(#2919,.T.);
#2921=IFCFACE((#2920));
#2922=IFCPOLYLOOP((#1891,#1903,#2698));
#2923=IFCFACEOUTERBOUND(#2922,.T.);
#2924=IFCFACE((#2923));
#2925=IFCPOLYLOOP((#1899,#2697,#2709));
#2926=IFCFACEOUTERBOUND(#2925,.T.);
#2927=IFCFACE((#2926));
#2928=IFCPOLYLOOP((#1899,#1891,#2697));
#2929=IFCFACEOUTERBOUND(#2928,.T.);
#2930=IFCFACE((#2929));
#2931=IFCPOLYLOOP((#1892,#1899,#2733));
#2932=IFCFACEOUTERBOUND(#2931,.T.);
#2933=IFCFACE((#2932));
#2934=IFCPOLYLOOP((#2733,#1899,#2709));
#2935=IFCFACEOUTERBOUND(#2934,.T.);
#2936=IFCFACE((#2935));
#2937=IFCPOLYLOOP((#1962,#1964,#2209));
#2938=IFCFACEOUTERBOUND(#2937,.T.);
#2939=IFCFACE((#2938));
#2940=IFCPOLYLOOP((#2209,#1964,#2224));
#2941=IFCFACEOUTERBOUND(#2940,.T.);
#2942=IFCFACE((#2941));
#2943=IFCPOLYLOOP((#1963,#2209,#2217));
#2944=IFCFACEOUTERBOUND(#2943,.T.);
#2945=IFCFACE((#2944));
#2946=IFCPOLYLOOP((#1963,#1962,#2209));
#2947=IFCFACEOUTERBOUND(#2946,.T.);
#2948=IFCFACE((#2947));
#2949=IFCPOLYLOOP((#1974,#2217,#2216));
#2950=IFCFACEOUTERBOUND(#2949,.T.);
#2951=IFCFACE((#2950));
#2952=IFCPOLYLOOP((#1974,#1963,#2217));
#2953=IFCFACEOUTERBOUND(#2952,.T.);
#2954=IFCFACE((#2953));
#2955=IFCPOLYLOOP((#1978,#1974,#2199));
#2956=IFCFACEOUTERBOUND(#2955,.T.);
#2957=IFCFACE((#2956));
#2958=IFCPOLYLOOP((#2199,#1974,#2216));
#2959=IFCFACEOUTERBOUND(#2958,.T.);
#2960=IFCFACE((#2959));
#2961=IFCPOLYLOOP((#1979,#2199,#2188));
#2962=IFCFACEOUTERBOUND(#2961,.T.);
#2963=IFCFACE((#2962));
#2964=IFCPOLYLOOP((#1979,#1978,#2199));
#2965=IFCFACEOUTERBOUND(#2964,.T.);
#2966=IFCFACE((#2965));
#2967=IFCPOLYLOOP((#1983,#2188,#2195));
#2968=IFCFACEOUTERBOUND(#2967,.T.);
#2969=IFCFACE((#2968));
#2970=IFCPOLYLOOP((#1983,#1979,#2188));
#2971=IFCFACEOUTERBOUND(#2970,.T.);
#2972=IFCFACE((#2971));
#2973=IFCPOLYLOOP((#1996,#2195,#2187));
#2974=IFCFACEOUTERBOUND(#2973,.T.);
#2975=IFCFACE((#2974));
#2976=IFCPOLYLOOP((#1996,#1983,#2195));
#2977=IFCFACEOUTERBOUND(#2976,.T.);
#2978=IFCFACE((#2977));
#2979=IFCPOLYLOOP((#1992,#1996,#2172));
#2980=IFCFACEOUTERBOUND(#2979,.T.);
#2981=IFCFACE((#2980));
#2982=IFCPOLYLOOP((#2172,#1996,#2187));
#2983=IFCFACEOUTERBOUND(#2982,.T.);
#2984=IFCFACE((#2983));
#2985=IFCPOLYLOOP((#1990,#2172,#2142));
#2986=IFCFACEOUTERBOUND(#2985,.T.);
#2987=IFCFACE((#2986));
#2988=IFCPOLYLOOP((#1990,#1992,#2172));
#2989=IFCFACEOUTERBOUND(#2988,.T.);
#2990=IFCFACE((#2989));
#2991=IFCPOLYLOOP((#1991,#2142,#2158));
#2992=IFCFACEOUTERBOUND(#2991,.T.);
#2993=IFCFACE((#2992));
#2994=IFCPOLYLOOP((#1991,#1990,#2142));
#2995=IFCFACEOUTERBOUND(#2994,.T.);
#2996=IFCFACE((#2995));
#2997=IFCPOLYLOOP((#2002,#1991,#2146));
#2998=IFCFACEOUTERBOUND(#2997,.T.);
#2999=IFCFACE((#2998));
#3000=IFCPOLYLOOP((#2146,#1991,#2158));
#3001=IFCFACEOUTERBOUND(#3000,.T.);
#3002=IFCFACE((#3001));
#3003=IFCPOLYLOOP((#2000,#2002,#2129));
#3004=IFCFACEOUTERBOUND(#3003,.T.);
#3005=IFCFACE((#3004));
#3006=IFCPOLYLOOP((#2129,#2002,#2146));
#3007=IFCFACEOUTERBOUND(#3006,.T.);
#3008=IFCFACE((#3007));
#3009=IFCPOLYLOOP((#2001,#2129,#2102));
#3010=IFCFACEOUTERBOUND(#3009,.T.);
#3011=IFCFACE((#3010));
#3012=IFCPOLYLOOP((#2001,#2000,#2129));
#3013=IFCFACEOUTERBOUND(#3012,.T.);
#3014=IFCFACE((#3013));
#3015=IFCPOLYLOOP((#2006,#2102,#2121));
#3016=IFCFACEOUTERBOUND(#3015,.T.);
#3017=IFCFACE((#3016));
#3018=IFCPOLYLOOP((#2006,#2001,#2102));
#3019=IFCFACEOUTERBOUND(#3018,.T.);
#3020=IFCFACE((#3019));
#3021=IFCPOLYLOOP((#2010,#2006,#2097));
#3022=IFCFACEOUTERBOUND(#3021,.T.);
#3023=IFCFACE((#3022));
#3024=IFCPOLYLOOP((#2097,#2006,#2121));
#3025=IFCFACEOUTERBOUND(#3024,.T.);
#3026=IFCFACE((#3025));
#3027=IFCPOLYLOOP((#2400,#2228,#2244));
#3028=IFCFACEOUTERBOUND(#3027,.T.);
#3029=IFCFACE((#3028));
#3030=IFCPOLYLOOP((#2163,#2228,#2400));
#3031=IFCFACEOUTERBOUND(#3030,.T.);
#3032=IFCFACE((#3031));
#3033=IFCPOLYLOOP((#2163,#2400,#2406));
#3034=IFCFACEOUTERBOUND(#3033,.T.);
#3035=IFCFACE((#3034));
#3036=IFCPOLYLOOP((#2168,#2163,#2406));
#3037=IFCFACEOUTERBOUND(#3036,.T.);
#3038=IFCFACE((#3037));
#3039=IFCCARTESIANPOINT((-0.0626604038282733,2.57,8.28));
#3040=IFCCARTESIANPOINT((-0.0626604038282733,2.56999999999999,7.45111111111111));
#3041=IFCPOLYLOOP((#3039,#3040,#2168));
#3042=IFCFACEOUTERBOUND(#3041,.T.);
#3043=IFCFACE((#3042));
#3044=IFCPOLYLOOP((#2168,#3040,#2164));
#3045=IFCFACEOUTERBOUND(#3044,.T.);
#3046=IFCFACE((#3045));
#3047=IFCCARTESIANPOINT((-0.0626604038282733,2.07,7.45111111111111));
#3048=IFCPOLYLOOP((#3040,#3047,#2164));
#3049=IFCFACEOUTERBOUND(#3048,.T.);
#3050=IFCFACE((#3049));
#3051=IFCPOLYLOOP((#2164,#3047,#2162));
#3052=IFCFACEOUTERBOUND(#3051,.T.);
#3053=IFCFACE((#3052));
#3054=IFCPOLYLOOP((#3047,#2133,#2162));
#3055=IFCFACEOUTERBOUND(#3054,.T.);
#3056=IFCFACE((#3055));
#3057=IFCCARTESIANPOINT((-0.0626604038282733,2.07,6.52222222222222));
#3058=IFCPOLYLOOP((#3047,#3057,#2133));
#3059=IFCFACEOUTERBOUND(#3058,.T.);
#3060=IFCFACE((#3059));
#3061=IFCPOLYLOOP((#3057,#2138,#2133));
#3062=IFCFACEOUTERBOUND(#3061,.T.);
#3063=IFCFACE((#3062));
#3064=IFCCARTESIANPOINT((-0.0626604038282733,2.57,6.52222222222222));
#3065=IFCPOLYLOOP((#3057,#3064,#2138));
#3066=IFCFACEOUTERBOUND(#3065,.T.);
#3067=IFCFACE((#3066));
#3068=IFCCARTESIANPOINT((-0.0626604038282733,2.57,5.59333333333334));
#3069=IFCPOLYLOOP((#3064,#3068,#2138));
#3070=IFCFACEOUTERBOUND(#3069,.T.);
#3071=IFCFACE((#3070));
#3072=IFCPOLYLOOP((#2138,#3068,#2134));
#3073=IFCFACEOUTERBOUND(#3072,.T.);
#3074=IFCFACE((#3073));
#3075=IFCCARTESIANPOINT((-0.0626604038282733,2.06999999999999,5.59333333333334));
#3076=IFCPOLYLOOP((#3068,#3075,#2134));
#3077=IFCFACEOUTERBOUND(#3076,.T.);
#3078=IFCFACE((#3077));
#3079=IFCPOLYLOOP((#2134,#3075,#2125));
#3080=IFCFACEOUTERBOUND(#3079,.T.);
#3081=IFCFACE((#3080));
#3082=IFCCARTESIANPOINT((-0.0626604038282733,2.06999999999999,4.66444444444445));
#3083=IFCPOLYLOOP((#3075,#3082,#2125));
#3084=IFCFACEOUTERBOUND(#3083,.T.);
#3085=IFCFACE((#3084));
#3086=IFCPOLYLOOP((#2125,#3082,#2092));
#3087=IFCFACEOUTERBOUND(#3086,.T.);
#3088=IFCFACE((#3087));
#3089=IFCPOLYLOOP((#3082,#2068,#2092));
#3090=IFCFACEOUTERBOUND(#3089,.T.);
#3091=IFCFACE((#3090));
#3092=IFCCARTESIANPOINT((-0.0626604038282733,2.57,4.66444444444445));
#3093=IFCPOLYLOOP((#3082,#3092,#2068));
#3094=IFCFACEOUTERBOUND(#3093,.T.);
#3095=IFCFACE((#3094));
#3096=IFCCARTESIANPOINT((-0.0626604038282733,2.56999999999999,3.73555555555556));
#3097=IFCPOLYLOOP((#3092,#3096,#2068));
#3098=IFCFACEOUTERBOUND(#3097,.T.);
#3099=IFCFACE((#3098));
#3100=IFCPOLYLOOP((#2068,#3096,#2069));
#3101=IFCFACEOUTERBOUND(#3100,.T.);
#3102=IFCFACE((#3101));
#3103=IFCCARTESIANPOINT((-0.0626604038282733,2.07,3.73555555555556));
#3104=IFCPOLYLOOP((#3096,#3103,#2069));
#3105=IFCFACEOUTERBOUND(#3104,.T.);
#3106=IFCFACE((#3105));
#3107=IFCPOLYLOOP((#2069,#3103,#2067));
#3108=IFCFACEOUTERBOUND(#3107,.T.);
#3109=IFCFACE((#3108));
#3110=IFCCARTESIANPOINT((-0.0626604038282733,2.07,2.80666666666667));
#3111=IFCPOLYLOOP((#3103,#3110,#2067));
#3112=IFCFACEOUTERBOUND(#3111,.T.);
#3113=IFCFACE((#3112));
#3114=IFCPOLYLOOP((#2067,#3110,#2048));
#3115=IFCFACEOUTERBOUND(#3114,.T.);
#3116=IFCFACE((#3115));
#3117=IFCPOLYLOOP((#3110,#2053,#2048));
#3118=IFCFACEOUTERBOUND(#3117,.T.);
#3119=IFCFACE((#3118));
#3120=IFCCARTESIANPOINT((-0.0626604038282733,2.57,2.80666666666667));
#3121=IFCPOLYLOOP((#3110,#3120,#2053));
#3122=IFCFACEOUTERBOUND(#3121,.T.);
#3123=IFCFACE((#3122));
#3124=IFCCARTESIANPOINT((-0.0626604038282733,2.57,1.87777777777778));
#3125=IFCPOLYLOOP((#3120,#3124,#2053));
#3126=IFCFACEOUTERBOUND(#3125,.T.);
#3127=IFCFACE((#3126));
#3128=IFCPOLYLOOP((#2053,#3124,#2049));
#3129=IFCFACEOUTERBOUND(#3128,.T.);
#3130=IFCFACE((#3129));
#3131=IFCCARTESIANPOINT((-0.0626604038282733,2.06999999999999,1.87777777777778));
#3132=IFCPOLYLOOP((#3124,#3131,#2049));
#3133=IFCFACEOUTERBOUND(#3132,.T.);
#3134=IFCFACE((#3133));
#3135=IFCPOLYLOOP((#2049,#3131,#2047));
#3136=IFCFACEOUTERBOUND(#3135,.T.);
#3137=IFCFACE((#3136));
#3138=IFCCARTESIANPOINT((-0.0626604038282733,2.06999999999999,0.948888888888888));
#3139=IFCPOLYLOOP((#3131,#3138,#2047));
#3140=IFCFACEOUTERBOUND(#3139,.T.);
#3141=IFCFACE((#3140));
#3142=IFCPOLYLOOP((#2047,#3138,#2035));
#3143=IFCFACEOUTERBOUND(#3142,.T.);
#3144=IFCFACE((#3143));
#3145=IFCPOLYLOOP((#3138,#2036,#2035));
#3146=IFCFACEOUTERBOUND(#3145,.T.);
#3147=IFCFACE((#3146));
#3148=IFCCARTESIANPOINT((-0.0626604038282733,2.57,0.948888888888888));
#3149=IFCPOLYLOOP((#3138,#3148,#2036));
#3150=IFCFACEOUTERBOUND(#3149,.T.);
#3151=IFCFACE((#3150));
#3152=IFCPOLYLOOP((#3148,#2030,#2036));
#3153=IFCFACEOUTERBOUND(#3152,.T.);
#3154=IFCFACE((#3153));
#3155=IFCCARTESIANPOINT((-0.0626604038282733,2.56999999999999,0.343264276882603));
#3156=IFCPOLYLOOP((#3148,#3155,#2030));
#3157=IFCFACEOUTERBOUND(#3156,.T.);
#3158=IFCFACE((#3157));
#3159=IFCPOLYLOOP((#3155,#2031,#2030));
#3160=IFCFACEOUTERBOUND(#3159,.T.);
#3161=IFCFACE((#3160));
#3162=IFCCARTESIANPOINT((-8.08E-16,3.07,0.347334235453316));
#3163=IFCPOLYLOOP((#3155,#3162,#2031));
#3164=IFCFACEOUTERBOUND(#3163,.T.);
#3165=IFCFACE((#3164));
#3166=IFCCARTESIANPOINT((-0.0626604038282732,3.49,0.343264276882602));
#3167=IFCCARTESIANPOINT((-1.E-07,3.42,0.347334228958052));
#3168=IFCPOLYLOOP((#3162,#3166,#3167));
#3169=IFCFACEOUTERBOUND(#3168,.T.);
#3170=IFCFACE((#3169));
#3171=IFCCARTESIANPOINT((0.849999999999999,3.49000000000001,0.402543978349121));
#3172=IFCCARTESIANPOINT((0.849999999999998,3.42,0.402543978349121));
#3173=IFCPOLYLOOP((#3167,#3171,#3172));
#3174=IFCFACEOUTERBOUND(#3173,.T.);
#3175=IFCFACE((#3174));
#3176=IFCPOLYLOOP((#3166,#3171,#3167));
#3177=IFCFACEOUTERBOUND(#3176,.T.);
#3178=IFCFACE((#3177));
#3179=IFCPOLYLOOP((#3155,#3166,#3162));
#3180=IFCFACEOUTERBOUND(#3179,.T.);
#3181=IFCFACE((#3180));
#3182=IFCCARTESIANPOINT((0.,3.07,0.119999999999999));
#3183=IFCPOLYLOOP((#3162,#3182,#2031));
#3184=IFCFACEOUTERBOUND(#3183,.T.);
#3185=IFCFACE((#3184));
#3186=IFCPOLYLOOP((#2031,#3182,#2029));
#3187=IFCFACEOUTERBOUND(#3186,.T.);
#3188=IFCFACE((#3187));
#3189=IFCPOLYLOOP((#2029,#3182,#2252));
#3190=IFCFACEOUTERBOUND(#3189,.T.);
#3191=IFCFACE((#3190));
#3192=IFCPOLYLOOP((#2267,#2029,#2252));
#3193=IFCFACEOUTERBOUND(#3192,.T.);
#3194=IFCFACE((#3193));
#3195=IFCPOLYLOOP((#2040,#2029,#2267));
#3196=IFCFACEOUTERBOUND(#3195,.T.);
#3197=IFCFACE((#3196));
#3198=IFCPOLYLOOP((#2057,#2267,#2287));
#3199=IFCFACEOUTERBOUND(#3198,.T.);
#3200=IFCFACE((#3199));
#3201=IFCPOLYLOOP((#2057,#2040,#2267));
#3202=IFCFACEOUTERBOUND(#3201,.T.);
#3203=IFCFACE((#3202));
#3204=IFCPOLYLOOP((#2073,#2057,#2287));
#3205=IFCFACEOUTERBOUND(#3204,.T.);
#3206=IFCFACE((#3205));
#3207=IFCPOLYLOOP((#2073,#2287,#2303));
#3208=IFCFACEOUTERBOUND(#3207,.T.);
#3209=IFCFACE((#3208));
#3210=IFCPOLYLOOP((#2077,#2303,#2307));
#3211=IFCFACEOUTERBOUND(#3210,.T.);
#3212=IFCFACE((#3211));
#3213=IFCPOLYLOOP((#2077,#2073,#2303));
#3214=IFCFACEOUTERBOUND(#3213,.T.);
#3215=IFCFACE((#3214));
#3216=IFCPOLYLOOP((#2084,#2307,#2314));
#3217=IFCFACEOUTERBOUND(#3216,.T.);
#3218=IFCFACE((#3217));
#3219=IFCPOLYLOOP((#2084,#2077,#2307));
#3220=IFCFACEOUTERBOUND(#3219,.T.);
#3221=IFCFACE((#3220));
#3222=IFCPOLYLOOP((#2088,#2314,#2318));
#3223=IFCFACEOUTERBOUND(#3222,.T.);
#3224=IFCFACE((#3223));
#3225=IFCPOLYLOOP((#2088,#2084,#2314));
#3226=IFCFACEOUTERBOUND(#3225,.T.);
#3227=IFCFACE((#3226));
#3228=IFCPOLYLOOP((#2340,#2110,#2318));
#3229=IFCFACEOUTERBOUND(#3228,.T.);
#3230=IFCFACE((#3229));
#3231=IFCPOLYLOOP((#2110,#2088,#2318));
#3232=IFCFACEOUTERBOUND(#3231,.T.);
#3233=IFCFACE((#3232));
#3234=IFCPOLYLOOP((#2412,#2177,#2340));
#3235=IFCFACEOUTERBOUND(#3234,.T.);
#3236=IFCFACE((#3235));
#3237=IFCPOLYLOOP((#2177,#2110,#2340));
#3238=IFCFACEOUTERBOUND(#3237,.T.);
#3239=IFCFACE((#3238));
#3240=IFCPOLYLOOP((#2173,#2177,#2412));
#3241=IFCFACEOUTERBOUND(#3240,.T.);
#3242=IFCFACE((#3241));
#3243=IFCPOLYLOOP((#2173,#2412,#2411));
#3244=IFCFACEOUTERBOUND(#3243,.T.);
#3245=IFCFACE((#3244));
#3246=IFCPOLYLOOP((#2154,#2411,#2386));
#3247=IFCFACEOUTERBOUND(#3246,.T.);
#3248=IFCFACE((#3247));
#3249=IFCPOLYLOOP((#2154,#2173,#2411));
#3250=IFCFACEOUTERBOUND(#3249,.T.);
#3251=IFCFACE((#3250));
#3252=IFCPOLYLOOP((#2150,#2386,#2385));
#3253=IFCFACEOUTERBOUND(#3252,.T.);
#3254=IFCFACE((#3253));
#3255=IFCPOLYLOOP((#2150,#2154,#2386));
#3256=IFCFACEOUTERBOUND(#3255,.T.);
#3257=IFCFACE((#3256));
#3258=IFCPOLYLOOP((#2117,#2385,#2351));
#3259=IFCFACEOUTERBOUND(#3258,.T.);
#3260=IFCFACE((#3259));
#3261=IFCPOLYLOOP((#2117,#2150,#2385));
#3262=IFCFACEOUTERBOUND(#3261,.T.);
#3263=IFCFACE((#3262));
#3264=IFCPOLYLOOP((#2098,#2117,#2328));
#3265=IFCFACEOUTERBOUND(#3264,.T.);
#3266=IFCFACE((#3265));
#3267=IFCPOLYLOOP((#2328,#2117,#2351));
#3268=IFCFACEOUTERBOUND(#3267,.T.);
#3269=IFCFACE((#3268));
#3270=IFCPOLYLOOP((#2096,#2098,#2328));
#3271=IFCFACEOUTERBOUND(#3270,.T.);
#3272=IFCFACE((#3271));
#3273=IFCPOLYLOOP((#2096,#2328,#2347));
#3274=IFCFACEOUTERBOUND(#3273,.T.);
#3275=IFCFACE((#3274));
#3276=IFCCARTESIANPOINT((0.,-3.07,0.120000000000001));
#3277=IFCPOLYLOOP((#3276,#2096,#2347));
#3278=IFCFACEOUTERBOUND(#3277,.T.);
#3279=IFCFACE((#3278));
#3280=IFCPOLYLOOP((#2828,#2106,#3276));
#3281=IFCFACEOUTERBOUND(#3280,.T.);
#3282=IFCFACE((#3281));
#3283=IFCPOLYLOOP((#2106,#2096,#3276));
#3284=IFCFACEOUTERBOUND(#3283,.T.);
#3285=IFCFACE((#3284));
#3286=IFCCARTESIANPOINT((0.849999999999997,2.57,8.28));
#3287=IFCPOLYLOOP((#2406,#2402,#3286));
#3288=IFCFACEOUTERBOUND(#3287,.T.);
#3289=IFCFACE((#3288));
#3290=IFCCARTESIANPOINT((0.849999999999997,2.57,7.45111111111111));
#3291=IFCPOLYLOOP((#3286,#2402,#3290));
#3292=IFCFACEOUTERBOUND(#3291,.T.);
#3293=IFCFACE((#3292));
#3294=IFCCARTESIANPOINT((0.849999999999997,2.06999999999999,7.45111111111111));
#3295=IFCPOLYLOOP((#2402,#3294,#3290));
#3296=IFCFACEOUTERBOUND(#3295,.T.);
#3297=IFCFACE((#3296));
#3298=IFCPOLYLOOP((#2402,#2401,#3294));
#3299=IFCFACEOUTERBOUND(#3298,.T.);
#3300=IFCFACE((#3299));
#3301=IFCCARTESIANPOINT((0.849999999999998,2.06999999999999,6.52222222222223));
#3302=IFCCARTESIANPOINT((0.987339596171726,2.07,7.45111111111111));
#3303=IFCPOLYLOOP((#3294,#3301,#3302));
#3304=IFCFACEOUTERBOUND(#3303,.T.);
#3305=IFCFACE((#3304));
#3306=IFCCARTESIANPOINT((0.987339596171727,2.06999999999999,6.52222222222222));
#3307=IFCPOLYLOOP((#3302,#3301,#3306));
#3308=IFCFACEOUTERBOUND(#3307,.T.);
#3309=IFCFACE((#3308));
#3310=IFCPOLYLOOP((#2401,#2371,#3294));
#3311=IFCFACEOUTERBOUND(#3310,.T.);
#3312=IFCFACE((#3311));
#3313=IFCPOLYLOOP((#3294,#2371,#3301));
#3314=IFCFACEOUTERBOUND(#3313,.T.);
#3315=IFCFACE((#3314));
#3316=IFCPOLYLOOP((#2371,#2376,#3301));
#3317=IFCFACEOUTERBOUND(#3316,.T.);
#3318=IFCFACE((#3317));
#3319=IFCCARTESIANPOINT((0.849999999999998,2.57,6.52222222222223));
#3320=IFCPOLYLOOP((#3301,#2376,#3319));
#3321=IFCFACEOUTERBOUND(#3320,.T.);
#3322=IFCFACE((#3321));
#3323=IFCPOLYLOOP((#2376,#2372,#3319));
#3324=IFCFACEOUTERBOUND(#3323,.T.);
#3325=IFCFACE((#3324));
#3326=IFCCARTESIANPOINT((0.849999999999998,2.57,5.59333333333334));
#3327=IFCPOLYLOOP((#3319,#2372,#3326));
#3328=IFCFACEOUTERBOUND(#3327,.T.);
#3329=IFCFACE((#3328));
#3330=IFCCARTESIANPOINT((0.849999999999998,2.07,5.59333333333334));
#3331=IFCPOLYLOOP((#2372,#3330,#3326));
#3332=IFCFACEOUTERBOUND(#3331,.T.);
#3333=IFCFACE((#3332));
#3334=IFCPOLYLOOP((#2372,#2363,#3330));
#3335=IFCFACEOUTERBOUND(#3334,.T.);
#3336=IFCFACE((#3335));
#3337=IFCCARTESIANPOINT((0.987339596171726,2.07,4.66444444444445));
#3338=IFCCARTESIANPOINT((0.987339596171727,2.06999999999999,5.59333333333334));
#3339=IFCPOLYLOOP((#3330,#3337,#3338));
#3340=IFCFACEOUTERBOUND(#3339,.T.);
#3341=IFCFACE((#3340));
#3342=IFCCARTESIANPOINT((0.849999999999998,2.06999999999999,4.66444444444445));
#3343=IFCPOLYLOOP((#2363,#3342,#3330));
#3344=IFCFACEOUTERBOUND(#3343,.T.);
#3345=IFCFACE((#3344));
#3346=IFCPOLYLOOP((#3330,#3342,#3337));
#3347=IFCFACEOUTERBOUND(#3346,.T.);
#3348=IFCFACE((#3347));
#3349=IFCPOLYLOOP((#2363,#2322,#3342));
#3350=IFCFACEOUTERBOUND(#3349,.T.);
#3351=IFCFACE((#3350));
#3352=IFCPOLYLOOP((#2322,#2297,#3342));
#3353=IFCFACEOUTERBOUND(#3352,.T.);
#3354=IFCFACE((#3353));
#3355=IFCCARTESIANPOINT((0.849999999999998,2.57,4.66444444444445));
#3356=IFCPOLYLOOP((#3342,#2297,#3355));
#3357=IFCFACEOUTERBOUND(#3356,.T.);
#3358=IFCFACE((#3357));
#3359=IFCPOLYLOOP((#2297,#2299,#3355));
#3360=IFCFACEOUTERBOUND(#3359,.T.);
#3361=IFCFACE((#3360));
#3362=IFCCARTESIANPOINT((0.849999999999998,2.56999999999999,3.73555555555556));
#3363=IFCPOLYLOOP((#3355,#2299,#3362));
#3364=IFCFACEOUTERBOUND(#3363,.T.);
#3365=IFCFACE((#3364));
#3366=IFCCARTESIANPOINT((0.849999999999998,2.06999999999999,3.73555555555556));
#3367=IFCPOLYLOOP((#2299,#3366,#3362));
#3368=IFCFACEOUTERBOUND(#3367,.T.);
#3369=IFCFACE((#3368));
#3370=IFCPOLYLOOP((#2299,#2298,#3366));
#3371=IFCFACEOUTERBOUND(#3370,.T.);
#3372=IFCFACE((#3371));
#3373=IFCCARTESIANPOINT((0.987339596171727,2.07,2.80666666666667));
#3374=IFCCARTESIANPOINT((0.987339596171727,2.07,3.73555555555556));
#3375=IFCPOLYLOOP((#3366,#3373,#3374));
#3376=IFCFACEOUTERBOUND(#3375,.T.);
#3377=IFCFACE((#3376));
#3378=IFCCARTESIANPOINT((0.849999999999997,2.06999999999999,2.80666666666667));
#3379=IFCPOLYLOOP((#2298,#3378,#3366));
#3380=IFCFACEOUTERBOUND(#3379,.T.);
#3381=IFCFACE((#3380));
#3382=IFCPOLYLOOP((#3366,#3378,#3373));
#3383=IFCFACEOUTERBOUND(#3382,.T.);
#3384=IFCFACE((#3383));
#3385=IFCPOLYLOOP((#2298,#2277,#3378));
#3386=IFCFACEOUTERBOUND(#3385,.T.);
#3387=IFCFACE((#3386));
#3388=IFCPOLYLOOP((#2277,#2283,#3378));
#3389=IFCFACEOUTERBOUND(#3388,.T.);
#3390=IFCFACE((#3389));
#3391=IFCCARTESIANPOINT((0.849999999999997,2.57,2.80666666666667));
#3392=IFCPOLYLOOP((#3378,#2283,#3391));
#3393=IFCFACEOUTERBOUND(#3392,.T.);
#3394=IFCFACE((#3393));
#3395=IFCPOLYLOOP((#2283,#2279,#3391));
#3396=IFCFACEOUTERBOUND(#3395,.T.);
#3397=IFCFACE((#3396));
#3398=IFCCARTESIANPOINT((0.849999999999998,2.56999999999999,1.87777777777778));
#3399=IFCPOLYLOOP((#3391,#2279,#3398));
#3400=IFCFACEOUTERBOUND(#3399,.T.);
#3401=IFCFACE((#3400));
#3402=IFCCARTESIANPOINT((0.849999999999998,2.06999999999999,1.87777777777778));
#3403=IFCPOLYLOOP((#2279,#3402,#3398));
#3404=IFCFACEOUTERBOUND(#3403,.T.);
#3405=IFCFACE((#3404));
#3406=IFCPOLYLOOP((#2279,#2278,#3402));
#3407=IFCFACEOUTERBOUND(#3406,.T.);
#3408=IFCFACE((#3407));
#3409=IFCCARTESIANPOINT((0.987339596171727,2.07,0.948888888888889));
#3410=IFCCARTESIANPOINT((0.987339596171726,2.07,1.87777777777778));
#3411=IFCPOLYLOOP((#3402,#3409,#3410));
#3412=IFCFACEOUTERBOUND(#3411,.T.);
#3413=IFCFACE((#3412));
#3414=IFCCARTESIANPOINT((0.849999999999999,2.06999999999999,0.948888888888888));
#3415=IFCPOLYLOOP((#2278,#3414,#3402));
#3416=IFCFACEOUTERBOUND(#3415,.T.);
#3417=IFCFACE((#3416));
#3418=IFCPOLYLOOP((#3402,#3414,#3409));
#3419=IFCFACEOUTERBOUND(#3418,.T.);
#3420=IFCFACE((#3419));
#3421=IFCPOLYLOOP((#2278,#2262,#3414));
#3422=IFCFACEOUTERBOUND(#3421,.T.);
#3423=IFCFACE((#3422));
#3424=IFCPOLYLOOP((#2262,#2263,#3414));
#3425=IFCFACEOUTERBOUND(#3424,.T.);
#3426=IFCFACE((#3425));
#3427=IFCCARTESIANPOINT((0.849999999999999,2.57,0.948888888888888));
#3428=IFCPOLYLOOP((#3414,#2263,#3427));
#3429=IFCFACEOUTERBOUND(#3428,.T.);
#3430=IFCFACE((#3429));
#3431=IFCCARTESIANPOINT((0.849999999999999,2.57,0.402543978349121));
#3432=IFCPOLYLOOP((#2263,#3431,#3427));
#3433=IFCFACEOUTERBOUND(#3432,.T.);
#3434=IFCFACE((#3433));
#3435=IFCPOLYLOOP((#2263,#2257,#3431));
#3436=IFCFACEOUTERBOUND(#3435,.T.);
#3437=IFCFACE((#3436));
#3438=IFCPOLYLOOP((#2258,#3431,#2257));
#3439=IFCFACEOUTERBOUND(#3438,.T.);
#3440=IFCFACE((#3439));
#3441=IFCCARTESIANPOINT((0.849999999999998,2.72,0.402543978349121));
#3442=IFCPOLYLOOP((#2258,#3441,#3431));
#3443=IFCFACEOUTERBOUND(#3442,.T.);
#3444=IFCFACE((#3443));
#3445=IFCPOLYLOOP((#2251,#3441,#2258));
#3446=IFCFACEOUTERBOUND(#3445,.T.);
#3447=IFCFACE((#3446));
#3448=IFCCARTESIANPOINT((1.35,2.72,0.948888888888888));
#3449=IFCCARTESIANPOINT((0.849999999999999,2.72,0.948888888888888));
#3450=IFCPOLYLOOP((#3441,#3448,#3449));
#3451=IFCFACEOUTERBOUND(#3450,.T.);
#3452=IFCFACE((#3451));
#3453=IFCPOLYLOOP((#2251,#3448,#3441));
#3454=IFCFACEOUTERBOUND(#3453,.T.);
#3455=IFCFACE((#3454));
#3456=IFCCARTESIANPOINT((1.35,2.72,1.87777777777778));
#3457=IFCCARTESIANPOINT((0.849999999999997,2.72,2.80666666666667));
#3458=IFCCARTESIANPOINT((0.849999999999998,2.72,1.87777777777778));
#3459=IFCPOLYLOOP((#3456,#3457,#3458));
#3460=IFCFACEOUTERBOUND(#3459,.T.);
#3461=IFCFACE((#3460));
#3462=IFCCARTESIANPOINT((1.35,2.72,2.80666666666667));
#3463=IFCPOLYLOOP((#3456,#3462,#3457));
#3464=IFCFACEOUTERBOUND(#3463,.T.);
#3465=IFCFACE((#3464));
#3466=IFCCARTESIANPOINT((1.35,2.72,3.73555555555556));
#3467=IFCCARTESIANPOINT((1.35,2.72,4.66444444444445));
#3468=IFCCARTESIANPOINT((0.849999999999998,2.72,3.73555555555556));
#3469=IFCPOLYLOOP((#3466,#3467,#3468));
#3470=IFCFACEOUTERBOUND(#3469,.T.);
#3471=IFCFACE((#3470));
#3472=IFCCARTESIANPOINT((0.849999999999998,2.72,4.66444444444445));
#3473=IFCPOLYLOOP((#3468,#3467,#3472));
#3474=IFCFACEOUTERBOUND(#3473,.T.);
#3475=IFCFACE((#3474));
#3476=IFCCARTESIANPOINT((1.35,2.72,5.59333333333333));
#3477=IFCCARTESIANPOINT((0.849999999999998,2.72,6.52222222222223));
#3478=IFCCARTESIANPOINT((0.849999999999998,2.72,5.59333333333333));
#3479=IFCPOLYLOOP((#3476,#3477,#3478));
#3480=IFCFACEOUTERBOUND(#3479,.T.);
#3481=IFCFACE((#3480));
#3482=IFCCARTESIANPOINT((6.74,2.72,0.948888888888891));
#3483=IFCPOLYLOOP((#3448,#3482,#3456));
#3484=IFCFACEOUTERBOUND(#3483,.T.);
#3485=IFCFACE((#3484));
#3486=IFCPOLYLOOP((#2251,#3482,#3448));
#3487=IFCFACEOUTERBOUND(#3486,.T.);
#3488=IFCFACE((#3487));
#3489=IFCCARTESIANPOINT((1.35,2.72,6.52222222222223));
#3490=IFCPOLYLOOP((#3476,#3489,#3477));
#3491=IFCFACEOUTERBOUND(#3490,.T.);
#3492=IFCFACE((#3491));
#3493=IFCCARTESIANPOINT((7.3899999,2.72,0.6));
#3494=IFCPOLYLOOP((#2251,#3493,#3482));
#3495=IFCFACEOUTERBOUND(#3494,.T.);
#3496=IFCFACE((#3495));
#3497=IFCCARTESIANPOINT((7.24,2.72,0.817591339648174));
#3498=IFCPOLYLOOP((#3493,#3497,#3482));
#3499=IFCFACEOUTERBOUND(#3498,.T.);
#3500=IFCFACE((#3499));
#3501=IFCCARTESIANPOINT((7.24,2.72,0.948888888888891));
#3502=IFCPOLYLOOP((#3497,#3501,#3482));
#3503=IFCFACEOUTERBOUND(#3502,.T.);
#3504=IFCFACE((#3503));
#3505=IFCCARTESIANPOINT((7.3899999,2.72,0.827334228958052));
#3506=IFCPOLYLOOP((#3493,#3505,#3497));
#3507=IFCFACEOUTERBOUND(#3506,.T.);
#3508=IFCFACE((#3507));
#3509=IFCCARTESIANPOINT((6.74,2.72,1.87777777777778));
#3510=IFCPOLYLOOP((#3482,#3509,#3456));
#3511=IFCFACEOUTERBOUND(#3510,.T.);
#3512=IFCFACE((#3511));
#3513=IFCCARTESIANPOINT((1.35,2.72,7.45111111111111));
#3514=IFCCARTESIANPOINT((0.849999999999997,2.72,8.28));
#3515=IFCCARTESIANPOINT((0.849999999999997,2.72,7.45111111111111));
#3516=IFCPOLYLOOP((#3513,#3514,#3515));
#3517=IFCFACEOUTERBOUND(#3516,.T.);
#3518=IFCFACE((#3517));
#3519=IFCCARTESIANPOINT((6.74,2.72,2.80666666666667));
#3520=IFCPOLYLOOP((#3509,#3519,#3456));
#3521=IFCFACEOUTERBOUND(#3520,.T.);
#3522=IFCFACE((#3521));
#3523=IFCPOLYLOOP((#3456,#3519,#3462));
#3524=IFCFACEOUTERBOUND(#3523,.T.);
#3525=IFCFACE((#3524));
#3526=IFCCARTESIANPOINT((7.24,2.72,1.87777777777778));
#3527=IFCCARTESIANPOINT((7.24,2.72,2.80666666666667));
#3528=IFCPOLYLOOP((#3526,#3527,#3509));
#3529=IFCFACEOUTERBOUND(#3528,.T.);
#3530=IFCFACE((#3529));
#3531=IFCPOLYLOOP((#3509,#3527,#3519));
#3532=IFCFACEOUTERBOUND(#3531,.T.);
#3533=IFCFACE((#3532));
#3534=IFCCARTESIANPOINT((6.74,2.72,3.73555555555556));
#3535=IFCPOLYLOOP((#3462,#3534,#3466));
#3536=IFCFACEOUTERBOUND(#3535,.T.);
#3537=IFCFACE((#3536));
#3538=IFCPOLYLOOP((#3466,#3534,#3467));
#3539=IFCFACEOUTERBOUND(#3538,.T.);
#3540=IFCFACE((#3539));
#3541=IFCPOLYLOOP((#3519,#3534,#3462));
#3542=IFCFACEOUTERBOUND(#3541,.T.);
#3543=IFCFACE((#3542));
#3544=IFCCARTESIANPOINT((6.74,2.72,4.66444444444445));
#3545=IFCPOLYLOOP((#3467,#3544,#3476));
#3546=IFCFACEOUTERBOUND(#3545,.T.);
#3547=IFCFACE((#3546));
#3548=IFCPOLYLOOP((#3534,#3544,#3467));
#3549=IFCFACEOUTERBOUND(#3548,.T.);
#3550=IFCFACE((#3549));
#3551=IFCCARTESIANPOINT((7.24,2.72,4.66444444444445));
#3552=IFCPOLYLOOP((#3534,#3551,#3544));
#3553=IFCFACEOUTERBOUND(#3552,.T.);
#3554=IFCFACE((#3553));
#3555=IFCCARTESIANPOINT((7.24,2.72,3.73555555555556));
#3556=IFCPOLYLOOP((#3555,#3551,#3534));
#3557=IFCFACEOUTERBOUND(#3556,.T.);
#3558=IFCFACE((#3557));
#3559=IFCCARTESIANPOINT((6.74,2.72,5.59333333333334));
#3560=IFCPOLYLOOP((#3544,#3559,#3476));
#3561=IFCFACEOUTERBOUND(#3560,.T.);
#3562=IFCFACE((#3561));
#3563=IFCCARTESIANPOINT((6.74,2.72,6.52222222222223));
#3564=IFCPOLYLOOP((#3489,#3563,#3513));
#3565=IFCFACEOUTERBOUND(#3564,.T.);
#3566=IFCFACE((#3565));
#3567=IFCCARTESIANPOINT((7.24,2.72,5.59333333333334));
#3568=IFCPOLYLOOP((#3567,#3563,#3559));
#3569=IFCFACEOUTERBOUND(#3568,.T.);
#3570=IFCFACE((#3569));
#3571=IFCPOLYLOOP((#3476,#3563,#3489));
#3572=IFCFACEOUTERBOUND(#3571,.T.);
#3573=IFCFACE((#3572));
#3574=IFCPOLYLOOP((#3559,#3563,#3476));
#3575=IFCFACEOUTERBOUND(#3574,.T.);
#3576=IFCFACE((#3575));
#3577=IFCCARTESIANPOINT((7.24,2.72,6.52222222222223));
#3578=IFCPOLYLOOP((#3567,#3577,#3563));
#3579=IFCFACEOUTERBOUND(#3578,.T.);
#3580=IFCFACE((#3579));
#3581=IFCCARTESIANPOINT((6.74,2.72,7.45111111111112));
#3582=IFCPOLYLOOP((#3513,#3581,#3514));
#3583=IFCFACEOUTERBOUND(#3582,.T.);
#3584=IFCFACE((#3583));
#3585=IFCPOLYLOOP((#3563,#3581,#3513));
#3586=IFCFACEOUTERBOUND(#3585,.T.);
#3587=IFCFACE((#3586));
#3588=IFCCARTESIANPOINT((7.24,2.72,8.28));
#3589=IFCPOLYLOOP((#3581,#3588,#3514));
#3590=IFCFACEOUTERBOUND(#3589,.T.);
#3591=IFCFACE((#3590));
#3592=IFCCARTESIANPOINT((7.24,2.72,7.45111111111112));
#3593=IFCPOLYLOOP((#3592,#3588,#3581));
#3594=IFCFACEOUTERBOUND(#3593,.T.);
#3595=IFCFACE((#3594));
#3596=IFCCARTESIANPOINT((-1.E-07,3.42,0.12));
#3597=IFCPOLYLOOP((#3596,#2253,#3182));
#3598=IFCFACEOUTERBOUND(#3597,.T.);
#3599=IFCFACE((#3598));
#3600=IFCCARTESIANPOINT((7.39,3.07,0.599999999999999));
#3601=IFCPOLYLOOP((#2253,#3600,#2251));
#3602=IFCFACEOUTERBOUND(#3601,.T.);
#3603=IFCFACE((#3602));
#3604=IFCPOLYLOOP((#2251,#3600,#3493));
#3605=IFCFACEOUTERBOUND(#3604,.T.);
#3606=IFCFACE((#3605));
#3607=IFCCARTESIANPOINT((7.3899999,3.42,0.6));
#3608=IFCPOLYLOOP((#2253,#3607,#3600));
#3609=IFCFACEOUTERBOUND(#3608,.T.);
#3610=IFCFACE((#3609));
#3611=IFCPOLYLOOP((#3596,#3607,#2253));
#3612=IFCFACEOUTERBOUND(#3611,.T.);
#3613=IFCFACE((#3612));
#3614=IFCPOLYLOOP((#3182,#2253,#2252));
#3615=IFCFACEOUTERBOUND(#3614,.T.);
#3616=IFCFACE((#3615));
#3617=IFCPOLYLOOP((#3276,#2347,#2355));
#3618=IFCFACEOUTERBOUND(#3617,.T.);
#3619=IFCFACE((#3618));
#3620=IFCPOLYLOOP((#3276,#2355,#2665));
#3621=IFCFACEOUTERBOUND(#3620,.T.);
#3622=IFCFACE((#3621));
#3623=IFCPOLYLOOP((#2355,#2725,#2665));
#3624=IFCFACEOUTERBOUND(#3623,.T.);
#3625=IFCFACE((#3624));
#3626=IFCCARTESIANPOINT((8.09,-3.07,0.600000000000001));
#3627=IFCPOLYLOOP((#2327,#3626,#2355));
#3628=IFCFACEOUTERBOUND(#3627,.T.);
#3629=IFCFACE((#3628));
#3630=IFCPOLYLOOP((#2355,#3626,#2725));
#3631=IFCFACEOUTERBOUND(#3630,.T.);
#3632=IFCFACE((#3631));
#3633=IFCPOLYLOOP((#2327,#2645,#3626));
#3634=IFCFACEOUTERBOUND(#3633,.T.);
#3635=IFCFACE((#3634));
#3636=IFCPOLYLOOP((#2326,#2496,#2336));
#3637=IFCFACEOUTERBOUND(#3636,.T.);
#3638=IFCFACE((#3637));
#3639=IFCCARTESIANPOINT((0.849999999999999,-2.57,0.402543978349122));
#3640=IFCPOLYLOOP((#2326,#3639,#2496));
#3641=IFCFACEOUTERBOUND(#3640,.T.);
#3642=IFCFACE((#3641));
#3643=IFCPOLYLOOP((#2326,#2359,#3639));
#3644=IFCFACEOUTERBOUND(#3643,.T.);
#3645=IFCFACE((#3644));
#3646=IFCCARTESIANPOINT((0.849999999999999,-2.56999999999999,0.948888888888889));
#3647=IFCPOLYLOOP((#3639,#2359,#3646));
#3648=IFCFACEOUTERBOUND(#3647,.T.);
#3649=IFCFACE((#3648));
#3650=IFCPOLYLOOP((#2359,#2332,#3646));
#3651=IFCFACEOUTERBOUND(#3650,.T.);
#3652=IFCFACE((#3651));
#3653=IFCCARTESIANPOINT((0.849999999999999,-2.07,0.948888888888889));
#3654=IFCPOLYLOOP((#3646,#2332,#3653));
#3655=IFCFACEOUTERBOUND(#3654,.T.);
#3656=IFCFACE((#3655));
#3657=IFCCARTESIANPOINT((0.987339596171726,-2.07,1.87777777777778));
#3658=IFCCARTESIANPOINT((0.987339596171727,-2.06999999999999,0.94888888888889));
#3659=IFCPOLYLOOP((#3653,#3657,#3658));
#3660=IFCFACEOUTERBOUND(#3659,.T.);
#3661=IFCFACE((#3660));
#3662=IFCCARTESIANPOINT((0.849999999999998,-2.06999999999999,1.87777777777778));
#3663=IFCPOLYLOOP((#3653,#3662,#3657));
#3664=IFCFACEOUTERBOUND(#3663,.T.);
#3665=IFCFACE((#3664));
#3666=IFCPOLYLOOP((#2332,#2367,#3653));
#3667=IFCFACEOUTERBOUND(#3666,.T.);
#3668=IFCFACE((#3667));
#3669=IFCPOLYLOOP((#3653,#2367,#3662));
#3670=IFCFACEOUTERBOUND(#3669,.T.);
#3671=IFCFACE((#3670));
#3672=IFCCARTESIANPOINT((0.849999999999998,-2.56999999999999,1.87777777777778));
#3673=IFCPOLYLOOP((#2367,#3672,#3662));
#3674=IFCFACEOUTERBOUND(#3673,.T.);
#3675=IFCFACE((#3674));
#3676=IFCPOLYLOOP((#2367,#2381,#3672));
#3677=IFCFACEOUTERBOUND(#3676,.T.);
#3678=IFCFACE((#3677));
#3679=IFCCARTESIANPOINT((0.849999999999997,-2.56999999999999,2.80666666666667));
#3680=IFCPOLYLOOP((#2381,#3679,#3672));
#3681=IFCFACEOUTERBOUND(#3680,.T.);
#3682=IFCFACE((#3681));
#3683=IFCPOLYLOOP((#2381,#2396,#3679));
#3684=IFCFACEOUTERBOUND(#3683,.T.);
#3685=IFCFACE((#3684));
#3686=IFCPOLYLOOP((#2396,#2380,#3679));
#3687=IFCFACEOUTERBOUND(#3686,.T.);
#3688=IFCFACE((#3687));
#3689=IFCCARTESIANPOINT((0.849999999999997,-2.06999999999999,2.80666666666667));
#3690=IFCPOLYLOOP((#3679,#2380,#3689));
#3691=IFCFACEOUTERBOUND(#3690,.T.);
#3692=IFCFACE((#3691));
#3693=IFCCARTESIANPOINT((0.987339596171727,-2.07,3.73555555555556));
#3694=IFCCARTESIANPOINT((0.987339596171727,-2.07,2.80666666666667));
#3695=IFCPOLYLOOP((#3689,#3693,#3694));
#3696=IFCFACEOUTERBOUND(#3695,.T.);
#3697=IFCFACE((#3696));
#3698=IFCCARTESIANPOINT((0.849999999999998,-2.06999999999999,3.73555555555556));
#3699=IFCPOLYLOOP((#3689,#3698,#3693));
#3700=IFCFACEOUTERBOUND(#3699,.T.);
#3701=IFCFACE((#3700));
#3702=IFCPOLYLOOP((#2380,#2410,#3689));
#3703=IFCFACEOUTERBOUND(#3702,.T.);
#3704=IFCFACE((#3703));
#3705=IFCPOLYLOOP((#3689,#2410,#3698));
#3706=IFCFACEOUTERBOUND(#3705,.T.);
#3707=IFCFACE((#3706));
#3708=IFCCARTESIANPOINT((0.849999999999998,-2.57,3.73555555555556));
#3709=IFCPOLYLOOP((#2410,#3708,#3698));
#3710=IFCFACEOUTERBOUND(#3709,.T.);
#3711=IFCFACE((#3710));
#3712=IFCPOLYLOOP((#2410,#2426,#3708));
#3713=IFCFACEOUTERBOUND(#3712,.T.);
#3714=IFCFACE((#3713));
#3715=IFCPOLYLOOP((#2426,#2433,#3708));
#3716=IFCFACEOUTERBOUND(#3715,.T.);
#3717=IFCFACE((#3716));
#3718=IFCCARTESIANPOINT((0.849999999999998,-2.57,4.66444444444445));
#3719=IFCPOLYLOOP((#3708,#2433,#3718));
#3720=IFCFACEOUTERBOUND(#3719,.T.);
#3721=IFCFACE((#3720));
#3722=IFCPOLYLOOP((#2433,#2425,#3718));
#3723=IFCFACEOUTERBOUND(#3722,.T.);
#3724=IFCFACE((#3723));
#3725=IFCCARTESIANPOINT((0.849999999999998,-2.07,4.66444444444445));
#3726=IFCPOLYLOOP((#3718,#2425,#3725));
#3727=IFCFACEOUTERBOUND(#3726,.T.);
#3728=IFCFACE((#3727));
#3729=IFCCARTESIANPOINT((0.987339596171727,-2.07,5.59333333333334));
#3730=IFCCARTESIANPOINT((0.987339596171726,-2.06999999999999,4.66444444444445));
#3731=IFCPOLYLOOP((#3725,#3729,#3730));
#3732=IFCFACEOUTERBOUND(#3731,.T.);
#3733=IFCFACE((#3732));
#3734=IFCCARTESIANPOINT((0.849999999999998,-2.07,5.59333333333333));
#3735=IFCPOLYLOOP((#3725,#3734,#3729));
#3736=IFCFACEOUTERBOUND(#3735,.T.);
#3737=IFCFACE((#3736));
#3738=IFCPOLYLOOP((#2425,#2437,#3725));
#3739=IFCFACEOUTERBOUND(#3738,.T.);
#3740=IFCFACE((#3739));
#3741=IFCPOLYLOOP((#3725,#2437,#3734));
#3742=IFCFACEOUTERBOUND(#3741,.T.);
#3743=IFCFACE((#3742));
#3744=IFCCARTESIANPOINT((0.849999999999998,-2.57,5.59333333333333));
#3745=IFCPOLYLOOP((#2437,#3744,#3734));
#3746=IFCFACEOUTERBOUND(#3745,.T.);
#3747=IFCFACE((#3746));
#3748=IFCPOLYLOOP((#2437,#2455,#3744));
#3749=IFCFACEOUTERBOUND(#3748,.T.);
#3750=IFCFACE((#3749));
#3751=IFCPOLYLOOP((#2455,#2454,#3744));
#3752=IFCFACEOUTERBOUND(#3751,.T.);
#3753=IFCFACE((#3752));
#3754=IFCCARTESIANPOINT((0.849999999999998,-2.56999999999999,6.52222222222223));
#3755=IFCPOLYLOOP((#3744,#2454,#3754));
#3756=IFCFACEOUTERBOUND(#3755,.T.);
#3757=IFCFACE((#3756));
#3758=IFCPOLYLOOP((#2454,#2444,#3754));
#3759=IFCFACEOUTERBOUND(#3758,.T.);
#3760=IFCFACE((#3759));
#3761=IFCCARTESIANPOINT((0.849999999999998,-2.07,6.52222222222223));
#3762=IFCPOLYLOOP((#3754,#2444,#3761));
#3763=IFCFACEOUTERBOUND(#3762,.T.);
#3764=IFCFACE((#3763));
#3765=IFCCARTESIANPOINT((0.987339596171726,-2.06999999999999,7.45111111111111));
#3766=IFCCARTESIANPOINT((0.987339596171727,-2.06999999999999,6.52222222222223));
#3767=IFCPOLYLOOP((#3761,#3765,#3766));
#3768=IFCFACEOUTERBOUND(#3767,.T.);
#3769=IFCFACE((#3768));
#3770=IFCCARTESIANPOINT((0.849999999999997,-2.07,7.45111111111111));
#3771=IFCPOLYLOOP((#3761,#3770,#3765));
#3772=IFCFACEOUTERBOUND(#3771,.T.);
#3773=IFCFACE((#3772));
#3774=IFCPOLYLOOP((#2444,#2462,#3761));
#3775=IFCFACEOUTERBOUND(#3774,.T.);
#3776=IFCFACE((#3775));
#3777=IFCPOLYLOOP((#3761,#2462,#3770));
#3778=IFCFACEOUTERBOUND(#3777,.T.);
#3779=IFCFACE((#3778));
#3780=IFCPOLYLOOP((#2462,#2482,#3770));
#3781=IFCFACEOUTERBOUND(#3780,.T.);
#3782=IFCFACE((#3781));
#3783=IFCPOLYLOOP((#2462,#2472,#2482));
#3784=IFCFACEOUTERBOUND(#3783,.T.);
#3785=IFCFACE((#3784));
#3786=IFCPOLYLOOP((#2489,#2565,#2482));
#3787=IFCFACEOUTERBOUND(#3786,.T.);
#3788=IFCFACE((#3787));
#3789=IFCCARTESIANPOINT((1.35,-2.56999999999999,7.45111111111111));
#3790=IFCPOLYLOOP((#2482,#2565,#3789));
#3791=IFCFACEOUTERBOUND(#3790,.T.);
#3792=IFCFACE((#3791));
#3793=IFCCARTESIANPOINT((8.09,3.07,0.599999999999999));
#3794=IFCPOLYLOOP((#3493,#3600,#3793));
#3795=IFCFACEOUTERBOUND(#3794,.T.);
#3796=IFCFACE((#3795));
#3797=IFCPOLYLOOP((#2645,#3493,#3793));
#3798=IFCFACEOUTERBOUND(#3797,.T.);
#3799=IFCFACE((#3798));
#3800=IFCPOLYLOOP((#2545,#3493,#2645));
#3801=IFCFACEOUTERBOUND(#3800,.T.);
#3802=IFCFACE((#3801));
#3803=IFCCARTESIANPOINT((7.39,2.57,0.827334235453316));
#3804=IFCPOLYLOOP((#3493,#3803,#3505));
#3805=IFCFACEOUTERBOUND(#3804,.T.);
#3806=IFCFACE((#3805));
#3807=IFCCARTESIANPOINT((7.39,2.07,0.948888888888889));
#3808=IFCCARTESIANPOINT((7.39,2.57,0.948888888888889));
#3809=IFCPOLYLOOP((#3803,#3807,#3808));
#3810=IFCFACEOUTERBOUND(#3809,.T.);
#3811=IFCFACE((#3810));
#3812=IFCPOLYLOOP((#3493,#3807,#3803));
#3813=IFCFACEOUTERBOUND(#3812,.T.);
#3814=IFCFACE((#3813));
#3815=IFCCARTESIANPOINT((7.39,2.07,1.87777777777778));
#3816=IFCCARTESIANPOINT((7.39,2.57,2.80666666666667));
#3817=IFCCARTESIANPOINT((7.39,2.57,1.87777777777778));
#3818=IFCPOLYLOOP((#3815,#3816,#3817));
#3819=IFCFACEOUTERBOUND(#3818,.T.);
#3820=IFCFACE((#3819));
#3821=IFCCARTESIANPOINT((7.39,2.07,2.80666666666667));
#3822=IFCPOLYLOOP((#3815,#3821,#3816));
#3823=IFCFACEOUTERBOUND(#3822,.T.);
#3824=IFCFACE((#3823));
#3825=IFCCARTESIANPOINT((7.39,2.07,3.73555555555556));
#3826=IFCCARTESIANPOINT((7.39,2.57,4.66444444444445));
#3827=IFCCARTESIANPOINT((7.39,2.57,3.73555555555556));
#3828=IFCPOLYLOOP((#3825,#3826,#3827));
#3829=IFCFACEOUTERBOUND(#3828,.T.);
#3830=IFCFACE((#3829));
#3831=IFCCARTESIANPOINT((7.39,2.07,4.66444444444445));
#3832=IFCPOLYLOOP((#3825,#3831,#3826));
#3833=IFCFACEOUTERBOUND(#3832,.T.);
#3834=IFCFACE((#3833));
#3835=IFCCARTESIANPOINT((7.39,-2.07,0.948888888888891));
#3836=IFCPOLYLOOP((#3807,#3835,#3815));
#3837=IFCFACEOUTERBOUND(#3836,.T.);
#3838=IFCFACE((#3837));
#3839=IFCPOLYLOOP((#3807,#2545,#3835));
#3840=IFCFACEOUTERBOUND(#3839,.T.);
#3841=IFCFACE((#3840));
#3842=IFCPOLYLOOP((#3493,#2545,#3807));
#3843=IFCFACEOUTERBOUND(#3842,.T.);
#3844=IFCFACE((#3843));
#3845=IFCCARTESIANPOINT((7.39,-2.57000000000001,0.827334235453317));
#3846=IFCPOLYLOOP((#2545,#3845,#3835));
#3847=IFCFACEOUTERBOUND(#3846,.T.);
#3848=IFCFACE((#3847));
#3849=IFCCARTESIANPOINT((7.39,-2.57000000000001,0.948888888888891));
#3850=IFCPOLYLOOP((#3845,#3849,#3835));
#3851=IFCFACEOUTERBOUND(#3850,.T.);
#3852=IFCFACE((#3851));
#3853=IFCPOLYLOOP((#2545,#2557,#3845));
#3854=IFCFACEOUTERBOUND(#3853,.T.);
#3855=IFCFACE((#3854));
#3856=IFCCARTESIANPOINT((7.39,-2.07,1.87777777777778));
#3857=IFCPOLYLOOP((#3835,#3856,#3815));
#3858=IFCFACEOUTERBOUND(#3857,.T.);
#3859=IFCFACE((#3858));
#3860=IFCCARTESIANPOINT((7.39,2.07,5.59333333333334));
#3861=IFCCARTESIANPOINT((7.39,2.07,6.52222222222222));
#3862=IFCCARTESIANPOINT((7.39,2.57,5.59333333333334));
#3863=IFCPOLYLOOP((#3860,#3861,#3862));
#3864=IFCFACEOUTERBOUND(#3863,.T.);
#3865=IFCFACE((#3864));
#3866=IFCCARTESIANPOINT((7.39,2.57,6.52222222222222));
#3867=IFCPOLYLOOP((#3862,#3861,#3866));
#3868=IFCFACEOUTERBOUND(#3867,.T.);
#3869=IFCFACE((#3868));
#3870=IFCCARTESIANPOINT((7.39,-2.07,2.80666666666667));
#3871=IFCPOLYLOOP((#3856,#3870,#3815));
#3872=IFCFACEOUTERBOUND(#3871,.T.);
#3873=IFCFACE((#3872));
#3874=IFCPOLYLOOP((#3815,#3870,#3821));
#3875=IFCFACEOUTERBOUND(#3874,.T.);
#3876=IFCFACE((#3875));
#3877=IFCCARTESIANPOINT((7.39,-2.57,1.87777777777778));
#3878=IFCCARTESIANPOINT((7.39,-2.57,2.80666666666667));
#3879=IFCPOLYLOOP((#3877,#3878,#3856));
#3880=IFCFACEOUTERBOUND(#3879,.T.);
#3881=IFCFACE((#3880));
#3882=IFCPOLYLOOP((#3856,#3878,#3870));
#3883=IFCFACEOUTERBOUND(#3882,.T.);
#3884=IFCFACE((#3883));
#3885=IFCCARTESIANPOINT((7.39,2.07,7.45111111111111));
#3886=IFCCARTESIANPOINT((7.39,2.5,8.28));
#3887=IFCCARTESIANPOINT((7.39,2.57,7.45111111111111));
#3888=IFCPOLYLOOP((#3885,#3886,#3887));
#3889=IFCFACEOUTERBOUND(#3888,.T.);
#3890=IFCFACE((#3889));
#3891=IFCCARTESIANPOINT((7.39,2.57,8.28));
#3892=IFCPOLYLOOP((#3887,#3886,#3891));
#3893=IFCFACEOUTERBOUND(#3892,.T.);
#3894=IFCFACE((#3893));
#3895=IFCCARTESIANPOINT((7.39,-2.07,3.73555555555556));
#3896=IFCPOLYLOOP((#3821,#3895,#3825));
#3897=IFCFACEOUTERBOUND(#3896,.T.);
#3898=IFCFACE((#3897));
#3899=IFCPOLYLOOP((#3870,#3895,#3821));
#3900=IFCFACEOUTERBOUND(#3899,.T.);
#3901=IFCFACE((#3900));
#3902=IFCCARTESIANPOINT((7.39,-2.57000000000001,3.73555555555556));
#3903=IFCCARTESIANPOINT((7.39,-2.07,4.66444444444445));
#3904=IFCPOLYLOOP((#3902,#3903,#3895));
#3905=IFCFACEOUTERBOUND(#3904,.T.);
#3906=IFCFACE((#3905));
#3907=IFCPOLYLOOP((#3831,#3903,#3860));
#3908=IFCFACEOUTERBOUND(#3907,.T.);
#3909=IFCFACE((#3908));
#3910=IFCPOLYLOOP((#3825,#3903,#3831));
#3911=IFCFACEOUTERBOUND(#3910,.T.);
#3912=IFCFACE((#3911));
#3913=IFCPOLYLOOP((#3895,#3903,#3825));
#3914=IFCFACEOUTERBOUND(#3913,.T.);
#3915=IFCFACE((#3914));
#3916=IFCCARTESIANPOINT((7.39,-2.57000000000001,4.66444444444445));
#3917=IFCPOLYLOOP((#3902,#3916,#3903));
#3918=IFCFACEOUTERBOUND(#3917,.T.);
#3919=IFCFACE((#3918));
#3920=IFCCARTESIANPOINT((7.39,-2.07,5.59333333333334));
#3921=IFCPOLYLOOP((#3903,#3920,#3860));
#3922=IFCFACEOUTERBOUND(#3921,.T.);
#3923=IFCFACE((#3922));
#3924=IFCCARTESIANPOINT((7.39,-2.07,6.52222222222223));
#3925=IFCPOLYLOOP((#3920,#3924,#3860));
#3926=IFCFACEOUTERBOUND(#3925,.T.);
#3927=IFCFACE((#3926));
#3928=IFCPOLYLOOP((#3861,#3924,#3885));
#3929=IFCFACEOUTERBOUND(#3928,.T.);
#3930=IFCFACE((#3929));
#3931=IFCPOLYLOOP((#3860,#3924,#3861));
#3932=IFCFACEOUTERBOUND(#3931,.T.);
#3933=IFCFACE((#3932));
#3934=IFCCARTESIANPOINT((7.39,-2.57000000000001,5.59333333333334));
#3935=IFCCARTESIANPOINT((7.39,-2.57,6.52222222222223));
#3936=IFCPOLYLOOP((#3934,#3935,#3920));
#3937=IFCFACEOUTERBOUND(#3936,.T.);
#3938=IFCFACE((#3937));
#3939=IFCPOLYLOOP((#3920,#3935,#3924));
#3940=IFCFACEOUTERBOUND(#3939,.T.);
#3941=IFCFACE((#3940));
#3942=IFCCARTESIANPOINT((7.39,-2.07,7.45111111111112));
#3943=IFCPOLYLOOP((#3924,#3942,#3885));
#3944=IFCFACEOUTERBOUND(#3943,.T.);
#3945=IFCFACE((#3944));
#3946=IFCCARTESIANPOINT((7.39,2.149E-15,10.28));
#3947=IFCPOLYLOOP((#3885,#3946,#3886));
#3948=IFCFACEOUTERBOUND(#3947,.T.);
#3949=IFCFACE((#3948));
#3950=IFCPOLYLOOP((#3942,#3946,#3885));
#3951=IFCFACEOUTERBOUND(#3950,.T.);
#3952=IFCFACE((#3951));
#3953=IFCCARTESIANPOINT((7.39,-2.57,7.45111111111112));
#3954=IFCCARTESIANPOINT((7.39,-2.5,8.28));
#3955=IFCPOLYLOOP((#3953,#3954,#3942));
#3956=IFCFACEOUTERBOUND(#3955,.T.);
#3957=IFCFACE((#3956));
#3958=IFCPOLYLOOP((#3942,#3954,#3946));
#3959=IFCFACEOUTERBOUND(#3958,.T.);
#3960=IFCFACE((#3959));
#3961=IFCCARTESIANPOINT((7.39,-2.57,8.28));
#3962=IFCPOLYLOOP((#3953,#3961,#3954));
#3963=IFCFACEOUTERBOUND(#3962,.T.);
#3964=IFCFACE((#3963));
#3965=IFCCARTESIANPOINT((7.24,-2.57000000000001,0.817591339648175));
#3966=IFCPOLYLOOP((#3965,#3845,#2549));
#3967=IFCFACEOUTERBOUND(#3966,.T.);
#3968=IFCFACE((#3967));
#3969=IFCPOLYLOOP((#2549,#3845,#2557));
#3970=IFCFACEOUTERBOUND(#3969,.T.);
#3971=IFCFACE((#3970));
#3972=IFCCARTESIANPOINT((7.24,-2.57000000000001,0.948888888888891));
#3973=IFCPOLYLOOP((#3965,#2549,#3972));
#3974=IFCFACEOUTERBOUND(#3973,.T.);
#3975=IFCFACE((#3974));
#3976=IFCPOLYLOOP((#2549,#2553,#3972));
#3977=IFCFACEOUTERBOUND(#3976,.T.);
#3978=IFCFACE((#3977));
#3979=IFCCARTESIANPOINT((6.74,-2.56999999999999,0.948888888888891));
#3980=IFCPOLYLOOP((#2553,#3979,#3972));
#3981=IFCFACEOUTERBOUND(#3980,.T.);
#3982=IFCFACE((#3981));
#3983=IFCPOLYLOOP((#2553,#2528,#3979));
#3984=IFCFACEOUTERBOUND(#3983,.T.);
#3985=IFCFACE((#3984));
#3986=IFCCARTESIANPOINT((6.74,-2.44,1.87777777777778));
#3987=IFCCARTESIANPOINT((6.74,-2.44,0.948888888888891));
#3988=IFCPOLYLOOP((#3979,#3986,#3987));
#3989=IFCFACEOUTERBOUND(#3988,.T.);
#3990=IFCFACE((#3989));
#3991=IFCCARTESIANPOINT((6.74,-2.56999999999999,1.87777777777778));
#3992=IFCPOLYLOOP((#3979,#3991,#3986));
#3993=IFCFACEOUTERBOUND(#3992,.T.);
#3994=IFCFACE((#3993));
#3995=IFCPOLYLOOP((#2528,#2561,#3979));
#3996=IFCFACEOUTERBOUND(#3995,.T.);
#3997=IFCFACE((#3996));
#3998=IFCPOLYLOOP((#3979,#2561,#3991));
#3999=IFCFACEOUTERBOUND(#3998,.T.);
#4000=IFCFACE((#3999));
#4001=IFCCARTESIANPOINT((7.24,-2.57,1.87777777777778));
#4002=IFCPOLYLOOP((#2561,#4001,#3991));
#4003=IFCFACEOUTERBOUND(#4002,.T.);
#4004=IFCFACE((#4003));
#4005=IFCPOLYLOOP((#2561,#2583,#4001));
#4006=IFCFACEOUTERBOUND(#4005,.T.);
#4007=IFCFACE((#4006));
#4008=IFCCARTESIANPOINT((7.24,-2.57,2.80666666666667));
#4009=IFCPOLYLOOP((#2583,#4008,#4001));
#4010=IFCFACEOUTERBOUND(#4009,.T.);
#4011=IFCFACE((#4010));
#4012=IFCPOLYLOOP((#2583,#2579,#4008));
#4013=IFCFACEOUTERBOUND(#4012,.T.);
#4014=IFCFACE((#4013));
#4015=IFCCARTESIANPOINT((6.74,-2.57,2.80666666666667));
#4016=IFCPOLYLOOP((#2579,#4015,#4008));
#4017=IFCFACEOUTERBOUND(#4016,.T.);
#4018=IFCFACE((#4017));
#4019=IFCPOLYLOOP((#2579,#2569,#4015));
#4020=IFCFACEOUTERBOUND(#4019,.T.);
#4021=IFCFACE((#4020));
#4022=IFCCARTESIANPOINT((6.74,-2.44,3.73555555555556));
#4023=IFCCARTESIANPOINT((6.74,-2.44,2.80666666666667));
#4024=IFCPOLYLOOP((#4015,#4022,#4023));
#4025=IFCFACEOUTERBOUND(#4024,.T.);
#4026=IFCFACE((#4025));
#4027=IFCCARTESIANPOINT((6.74,-2.57000000000001,3.73555555555556));
#4028=IFCPOLYLOOP((#4015,#4027,#4022));
#4029=IFCFACEOUTERBOUND(#4028,.T.);
#4030=IFCFACE((#4029));
#4031=IFCPOLYLOOP((#2569,#2587,#4015));
#4032=IFCFACEOUTERBOUND(#4031,.T.);
#4033=IFCFACE((#4032));
#4034=IFCPOLYLOOP((#4015,#2587,#4027));
#4035=IFCFACEOUTERBOUND(#4034,.T.);
#4036=IFCFACE((#4035));
#4037=IFCCARTESIANPOINT((7.24,-2.56999999999999,3.73555555555556));
#4038=IFCPOLYLOOP((#2587,#4037,#4027));
#4039=IFCFACEOUTERBOUND(#4038,.T.);
#4040=IFCFACE((#4039));
#4041=IFCPOLYLOOP((#2587,#2598,#4037));
#4042=IFCFACEOUTERBOUND(#4041,.T.);
#4043=IFCFACE((#4042));
#4044=IFCCARTESIANPOINT((7.24,-2.57000000000001,4.66444444444445));
#4045=IFCPOLYLOOP((#2598,#4044,#4037));
#4046=IFCFACEOUTERBOUND(#4045,.T.);
#4047=IFCFACE((#4046));
#4048=IFCPOLYLOOP((#2598,#2605,#4044));
#4049=IFCFACEOUTERBOUND(#4048,.T.);
#4050=IFCFACE((#4049));
#4051=IFCCARTESIANPOINT((6.74,-2.56999999999999,4.66444444444445));
#4052=IFCPOLYLOOP((#2605,#4051,#4044));
#4053=IFCFACEOUTERBOUND(#4052,.T.);
#4054=IFCFACE((#4053));
#4055=IFCPOLYLOOP((#2605,#2594,#4051));
#4056=IFCFACEOUTERBOUND(#4055,.T.);
#4057=IFCFACE((#4056));
#4058=IFCCARTESIANPOINT((6.74,-2.44,5.59333333333334));
#4059=IFCCARTESIANPOINT((6.74,-2.44,4.66444444444445));
#4060=IFCPOLYLOOP((#4051,#4058,#4059));
#4061=IFCFACEOUTERBOUND(#4060,.T.);
#4062=IFCFACE((#4061));
#4063=IFCCARTESIANPOINT((6.74,-2.57000000000001,5.59333333333334));
#4064=IFCPOLYLOOP((#4051,#4063,#4058));
#4065=IFCFACEOUTERBOUND(#4064,.T.);
#4066=IFCFACE((#4065));
#4067=IFCPOLYLOOP((#2594,#2609,#4051));
#4068=IFCFACEOUTERBOUND(#4067,.T.);
#4069=IFCFACE((#4068));
#4070=IFCPOLYLOOP((#4051,#2609,#4063));
#4071=IFCFACEOUTERBOUND(#4070,.T.);
#4072=IFCFACE((#4071));
#4073=IFCCARTESIANPOINT((7.24,-2.57000000000001,5.59333333333334));
#4074=IFCPOLYLOOP((#2609,#4073,#4063));
#4075=IFCFACEOUTERBOUND(#4074,.T.);
#4076=IFCFACE((#4075));
#4077=IFCPOLYLOOP((#2609,#2617,#4073));
#4078=IFCFACEOUTERBOUND(#4077,.T.);
#4079=IFCFACE((#4078));
#4080=IFCCARTESIANPOINT((7.24,-2.56999999999999,6.52222222222223));
#4081=IFCPOLYLOOP((#2617,#4080,#4073));
#4082=IFCFACEOUTERBOUND(#4081,.T.);
#4083=IFCFACE((#4082));
#4084=IFCPOLYLOOP((#2617,#2624,#4080));
#4085=IFCFACEOUTERBOUND(#4084,.T.);
#4086=IFCFACE((#4085));
#4087=IFCCARTESIANPOINT((6.74,-2.57,6.52222222222223));
#4088=IFCPOLYLOOP((#2624,#4087,#4080));
#4089=IFCFACEOUTERBOUND(#4088,.T.);
#4090=IFCFACE((#4089));
#4091=IFCPOLYLOOP((#2624,#2613,#4087));
#4092=IFCFACEOUTERBOUND(#4091,.T.);
#4093=IFCFACE((#4092));
#4094=IFCCARTESIANPOINT((6.74,-2.44,7.45111111111112));
#4095=IFCCARTESIANPOINT((6.74,-2.44,6.52222222222223));
#4096=IFCPOLYLOOP((#4087,#4094,#4095));
#4097=IFCFACEOUTERBOUND(#4096,.T.);
#4098=IFCFACE((#4097));
#4099=IFCCARTESIANPOINT((6.74,-2.57,7.45111111111112));
#4100=IFCPOLYLOOP((#4087,#4099,#4094));
#4101=IFCFACEOUTERBOUND(#4100,.T.);
#4102=IFCFACE((#4101));
#4103=IFCPOLYLOOP((#2613,#2628,#4087));
#4104=IFCFACEOUTERBOUND(#4103,.T.);
#4105=IFCFACE((#4104));
#4106=IFCPOLYLOOP((#4087,#2628,#4099));
#4107=IFCFACEOUTERBOUND(#4106,.T.);
#4108=IFCFACE((#4107));
#4109=IFCCARTESIANPOINT((7.24,-2.56999999999999,7.45111111111112));
#4110=IFCPOLYLOOP((#2628,#4109,#4099));
#4111=IFCFACEOUTERBOUND(#4110,.T.);
#4112=IFCFACE((#4111));
#4113=IFCPOLYLOOP((#2628,#2641,#4109));
#4114=IFCFACEOUTERBOUND(#4113,.T.);
#4115=IFCFACE((#4114));
#4116=IFCCARTESIANPOINT((7.24,-2.57,8.28));
#4117=IFCPOLYLOOP((#2641,#4116,#4109));
#4118=IFCFACEOUTERBOUND(#4117,.T.);
#4119=IFCFACE((#4118));
#4120=IFCPOLYLOOP((#2641,#1864,#4116));
#4121=IFCFACEOUTERBOUND(#4120,.T.);
#4122=IFCFACE((#4121));
#4123=IFCCARTESIANPOINT((1.35,-2.44,6.52222222222223));
#4124=IFCCARTESIANPOINT((1.35,-2.44,7.45111111111111));
#4125=IFCPOLYLOOP((#3789,#4123,#4124));
#4126=IFCFACEOUTERBOUND(#4125,.T.);
#4127=IFCFACE((#4126));
#4128=IFCCARTESIANPOINT((1.35,-2.57,6.52222222222223));
#4129=IFCPOLYLOOP((#2565,#4128,#3789));
#4130=IFCFACEOUTERBOUND(#4129,.T.);
#4131=IFCFACE((#4130));
#4132=IFCPOLYLOOP((#3789,#4128,#4123));
#4133=IFCFACEOUTERBOUND(#4132,.T.);
#4134=IFCFACE((#4133));
#4135=IFCPOLYLOOP((#2565,#2535,#4128));
#4136=IFCFACEOUTERBOUND(#4135,.T.);
#4137=IFCFACE((#4136));
#4138=IFCPOLYLOOP((#2535,#3754,#4128));
#4139=IFCFACEOUTERBOUND(#4138,.T.);
#4140=IFCFACE((#4139));
#4141=IFCPOLYLOOP((#2535,#2541,#3754));
#4142=IFCFACEOUTERBOUND(#4141,.T.);
#4143=IFCFACE((#4142));
#4144=IFCPOLYLOOP((#2541,#3744,#3754));
#4145=IFCFACEOUTERBOUND(#4144,.T.);
#4146=IFCFACE((#4145));
#4147=IFCPOLYLOOP((#2541,#2537,#3744));
#4148=IFCFACEOUTERBOUND(#4147,.T.);
#4149=IFCFACE((#4148));
#4150=IFCPOLYLOOP((#2537,#2536,#3744));
#4151=IFCFACEOUTERBOUND(#4150,.T.);
#4152=IFCFACE((#4151));
#4153=IFCCARTESIANPOINT((1.35,-2.56999999999999,5.59333333333333));
#4154=IFCPOLYLOOP((#3744,#2536,#4153));
#4155=IFCFACEOUTERBOUND(#4154,.T.);
#4156=IFCFACE((#4155));
#4157=IFCCARTESIANPOINT((1.35,-2.44,4.66444444444445));
#4158=IFCCARTESIANPOINT((1.35,-2.44,5.59333333333333));
#4159=IFCPOLYLOOP((#4153,#4157,#4158));
#4160=IFCFACEOUTERBOUND(#4159,.T.);
#4161=IFCFACE((#4160));
#4162=IFCCARTESIANPOINT((1.35,-2.57,4.66444444444445));
#4163=IFCPOLYLOOP((#2536,#4162,#4153));
#4164=IFCFACEOUTERBOUND(#4163,.T.);
#4165=IFCFACE((#4164));
#4166=IFCPOLYLOOP((#4153,#4162,#4157));
#4167=IFCFACEOUTERBOUND(#4166,.T.);
#4168=IFCFACE((#4167));
#4169=IFCPOLYLOOP((#2536,#2524,#4162));
#4170=IFCFACEOUTERBOUND(#4169,.T.);
#4171=IFCFACE((#4170));
#4172=IFCPOLYLOOP((#2524,#3718,#4162));
#4173=IFCFACEOUTERBOUND(#4172,.T.);
#4174=IFCFACE((#4173));
#4175=IFCPOLYLOOP((#2524,#2518,#3718));
#4176=IFCFACEOUTERBOUND(#4175,.T.);
#4177=IFCFACE((#4176));
#4178=IFCPOLYLOOP((#2518,#3708,#3718));
#4179=IFCFACEOUTERBOUND(#4178,.T.);
#4180=IFCFACE((#4179));
#4181=IFCPOLYLOOP((#2518,#2520,#3708));
#4182=IFCFACEOUTERBOUND(#4181,.T.);
#4183=IFCFACE((#4182));
#4184=IFCPOLYLOOP((#2520,#2519,#3708));
#4185=IFCFACEOUTERBOUND(#4184,.T.);
#4186=IFCFACE((#4185));
#4187=IFCCARTESIANPOINT((1.35,-2.57,3.73555555555556));
#4188=IFCPOLYLOOP((#3708,#2519,#4187));
#4189=IFCFACEOUTERBOUND(#4188,.T.);
#4190=IFCFACE((#4189));
#4191=IFCCARTESIANPOINT((1.35,-2.44,2.80666666666667));
#4192=IFCCARTESIANPOINT((1.35,-2.44,3.73555555555556));
#4193=IFCPOLYLOOP((#4187,#4191,#4192));
#4194=IFCFACEOUTERBOUND(#4193,.T.);
#4195=IFCFACE((#4194));
#4196=IFCCARTESIANPOINT((1.35,-2.56999999999999,2.80666666666667));
#4197=IFCPOLYLOOP((#4187,#4196,#4191));
#4198=IFCFACEOUTERBOUND(#4197,.T.);
#4199=IFCFACE((#4198));
#4200=IFCPOLYLOOP((#2519,#2508,#4187));
#4201=IFCFACEOUTERBOUND(#4200,.T.);
#4202=IFCFACE((#4201));
#4203=IFCPOLYLOOP((#4187,#2508,#4196));
#4204=IFCFACEOUTERBOUND(#4203,.T.);
#4205=IFCFACE((#4204));
#4206=IFCPOLYLOOP((#2508,#3679,#4196));
#4207=IFCFACEOUTERBOUND(#4206,.T.);
#4208=IFCFACE((#4207));
#4209=IFCPOLYLOOP((#2508,#2514,#3679));
#4210=IFCFACEOUTERBOUND(#4209,.T.);
#4211=IFCFACE((#4210));
#4212=IFCPOLYLOOP((#2514,#3672,#3679));
#4213=IFCFACEOUTERBOUND(#4212,.T.);
#4214=IFCFACE((#4213));
#4215=IFCPOLYLOOP((#2514,#2510,#3672));
#4216=IFCFACEOUTERBOUND(#4215,.T.);
#4217=IFCFACE((#4216));
#4218=IFCPOLYLOOP((#2510,#2509,#3672));
#4219=IFCFACEOUTERBOUND(#4218,.T.);
#4220=IFCFACE((#4219));
#4221=IFCCARTESIANPOINT((1.35,-2.56999999999999,1.87777777777778));
#4222=IFCPOLYLOOP((#3672,#2509,#4221));
#4223=IFCFACEOUTERBOUND(#4222,.T.);
#4224=IFCFACE((#4223));
#4225=IFCCARTESIANPOINT((1.35,-2.44,0.948888888888889));
#4226=IFCCARTESIANPOINT((1.35,-2.44,1.87777777777778));
#4227=IFCPOLYLOOP((#4221,#4225,#4226));
#4228=IFCFACEOUTERBOUND(#4227,.T.);
#4229=IFCFACE((#4228));
#4230=IFCCARTESIANPOINT((1.35,-2.56999999999999,0.948888888888889));
#4231=IFCPOLYLOOP((#2509,#4230,#4221));
#4232=IFCFACEOUTERBOUND(#4231,.T.);
#4233=IFCFACE((#4232));
#4234=IFCPOLYLOOP((#4221,#4230,#4225));
#4235=IFCFACEOUTERBOUND(#4234,.T.);
#4236=IFCFACE((#4235));
#4237=IFCPOLYLOOP((#2509,#2500,#4230));
#4238=IFCFACEOUTERBOUND(#4237,.T.);
#4239=IFCFACE((#4238));
#4240=IFCPOLYLOOP((#2500,#3646,#4230));
#4241=IFCFACEOUTERBOUND(#4240,.T.);
#4242=IFCFACE((#4241));
#4243=IFCPOLYLOOP((#2500,#2501,#3646));
#4244=IFCFACEOUTERBOUND(#4243,.T.);
#4245=IFCFACE((#4244));
#4246=IFCPOLYLOOP((#2501,#3639,#3646));
#4247=IFCFACEOUTERBOUND(#4246,.T.);
#4248=IFCFACE((#4247));
#4249=IFCPOLYLOOP((#2501,#2496,#3639));
#4250=IFCFACEOUTERBOUND(#4249,.T.);
#4251=IFCFACE((#4250));
#4252=IFCPOLYLOOP((#3961,#4116,#1864));
#4253=IFCFACEOUTERBOUND(#4252,.T.);
#4254=IFCFACE((#4253));
#4255=IFCPOLYLOOP((#3961,#1864,#2657));
#4256=IFCFACEOUTERBOUND(#4255,.T.);
#4257=IFCFACE((#4256));
#4258=IFCCARTESIANPOINT((8.0899999,-2.72,8.28));
#4259=IFCPOLYLOOP((#4258,#2657,#2649));
#4260=IFCFACEOUTERBOUND(#4259,.T.);
#4261=IFCFACE((#4260));
#4262=IFCPOLYLOOP((#4258,#2649,#2661));
#4263=IFCFACEOUTERBOUND(#4262,.T.);
#4264=IFCFACE((#4263));
#4265=IFCCARTESIANPOINT((7.24,-3.49000000000001,8.28));
#4266=IFCPOLYLOOP((#2653,#1868,#4265));
#4267=IFCFACEOUTERBOUND(#4266,.T.);
#4268=IFCFACE((#4267));
#4269=IFCCARTESIANPOINT((8.12733959617173,-3.49000000000001,8.28));
#4270=IFCPOLYLOOP((#2653,#4265,#4269));
#4271=IFCFACEOUTERBOUND(#4270,.T.);
#4272=IFCFACE((#4271));
#4273=IFCPOLYLOOP((#2661,#2653,#4269));
#4274=IFCFACEOUTERBOUND(#4273,.T.);
#4275=IFCFACE((#4274));
#4276=IFCCARTESIANPOINT((8.12733959617173,-2.57,8.28));
#4277=IFCPOLYLOOP((#4276,#4258,#2661));
#4278=IFCFACEOUTERBOUND(#4277,.T.);
#4279=IFCFACE((#4278));
#4280=IFCCARTESIANPOINT((8.09,-2.57,8.28));
#4281=IFCPOLYLOOP((#4276,#4280,#4258));
#4282=IFCFACEOUTERBOUND(#4281,.T.);
#4283=IFCFACE((#4282));
#4284=IFCPOLYLOOP((#4269,#4276,#2661));
#4285=IFCFACEOUTERBOUND(#4284,.T.);
#4286=IFCFACE((#4285));
#4287=IFCPOLYLOOP((#2828,#3276,#2667));
#4288=IFCFACEOUTERBOUND(#4287,.T.);
#4289=IFCFACE((#4288));
#4290=IFCPOLYLOOP((#2667,#3276,#2665));
#4291=IFCFACEOUTERBOUND(#4290,.T.);
#4292=IFCFACE((#4291));
#4293=IFCCARTESIANPOINT((8.09,-3.07,0.872801082543981));
#4294=IFCPOLYLOOP((#3626,#4293,#2725));
#4295=IFCFACEOUTERBOUND(#4294,.T.);
#4296=IFCFACE((#4295));
#4297=IFCPOLYLOOP((#2725,#4293,#2729));
#4298=IFCFACEOUTERBOUND(#4297,.T.);
#4299=IFCFACE((#4298));
#4300=IFCCARTESIANPOINT((7.24,-3.49,0.817591339648176));
#4301=IFCPOLYLOOP((#2713,#2729,#4300));
#4302=IFCFACEOUTERBOUND(#4301,.T.);
#4303=IFCFACE((#4302));
#4304=IFCCARTESIANPOINT((8.12733959617173,-3.49000000000001,0.875226387843362));
#4305=IFCPOLYLOOP((#4300,#2729,#4304));
#4306=IFCFACEOUTERBOUND(#4305,.T.);
#4307=IFCFACE((#4306));
#4308=IFCPOLYLOOP((#2729,#4293,#4304));
#4309=IFCFACEOUTERBOUND(#4308,.T.);
#4310=IFCFACE((#4309));
#4311=IFCCARTESIANPOINT((8.09,-2.57000000000001,0.87280108254398));
#4312=IFCCARTESIANPOINT((8.12733959617172,-2.56999999999999,0.875226387843362));
#4313=IFCCARTESIANPOINT((8.0899999,-2.72,0.872801076048717));
#4314=IFCPOLYLOOP((#4311,#4312,#4313));
#4315=IFCFACEOUTERBOUND(#4314,.T.);
#4316=IFCFACE((#4315));
#4317=IFCPOLYLOOP((#4313,#4312,#4293));
#4318=IFCFACEOUTERBOUND(#4317,.T.);
#4319=IFCFACE((#4318));
#4320=IFCPOLYLOOP((#4312,#4304,#4293));
#4321=IFCFACEOUTERBOUND(#4320,.T.);
#4322=IFCFACE((#4321));
#4323=IFCPOLYLOOP((#4300,#2717,#2713));
#4324=IFCFACEOUTERBOUND(#4323,.T.);
#4325=IFCFACE((#4324));
#4326=IFCCARTESIANPOINT((7.24,-3.49000000000001,0.948888888888891));
#4327=IFCPOLYLOOP((#4300,#4326,#2717));
#4328=IFCFACEOUTERBOUND(#4327,.T.);
#4329=IFCFACE((#4328));
#4330=IFCCARTESIANPOINT((6.74,-3.49000000000001,0.948888888888891));
#4331=IFCPOLYLOOP((#4326,#4330,#2717));
#4332=IFCFACEOUTERBOUND(#4331,.T.);
#4333=IFCFACE((#4332));
#4334=IFCPOLYLOOP((#2717,#4330,#2702));
#4335=IFCFACEOUTERBOUND(#4334,.T.);
#4336=IFCFACE((#4335));
#4337=IFCPOLYLOOP((#4330,#2721,#2702));
#4338=IFCFACEOUTERBOUND(#4337,.T.);
#4339=IFCFACE((#4338));
#4340=IFCCARTESIANPOINT((6.74,-3.49000000000001,1.87777777777778));
#4341=IFCPOLYLOOP((#4330,#4340,#2721));
#4342=IFCFACEOUTERBOUND(#4341,.T.);
#4343=IFCFACE((#4342));
#4344=IFCPOLYLOOP((#4340,#2744,#2721));
#4345=IFCFACEOUTERBOUND(#4344,.T.);
#4346=IFCFACE((#4345));
#4347=IFCCARTESIANPOINT((7.24,-3.49,1.87777777777778));
#4348=IFCPOLYLOOP((#4340,#4347,#2744));
#4349=IFCFACEOUTERBOUND(#4348,.T.);
#4350=IFCFACE((#4349));
#4351=IFCPOLYLOOP((#4347,#2745,#2744));
#4352=IFCFACEOUTERBOUND(#4351,.T.);
#4353=IFCFACE((#4352));
#4354=IFCCARTESIANPOINT((7.24,-3.49,2.80666666666667));
#4355=IFCPOLYLOOP((#4347,#4354,#2745));
#4356=IFCFACEOUTERBOUND(#4355,.T.);
#4357=IFCFACE((#4356));
#4358=IFCCARTESIANPOINT((6.74,-3.49000000000001,2.80666666666667));
#4359=IFCPOLYLOOP((#4354,#4358,#2745));
#4360=IFCFACEOUTERBOUND(#4359,.T.);
#4361=IFCFACE((#4360));
#4362=IFCPOLYLOOP((#2745,#4358,#2737));
#4363=IFCFACEOUTERBOUND(#4362,.T.);
#4364=IFCFACE((#4363));
#4365=IFCPOLYLOOP((#4358,#2752,#2737));
#4366=IFCFACEOUTERBOUND(#4365,.T.);
#4367=IFCFACE((#4366));
#4368=IFCCARTESIANPOINT((6.74,-3.49000000000001,3.73555555555556));
#4369=IFCPOLYLOOP((#4358,#4368,#2752));
#4370=IFCFACEOUTERBOUND(#4369,.T.);
#4371=IFCFACE((#4370));
#4372=IFCPOLYLOOP((#4368,#2766,#2752));
#4373=IFCFACEOUTERBOUND(#4372,.T.);
#4374=IFCFACE((#4373));
#4375=IFCCARTESIANPOINT((7.24,-3.49,3.73555555555556));
#4376=IFCPOLYLOOP((#4368,#4375,#2766));
#4377=IFCFACEOUTERBOUND(#4376,.T.);
#4378=IFCFACE((#4377));
#4379=IFCPOLYLOOP((#4375,#2773,#2766));
#4380=IFCFACEOUTERBOUND(#4379,.T.);
#4381=IFCFACE((#4380));
#4382=IFCCARTESIANPOINT((7.24,-3.49,4.66444444444445));
#4383=IFCPOLYLOOP((#4375,#4382,#2773));
#4384=IFCFACEOUTERBOUND(#4383,.T.);
#4385=IFCFACE((#4384));
#4386=IFCCARTESIANPOINT((6.74,-3.49000000000001,4.66444444444445));
#4387=IFCPOLYLOOP((#4382,#4386,#2773));
#4388=IFCFACEOUTERBOUND(#4387,.T.);
#4389=IFCFACE((#4388));
#4390=IFCPOLYLOOP((#2773,#4386,#2762));
#4391=IFCFACEOUTERBOUND(#4390,.T.);
#4392=IFCFACE((#4391));
#4393=IFCPOLYLOOP((#4386,#2777,#2762));
#4394=IFCFACEOUTERBOUND(#4393,.T.);
#4395=IFCFACE((#4394));
#4396=IFCCARTESIANPOINT((6.74,-3.49000000000001,5.59333333333334));
#4397=IFCPOLYLOOP((#4386,#4396,#2777));
#4398=IFCFACEOUTERBOUND(#4397,.T.);
#4399=IFCFACE((#4398));
#4400=IFCPOLYLOOP((#4396,#2792,#2777));
#4401=IFCFACEOUTERBOUND(#4400,.T.);
#4402=IFCFACE((#4401));
#4403=IFCCARTESIANPOINT((7.24,-3.49000000000001,5.59333333333334));
#4404=IFCPOLYLOOP((#4396,#4403,#2792));
#4405=IFCFACEOUTERBOUND(#4404,.T.);
#4406=IFCFACE((#4405));
#4407=IFCCARTESIANPOINT((7.24,-3.49000000000001,6.52222222222223));
#4408=IFCPOLYLOOP((#4403,#4407,#2792));
#4409=IFCFACEOUTERBOUND(#4408,.T.);
#4410=IFCFACE((#4409));
#4411=IFCPOLYLOOP((#2792,#4407,#2788));
#4412=IFCFACEOUTERBOUND(#4411,.T.);
#4413=IFCFACE((#4412));
#4414=IFCCARTESIANPOINT((6.74,-3.49000000000001,6.52222222222223));
#4415=IFCPOLYLOOP((#4407,#4414,#2788));
#4416=IFCFACEOUTERBOUND(#4415,.T.);
#4417=IFCFACE((#4416));
#4418=IFCPOLYLOOP((#2788,#4414,#2781));
#4419=IFCFACEOUTERBOUND(#4418,.T.);
#4420=IFCFACE((#4419));
#4421=IFCPOLYLOOP((#4414,#2796,#2781));
#4422=IFCFACEOUTERBOUND(#4421,.T.);
#4423=IFCFACE((#4422));
#4424=IFCCARTESIANPOINT((6.74,-3.49,7.45111111111112));
#4425=IFCPOLYLOOP((#4414,#4424,#2796));
#4426=IFCFACEOUTERBOUND(#4425,.T.);
#4427=IFCFACE((#4426));
#4428=IFCPOLYLOOP((#4424,#2809,#2796));
#4429=IFCFACEOUTERBOUND(#4428,.T.);
#4430=IFCFACE((#4429));
#4431=IFCCARTESIANPOINT((7.24,-3.49000000000001,7.45111111111112));
#4432=IFCPOLYLOOP((#4424,#4431,#2809));
#4433=IFCFACEOUTERBOUND(#4432,.T.);
#4434=IFCFACE((#4433));
#4435=IFCPOLYLOOP((#4431,#1868,#2809));
#4436=IFCFACEOUTERBOUND(#4435,.T.);
#4437=IFCFACE((#4436));
#4438=IFCPOLYLOOP((#4431,#4265,#1868));
#4439=IFCFACEOUTERBOUND(#4438,.T.);
#4440=IFCFACE((#4439));
#4441=IFCCARTESIANPOINT((0.699999999999995,2.72,8.28));
#4442=IFCPOLYLOOP((#2168,#2406,#4441));
#4443=IFCFACEOUTERBOUND(#4442,.T.);
#4444=IFCFACE((#4443));
#4445=IFCCARTESIANPOINT((-1.E-07,2.72,8.28));
#4446=IFCPOLYLOOP((#4445,#2168,#4441));
#4447=IFCFACEOUTERBOUND(#4446,.T.);
#4448=IFCFACE((#4447));
#4449=IFCPOLYLOOP((#4445,#3039,#2168));
#4450=IFCFACEOUTERBOUND(#4449,.T.);
#4451=IFCFACE((#4450));
#4452=IFCCARTESIANPOINT((-2.718E-15,3.07,8.28));
#4453=IFCPOLYLOOP((#4452,#3039,#4445));
#4454=IFCFACEOUTERBOUND(#4453,.T.);
#4455=IFCFACE((#4454));
#4456=IFCCARTESIANPOINT((-0.0626604038282732,3.49,8.28));
#4457=IFCCARTESIANPOINT((-1.E-07,3.42,8.28));
#4458=IFCPOLYLOOP((#4456,#4452,#4457));
#4459=IFCFACEOUTERBOUND(#4458,.T.);
#4460=IFCFACE((#4459));
#4461=IFCCARTESIANPOINT((0.849999999999997,3.49,8.28));
#4462=IFCCARTESIANPOINT((0.849999999999997,3.42,8.28));
#4463=IFCPOLYLOOP((#4461,#4457,#4462));
#4464=IFCFACEOUTERBOUND(#4463,.T.);
#4465=IFCFACE((#4464));
#4466=IFCPOLYLOOP((#4461,#4456,#4457));
#4467=IFCFACEOUTERBOUND(#4466,.T.);
#4468=IFCFACE((#4467));
#4469=IFCPOLYLOOP((#4456,#3039,#4452));
#4470=IFCFACEOUTERBOUND(#4469,.T.);
#4471=IFCFACE((#4470));
#4472=IFCPOLYLOOP((#4456,#3040,#3039));
#4473=IFCFACEOUTERBOUND(#4472,.T.);
#4474=IFCFACE((#4473));
#4475=IFCPOLYLOOP((#4456,#3064,#3040));
#4476=IFCFACEOUTERBOUND(#4475,.T.);
#4477=IFCFACE((#4476));
#4478=IFCPOLYLOOP((#3040,#3057,#3047));
#4479=IFCFACEOUTERBOUND(#4478,.T.);
#4480=IFCFACE((#4479));
#4481=IFCPOLYLOOP((#3064,#3057,#3040));
#4482=IFCFACEOUTERBOUND(#4481,.T.);
#4483=IFCFACE((#4482));
#4484=IFCPOLYLOOP((#4456,#3068,#3064));
#4485=IFCFACEOUTERBOUND(#4484,.T.);
#4486=IFCFACE((#4485));
#4487=IFCPOLYLOOP((#3068,#3092,#3075));
#4488=IFCFACEOUTERBOUND(#4487,.T.);
#4489=IFCFACE((#4488));
#4490=IFCPOLYLOOP((#4456,#3092,#3068));
#4491=IFCFACEOUTERBOUND(#4490,.T.);
#4492=IFCFACE((#4491));
#4493=IFCPOLYLOOP((#3092,#3082,#3075));
#4494=IFCFACEOUTERBOUND(#4493,.T.);
#4495=IFCFACE((#4494));
#4496=IFCPOLYLOOP((#3096,#3110,#3103));
#4497=IFCFACEOUTERBOUND(#4496,.T.);
#4498=IFCFACE((#4497));
#4499=IFCPOLYLOOP((#3120,#3110,#3096));
#4500=IFCFACEOUTERBOUND(#4499,.T.);
#4501=IFCFACE((#4500));
#4502=IFCPOLYLOOP((#3120,#3166,#3124));
#4503=IFCFACEOUTERBOUND(#4502,.T.);
#4504=IFCFACE((#4503));
#4505=IFCPOLYLOOP((#3096,#3166,#3120));
#4506=IFCFACEOUTERBOUND(#4505,.T.);
#4507=IFCFACE((#4506));
#4508=IFCPOLYLOOP((#3166,#3148,#3124));
#4509=IFCFACEOUTERBOUND(#4508,.T.);
#4510=IFCFACE((#4509));
#4511=IFCPOLYLOOP((#3124,#3138,#3131));
#4512=IFCFACEOUTERBOUND(#4511,.T.);
#4513=IFCFACE((#4512));
#4514=IFCPOLYLOOP((#3148,#3138,#3124));
#4515=IFCFACEOUTERBOUND(#4514,.T.);
#4516=IFCFACE((#4515));
#4517=IFCPOLYLOOP((#3166,#3155,#3148));
#4518=IFCFACEOUTERBOUND(#4517,.T.);
#4519=IFCFACE((#4518));
#4520=IFCPOLYLOOP((#4456,#3166,#3096));
#4521=IFCFACEOUTERBOUND(#4520,.T.);
#4522=IFCFACE((#4521));
#4523=IFCPOLYLOOP((#4456,#3096,#3092));
#4524=IFCFACEOUTERBOUND(#4523,.T.);
#4525=IFCFACE((#4524));
#4526=IFCCARTESIANPOINT((0.849999999999999,3.42,0.948888888888888));
#4527=IFCCARTESIANPOINT((0.849999999999999,3.49000000000001,0.948888888888888));
#4528=IFCPOLYLOOP((#4526,#3172,#4527));
#4529=IFCFACEOUTERBOUND(#4528,.T.);
#4530=IFCFACE((#4529));
#4531=IFCPOLYLOOP((#4527,#3172,#3171));
#4532=IFCFACEOUTERBOUND(#4531,.T.);
#4533=IFCFACE((#4532));
#4534=IFCPOLYLOOP((#3172,#3596,#3167));
#4535=IFCFACEOUTERBOUND(#4534,.T.);
#4536=IFCFACE((#4535));
#4537=IFCCARTESIANPOINT((1.35,3.42,0.948888888888889));
#4538=IFCPOLYLOOP((#4537,#3172,#4526));
#4539=IFCFACEOUTERBOUND(#4538,.T.);
#4540=IFCFACE((#4539));
#4541=IFCCARTESIANPOINT((0.849999999999997,3.42,2.80666666666667));
#4542=IFCCARTESIANPOINT((1.35,3.42,1.87777777777778));
#4543=IFCCARTESIANPOINT((0.849999999999998,3.42,1.87777777777778));
#4544=IFCPOLYLOOP((#4541,#4542,#4543));
#4545=IFCFACEOUTERBOUND(#4544,.T.);
#4546=IFCFACE((#4545));
#4547=IFCCARTESIANPOINT((1.35,3.42,2.80666666666667));
#4548=IFCPOLYLOOP((#4547,#4542,#4541));
#4549=IFCFACEOUTERBOUND(#4548,.T.);
#4550=IFCFACE((#4549));
#4551=IFCCARTESIANPOINT((1.35,3.42,4.66444444444445));
#4552=IFCCARTESIANPOINT((1.35,3.42,3.73555555555556));
#4553=IFCCARTESIANPOINT((0.849999999999998,3.42,3.73555555555556));
#4554=IFCPOLYLOOP((#4551,#4552,#4553));
#4555=IFCFACEOUTERBOUND(#4554,.T.);
#4556=IFCFACE((#4555));
#4557=IFCCARTESIANPOINT((0.849999999999998,3.42,4.66444444444445));
#4558=IFCPOLYLOOP((#4551,#4553,#4557));
#4559=IFCFACEOUTERBOUND(#4558,.T.);
#4560=IFCFACE((#4559));
#4561=IFCCARTESIANPOINT((6.74,3.42,0.948888888888891));
#4562=IFCPOLYLOOP((#4561,#4537,#4542));
#4563=IFCFACEOUTERBOUND(#4562,.T.);
#4564=IFCFACE((#4563));
#4565=IFCPOLYLOOP((#4561,#3172,#4537));
#4566=IFCFACEOUTERBOUND(#4565,.T.);
#4567=IFCFACE((#4566));
#4568=IFCCARTESIANPOINT((1.35,3.42,6.52222222222223));
#4569=IFCCARTESIANPOINT((1.35,3.42,5.59333333333333));
#4570=IFCCARTESIANPOINT((0.849999999999998,3.42,5.59333333333333));
#4571=IFCPOLYLOOP((#4568,#4569,#4570));
#4572=IFCFACEOUTERBOUND(#4571,.T.);
#4573=IFCFACE((#4572));
#4574=IFCCARTESIANPOINT((0.849999999999998,3.42,6.52222222222223));
#4575=IFCPOLYLOOP((#4568,#4570,#4574));
#4576=IFCFACEOUTERBOUND(#4575,.T.);
#4577=IFCFACE((#4576));
#4578=IFCPOLYLOOP((#3607,#3172,#4561));
#4579=IFCFACEOUTERBOUND(#4578,.T.);
#4580=IFCFACE((#4579));
#4581=IFCCARTESIANPOINT((7.24,3.42,0.817591339648174));
#4582=IFCPOLYLOOP((#4581,#3607,#4561));
#4583=IFCFACEOUTERBOUND(#4582,.T.);
#4584=IFCFACE((#4583));
#4585=IFCCARTESIANPOINT((7.24,3.42,0.948888888888891));
#4586=IFCPOLYLOOP((#4585,#4581,#4561));
#4587=IFCFACEOUTERBOUND(#4586,.T.);
#4588=IFCFACE((#4587));
#4589=IFCCARTESIANPOINT((7.3899999,3.42,0.827334228958052));
#4590=IFCPOLYLOOP((#4589,#3607,#4581));
#4591=IFCFACEOUTERBOUND(#4590,.T.);
#4592=IFCFACE((#4591));
#4593=IFCCARTESIANPOINT((6.74,3.42,1.87777777777778));
#4594=IFCPOLYLOOP((#4593,#4561,#4542));
#4595=IFCFACEOUTERBOUND(#4594,.T.);
#4596=IFCFACE((#4595));
#4597=IFCCARTESIANPOINT((1.35,3.42,7.45111111111111));
#4598=IFCCARTESIANPOINT((0.849999999999997,3.42,7.45111111111111));
#4599=IFCPOLYLOOP((#4462,#4597,#4598));
#4600=IFCFACEOUTERBOUND(#4599,.T.);
#4601=IFCFACE((#4600));
#4602=IFCCARTESIANPOINT((6.74,3.42,2.80666666666667));
#4603=IFCPOLYLOOP((#4602,#4547,#4552));
#4604=IFCFACEOUTERBOUND(#4603,.T.);
#4605=IFCFACE((#4604));
#4606=IFCCARTESIANPOINT((7.24,3.42,1.87777777777778));
#4607=IFCPOLYLOOP((#4602,#4606,#4593));
#4608=IFCFACEOUTERBOUND(#4607,.T.);
#4609=IFCFACE((#4608));
#4610=IFCPOLYLOOP((#4602,#4593,#4542));
#4611=IFCFACEOUTERBOUND(#4610,.T.);
#4612=IFCFACE((#4611));
#4613=IFCPOLYLOOP((#4602,#4542,#4547));
#4614=IFCFACEOUTERBOUND(#4613,.T.);
#4615=IFCFACE((#4614));
#4616=IFCCARTESIANPOINT((7.24,3.42,2.80666666666667));
#4617=IFCPOLYLOOP((#4616,#4606,#4602));
#4618=IFCFACEOUTERBOUND(#4617,.T.);
#4619=IFCFACE((#4618));
#4620=IFCCARTESIANPOINT((6.74,3.42,3.73555555555556));
#4621=IFCPOLYLOOP((#4620,#4552,#4551));
#4622=IFCFACEOUTERBOUND(#4621,.T.);
#4623=IFCFACE((#4622));
#4624=IFCPOLYLOOP((#4620,#4602,#4552));
#4625=IFCFACEOUTERBOUND(#4624,.T.);
#4626=IFCFACE((#4625));
#4627=IFCCARTESIANPOINT((6.74,3.42,4.66444444444445));
#4628=IFCPOLYLOOP((#4627,#4551,#4569));
#4629=IFCFACEOUTERBOUND(#4628,.T.);
#4630=IFCFACE((#4629));
#4631=IFCCARTESIANPOINT((7.24,3.42,3.73555555555556));
#4632=IFCPOLYLOOP((#4627,#4631,#4620));
#4633=IFCFACEOUTERBOUND(#4632,.T.);
#4634=IFCFACE((#4633));
#4635=IFCPOLYLOOP((#4627,#4620,#4551));
#4636=IFCFACEOUTERBOUND(#4635,.T.);
#4637=IFCFACE((#4636));
#4638=IFCCARTESIANPOINT((7.24,3.42,4.66444444444445));
#4639=IFCPOLYLOOP((#4638,#4631,#4627));
#4640=IFCFACEOUTERBOUND(#4639,.T.);
#4641=IFCFACE((#4640));
#4642=IFCCARTESIANPOINT((6.74,3.42,5.59333333333334));
#4643=IFCPOLYLOOP((#4642,#4627,#4569));
#4644=IFCFACEOUTERBOUND(#4643,.T.);
#4645=IFCFACE((#4644));
#4646=IFCCARTESIANPOINT((6.74,3.42,6.52222222222223));
#4647=IFCPOLYLOOP((#4646,#4642,#4569));
#4648=IFCFACEOUTERBOUND(#4647,.T.);
#4649=IFCFACE((#4648));
#4650=IFCPOLYLOOP((#4646,#4568,#4597));
#4651=IFCFACEOUTERBOUND(#4650,.T.);
#4652=IFCFACE((#4651));
#4653=IFCPOLYLOOP((#4646,#4569,#4568));
#4654=IFCFACEOUTERBOUND(#4653,.T.);
#4655=IFCFACE((#4654));
#4656=IFCCARTESIANPOINT((7.24,3.42,6.52222222222223));
#4657=IFCPOLYLOOP((#4656,#4642,#4646));
#4658=IFCFACEOUTERBOUND(#4657,.T.);
#4659=IFCFACE((#4658));
#4660=IFCCARTESIANPOINT((7.24,3.42,5.59333333333334));
#4661=IFCPOLYLOOP((#4656,#4660,#4642));
#4662=IFCFACEOUTERBOUND(#4661,.T.);
#4663=IFCFACE((#4662));
#4664=IFCCARTESIANPOINT((6.74,3.42,7.45111111111112));
#4665=IFCPOLYLOOP((#4664,#4646,#4597));
#4666=IFCFACEOUTERBOUND(#4665,.T.);
#4667=IFCFACE((#4666));
#4668=IFCPOLYLOOP((#4664,#4597,#4462));
#4669=IFCFACEOUTERBOUND(#4668,.T.);
#4670=IFCFACE((#4669));
#4671=IFCCARTESIANPOINT((7.24,3.42,8.28));
#4672=IFCPOLYLOOP((#4671,#4664,#4462));
#4673=IFCFACEOUTERBOUND(#4672,.T.);
#4674=IFCFACE((#4673));
#4675=IFCCARTESIANPOINT((7.24,3.42,7.45111111111112));
#4676=IFCPOLYLOOP((#4671,#4675,#4664));
#4677=IFCFACEOUTERBOUND(#4676,.T.);
#4678=IFCFACE((#4677));
#4679=IFCPOLYLOOP((#3607,#3596,#3172));
#4680=IFCFACEOUTERBOUND(#4679,.T.);
#4681=IFCFACE((#4680));
#4682=IFCPOLYLOOP((#3162,#3167,#3182));
#4683=IFCFACEOUTERBOUND(#4682,.T.);
#4684=IFCFACE((#4683));
#4685=IFCPOLYLOOP((#3167,#3596,#3182));
#4686=IFCFACEOUTERBOUND(#4685,.T.);
#4687=IFCFACE((#4686));
#4688=IFCCARTESIANPOINT((0.849999999999997,3.49000000000001,7.45111111111111));
#4689=IFCPOLYLOOP((#4688,#4456,#4461));
#4690=IFCFACEOUTERBOUND(#4689,.T.);
#4691=IFCFACE((#4690));
#4692=IFCCARTESIANPOINT((1.35,3.49,7.45111111111111));
#4693=IFCCARTESIANPOINT((1.35,3.49000000000001,6.52222222222223));
#4694=IFCPOLYLOOP((#4692,#4693,#4688));
#4695=IFCFACEOUTERBOUND(#4694,.T.);
#4696=IFCFACE((#4695));
#4697=IFCCARTESIANPOINT((0.849999999999998,3.49000000000001,6.52222222222223));
#4698=IFCPOLYLOOP((#4693,#4697,#4688));
#4699=IFCFACEOUTERBOUND(#4698,.T.);
#4700=IFCFACE((#4699));
#4701=IFCPOLYLOOP((#4688,#4697,#4456));
#4702=IFCFACEOUTERBOUND(#4701,.T.);
#4703=IFCFACE((#4702));
#4704=IFCCARTESIANPOINT((0.849999999999998,3.49000000000001,5.59333333333333));
#4705=IFCPOLYLOOP((#4697,#4704,#4456));
#4706=IFCFACEOUTERBOUND(#4705,.T.);
#4707=IFCFACE((#4706));
#4708=IFCCARTESIANPOINT((1.35,3.49,5.59333333333333));
#4709=IFCCARTESIANPOINT((1.35,3.49,4.66444444444445));
#4710=IFCPOLYLOOP((#4708,#4709,#4704));
#4711=IFCFACEOUTERBOUND(#4710,.T.);
#4712=IFCFACE((#4711));
#4713=IFCCARTESIANPOINT((0.849999999999998,3.49,4.66444444444445));
#4714=IFCPOLYLOOP((#4709,#4713,#4704));
#4715=IFCFACEOUTERBOUND(#4714,.T.);
#4716=IFCFACE((#4715));
#4717=IFCPOLYLOOP((#4704,#4713,#4456));
#4718=IFCFACEOUTERBOUND(#4717,.T.);
#4719=IFCFACE((#4718));
#4720=IFCCARTESIANPOINT((1.35,3.49,3.73555555555556));
#4721=IFCCARTESIANPOINT((1.35,3.49000000000001,2.80666666666667));
#4722=IFCCARTESIANPOINT((0.849999999999998,3.49000000000001,3.73555555555556));
#4723=IFCPOLYLOOP((#4720,#4721,#4722));
#4724=IFCFACEOUTERBOUND(#4723,.T.);
#4725=IFCFACE((#4724));
#4726=IFCCARTESIANPOINT((0.849999999999997,3.49000000000001,2.80666666666667));
#4727=IFCPOLYLOOP((#4721,#4726,#4722));
#4728=IFCFACEOUTERBOUND(#4727,.T.);
#4729=IFCFACE((#4728));
#4730=IFCCARTESIANPOINT((1.35,3.49,0.948888888888889));
#4731=IFCCARTESIANPOINT((1.35,3.49000000000001,1.87777777777778));
#4732=IFCPOLYLOOP((#4730,#4527,#4731));
#4733=IFCFACEOUTERBOUND(#4732,.T.);
#4734=IFCFACE((#4733));
#4735=IFCCARTESIANPOINT((0.849999999999998,3.49000000000001,1.87777777777778));
#4736=IFCPOLYLOOP((#4731,#4527,#4735));
#4737=IFCFACEOUTERBOUND(#4736,.T.);
#4738=IFCFACE((#4737));
#4739=IFCPOLYLOOP((#3171,#3166,#4527));
#4740=IFCFACEOUTERBOUND(#4739,.T.);
#4741=IFCFACE((#4740));
#4742=IFCPOLYLOOP((#4735,#3166,#4726));
#4743=IFCFACEOUTERBOUND(#4742,.T.);
#4744=IFCFACE((#4743));
#4745=IFCPOLYLOOP((#4726,#3166,#4722));
#4746=IFCFACEOUTERBOUND(#4745,.T.);
#4747=IFCFACE((#4746));
#4748=IFCPOLYLOOP((#4527,#3166,#4735));
#4749=IFCFACEOUTERBOUND(#4748,.T.);
#4750=IFCFACE((#4749));
#4751=IFCPOLYLOOP((#3166,#4456,#4713));
#4752=IFCFACEOUTERBOUND(#4751,.T.);
#4753=IFCFACE((#4752));
#4754=IFCPOLYLOOP((#3166,#4713,#4722));
#4755=IFCFACEOUTERBOUND(#4754,.T.);
#4756=IFCFACE((#4755));
#4757=IFCPOLYLOOP((#3286,#3515,#3514));
#4758=IFCFACEOUTERBOUND(#4757,.T.);
#4759=IFCFACE((#4758));
#4760=IFCPOLYLOOP((#3286,#3290,#3515));
#4761=IFCFACEOUTERBOUND(#4760,.T.);
#4762=IFCFACE((#4761));
#4763=IFCPOLYLOOP((#3286,#4441,#2406));
#4764=IFCFACEOUTERBOUND(#4763,.T.);
#4765=IFCFACE((#4764));
#4766=IFCPOLYLOOP((#3514,#4441,#3286));
#4767=IFCFACEOUTERBOUND(#4766,.T.);
#4768=IFCFACE((#4767));
#4769=IFCCARTESIANPOINT((1.35,2.57,7.45111111111111));
#4770=IFCCARTESIANPOINT((0.987339596171727,2.44,7.45111111111111));
#4771=IFCCARTESIANPOINT((1.35,2.44,7.45111111111111));
#4772=IFCPOLYLOOP((#4769,#4770,#4771));
#4773=IFCFACEOUTERBOUND(#4772,.T.);
#4774=IFCFACE((#4773));
#4775=IFCPOLYLOOP((#4769,#3290,#4770));
#4776=IFCFACEOUTERBOUND(#4775,.T.);
#4777=IFCFACE((#4776));
#4778=IFCPOLYLOOP((#4770,#3294,#3302));
#4779=IFCFACEOUTERBOUND(#4778,.T.);
#4780=IFCFACE((#4779));
#4781=IFCPOLYLOOP((#3290,#3294,#4770));
#4782=IFCFACEOUTERBOUND(#4781,.T.);
#4783=IFCFACE((#4782));
#4784=IFCCARTESIANPOINT((0.987339596171727,2.44,6.52222222222222));
#4785=IFCPOLYLOOP((#3301,#4784,#3306));
#4786=IFCFACEOUTERBOUND(#4785,.T.);
#4787=IFCFACE((#4786));
#4788=IFCCARTESIANPOINT((1.35,2.44,6.52222222222223));
#4789=IFCCARTESIANPOINT((1.35,2.57,6.52222222222223));
#4790=IFCPOLYLOOP((#4788,#4784,#4789));
#4791=IFCFACEOUTERBOUND(#4790,.T.);
#4792=IFCFACE((#4791));
#4793=IFCPOLYLOOP((#4784,#3319,#4789));
#4794=IFCFACEOUTERBOUND(#4793,.T.);
#4795=IFCFACE((#4794));
#4796=IFCPOLYLOOP((#3301,#3319,#4784));
#4797=IFCFACEOUTERBOUND(#4796,.T.);
#4798=IFCFACE((#4797));
#4799=IFCPOLYLOOP((#4784,#4770,#3302));
#4800=IFCFACEOUTERBOUND(#4799,.T.);
#4801=IFCFACE((#4800));
#4802=IFCPOLYLOOP((#3306,#4784,#3302));
#4803=IFCFACEOUTERBOUND(#4802,.T.);
#4804=IFCFACE((#4803));
#4805=IFCPOLYLOOP((#3319,#3478,#3477));
#4806=IFCFACEOUTERBOUND(#4805,.T.);
#4807=IFCFACE((#4806));
#4808=IFCPOLYLOOP((#3319,#3326,#3478));
#4809=IFCFACEOUTERBOUND(#4808,.T.);
#4810=IFCFACE((#4809));
#4811=IFCCARTESIANPOINT((1.35,2.56999999999999,5.59333333333334));
#4812=IFCCARTESIANPOINT((0.987339596171727,2.44,5.59333333333334));
#4813=IFCCARTESIANPOINT((1.35,2.44,5.59333333333334));
#4814=IFCPOLYLOOP((#4811,#4812,#4813));
#4815=IFCFACEOUTERBOUND(#4814,.T.);
#4816=IFCFACE((#4815));
#4817=IFCPOLYLOOP((#4811,#3326,#4812));
#4818=IFCFACEOUTERBOUND(#4817,.T.);
#4819=IFCFACE((#4818));
#4820=IFCPOLYLOOP((#4812,#3330,#3338));
#4821=IFCFACEOUTERBOUND(#4820,.T.);
#4822=IFCFACE((#4821));
#4823=IFCPOLYLOOP((#3326,#3330,#4812));
#4824=IFCFACEOUTERBOUND(#4823,.T.);
#4825=IFCFACE((#4824));
#4826=IFCCARTESIANPOINT((0.987339596171727,2.44,4.66444444444445));
#4827=IFCPOLYLOOP((#3342,#4826,#3337));
#4828=IFCFACEOUTERBOUND(#4827,.T.);
#4829=IFCFACE((#4828));
#4830=IFCCARTESIANPOINT((1.35,2.44,4.66444444444445));
#4831=IFCCARTESIANPOINT((1.35,2.56999999999999,4.66444444444445));
#4832=IFCPOLYLOOP((#4830,#4826,#4831));
#4833=IFCFACEOUTERBOUND(#4832,.T.);
#4834=IFCFACE((#4833));
#4835=IFCPOLYLOOP((#4826,#3355,#4831));
#4836=IFCFACEOUTERBOUND(#4835,.T.);
#4837=IFCFACE((#4836));
#4838=IFCPOLYLOOP((#3342,#3355,#4826));
#4839=IFCFACEOUTERBOUND(#4838,.T.);
#4840=IFCFACE((#4839));
#4841=IFCPOLYLOOP((#4826,#4812,#3338));
#4842=IFCFACEOUTERBOUND(#4841,.T.);
#4843=IFCFACE((#4842));
#4844=IFCPOLYLOOP((#3337,#4826,#3338));
#4845=IFCFACEOUTERBOUND(#4844,.T.);
#4846=IFCFACE((#4845));
#4847=IFCPOLYLOOP((#3355,#3468,#3472));
#4848=IFCFACEOUTERBOUND(#4847,.T.);
#4849=IFCFACE((#4848));
#4850=IFCPOLYLOOP((#3355,#3362,#3468));
#4851=IFCFACEOUTERBOUND(#4850,.T.);
#4852=IFCFACE((#4851));
#4853=IFCCARTESIANPOINT((1.35,2.56999999999999,3.73555555555556));
#4854=IFCCARTESIANPOINT((0.987339596171727,2.44,3.73555555555556));
#4855=IFCCARTESIANPOINT((1.35,2.44,3.73555555555556));
#4856=IFCPOLYLOOP((#4853,#4854,#4855));
#4857=IFCFACEOUTERBOUND(#4856,.T.);
#4858=IFCFACE((#4857));
#4859=IFCPOLYLOOP((#4853,#3362,#4854));
#4860=IFCFACEOUTERBOUND(#4859,.T.);
#4861=IFCFACE((#4860));
#4862=IFCPOLYLOOP((#4854,#3366,#3374));
#4863=IFCFACEOUTERBOUND(#4862,.T.);
#4864=IFCFACE((#4863));
#4865=IFCPOLYLOOP((#3362,#3366,#4854));
#4866=IFCFACEOUTERBOUND(#4865,.T.);
#4867=IFCFACE((#4866));
#4868=IFCCARTESIANPOINT((0.987339596171727,2.44,2.80666666666667));
#4869=IFCPOLYLOOP((#3378,#4868,#3373));
#4870=IFCFACEOUTERBOUND(#4869,.T.);
#4871=IFCFACE((#4870));
#4872=IFCCARTESIANPOINT((1.35,2.44,2.80666666666667));
#4873=IFCCARTESIANPOINT((1.35,2.57,2.80666666666667));
#4874=IFCPOLYLOOP((#4872,#4868,#4873));
#4875=IFCFACEOUTERBOUND(#4874,.T.);
#4876=IFCFACE((#4875));
#4877=IFCPOLYLOOP((#4868,#3391,#4873));
#4878=IFCFACEOUTERBOUND(#4877,.T.);
#4879=IFCFACE((#4878));
#4880=IFCPOLYLOOP((#3378,#3391,#4868));
#4881=IFCFACEOUTERBOUND(#4880,.T.);
#4882=IFCFACE((#4881));
#4883=IFCPOLYLOOP((#4868,#4854,#3374));
#4884=IFCFACEOUTERBOUND(#4883,.T.);
#4885=IFCFACE((#4884));
#4886=IFCPOLYLOOP((#3373,#4868,#3374));
#4887=IFCFACEOUTERBOUND(#4886,.T.);
#4888=IFCFACE((#4887));
#4889=IFCPOLYLOOP((#3391,#3458,#3457));
#4890=IFCFACEOUTERBOUND(#4889,.T.);
#4891=IFCFACE((#4890));
#4892=IFCPOLYLOOP((#3391,#3398,#3458));
#4893=IFCFACEOUTERBOUND(#4892,.T.);
#4894=IFCFACE((#4893));
#4895=IFCCARTESIANPOINT((1.35,2.56999999999999,1.87777777777778));
#4896=IFCCARTESIANPOINT((0.987339596171727,2.44,1.87777777777778));
#4897=IFCCARTESIANPOINT((1.35,2.44,1.87777777777778));
#4898=IFCPOLYLOOP((#4895,#4896,#4897));
#4899=IFCFACEOUTERBOUND(#4898,.T.);
#4900=IFCFACE((#4899));
#4901=IFCPOLYLOOP((#4895,#3398,#4896));
#4902=IFCFACEOUTERBOUND(#4901,.T.);
#4903=IFCFACE((#4902));
#4904=IFCPOLYLOOP((#4896,#3402,#3410));
#4905=IFCFACEOUTERBOUND(#4904,.T.);
#4906=IFCFACE((#4905));
#4907=IFCPOLYLOOP((#3398,#3402,#4896));
#4908=IFCFACEOUTERBOUND(#4907,.T.);
#4909=IFCFACE((#4908));
#4910=IFCCARTESIANPOINT((0.987339596171727,2.44,0.948888888888888));
#4911=IFCPOLYLOOP((#3414,#4910,#3409));
#4912=IFCFACEOUTERBOUND(#4911,.T.);
#4913=IFCFACE((#4912));
#4914=IFCCARTESIANPOINT((1.35,2.44,0.948888888888888));
#4915=IFCCARTESIANPOINT((1.35,2.56999999999999,0.948888888888888));
#4916=IFCPOLYLOOP((#4914,#4910,#4915));
#4917=IFCFACEOUTERBOUND(#4916,.T.);
#4918=IFCFACE((#4917));
#4919=IFCPOLYLOOP((#4910,#3427,#4915));
#4920=IFCFACEOUTERBOUND(#4919,.T.);
#4921=IFCFACE((#4920));
#4922=IFCPOLYLOOP((#3414,#3427,#4910));
#4923=IFCFACEOUTERBOUND(#4922,.T.);
#4924=IFCFACE((#4923));
#4925=IFCPOLYLOOP((#4910,#4896,#3410));
#4926=IFCFACEOUTERBOUND(#4925,.T.);
#4927=IFCFACE((#4926));
#4928=IFCPOLYLOOP((#3409,#4910,#3410));
#4929=IFCFACEOUTERBOUND(#4928,.T.);
#4930=IFCFACE((#4929));
#4931=IFCPOLYLOOP((#3427,#3441,#3449));
#4932=IFCFACEOUTERBOUND(#4931,.T.);
#4933=IFCFACE((#4932));
#4934=IFCPOLYLOOP((#3427,#3431,#3441));
#4935=IFCFACEOUTERBOUND(#4934,.T.);
#4936=IFCFACE((#4935));
#4937=IFCCARTESIANPOINT((7.24,2.57,0.817591339648174));
#4938=IFCPOLYLOOP((#3497,#3505,#4937));
#4939=IFCFACEOUTERBOUND(#4938,.T.);
#4940=IFCFACE((#4939));
#4941=IFCPOLYLOOP((#4937,#3505,#3803));
#4942=IFCFACEOUTERBOUND(#4941,.T.);
#4943=IFCFACE((#4942));
#4944=IFCPOLYLOOP((#3497,#4937,#3501));
#4945=IFCFACEOUTERBOUND(#4944,.T.);
#4946=IFCFACE((#4945));
#4947=IFCCARTESIANPOINT((7.24,2.57,0.94888888888889));
#4948=IFCPOLYLOOP((#4937,#4947,#3501));
#4949=IFCFACEOUTERBOUND(#4948,.T.);
#4950=IFCFACE((#4949));
#4951=IFCCARTESIANPOINT((6.74,2.56999999999999,0.94888888888889));
#4952=IFCPOLYLOOP((#4947,#4951,#3501));
#4953=IFCFACEOUTERBOUND(#4952,.T.);
#4954=IFCFACE((#4953));
#4955=IFCPOLYLOOP((#3501,#4951,#3482));
#4956=IFCFACEOUTERBOUND(#4955,.T.);
#4957=IFCFACE((#4956));
#4958=IFCPOLYLOOP((#4951,#3509,#3482));
#4959=IFCFACEOUTERBOUND(#4958,.T.);
#4960=IFCFACE((#4959));
#4961=IFCCARTESIANPOINT((6.74,2.56999999999999,1.87777777777778));
#4962=IFCPOLYLOOP((#4951,#4961,#3509));
#4963=IFCFACEOUTERBOUND(#4962,.T.);
#4964=IFCFACE((#4963));
#4965=IFCCARTESIANPOINT((6.74,2.44,0.94888888888889));
#4966=IFCCARTESIANPOINT((6.74,2.44,1.87777777777778));
#4967=IFCPOLYLOOP((#4965,#4966,#4951));
#4968=IFCFACEOUTERBOUND(#4967,.T.);
#4969=IFCFACE((#4968));
#4970=IFCPOLYLOOP((#4951,#4966,#4961));
#4971=IFCFACEOUTERBOUND(#4970,.T.);
#4972=IFCFACE((#4971));
#4973=IFCPOLYLOOP((#4961,#3526,#3509));
#4974=IFCFACEOUTERBOUND(#4973,.T.);
#4975=IFCFACE((#4974));
#4976=IFCCARTESIANPOINT((7.24,2.56999999999999,1.87777777777778));
#4977=IFCPOLYLOOP((#4961,#4976,#3526));
#4978=IFCFACEOUTERBOUND(#4977,.T.);
#4979=IFCFACE((#4978));
#4980=IFCPOLYLOOP((#4976,#3527,#3526));
#4981=IFCFACEOUTERBOUND(#4980,.T.);
#4982=IFCFACE((#4981));
#4983=IFCCARTESIANPOINT((7.24,2.56999999999999,2.80666666666667));
#4984=IFCPOLYLOOP((#4976,#4983,#3527));
#4985=IFCFACEOUTERBOUND(#4984,.T.);
#4986=IFCFACE((#4985));
#4987=IFCCARTESIANPOINT((6.74,2.56999999999999,2.80666666666667));
#4988=IFCPOLYLOOP((#4983,#4987,#3527));
#4989=IFCFACEOUTERBOUND(#4988,.T.);
#4990=IFCFACE((#4989));
#4991=IFCPOLYLOOP((#3527,#4987,#3519));
#4992=IFCFACEOUTERBOUND(#4991,.T.);
#4993=IFCFACE((#4992));
#4994=IFCPOLYLOOP((#4987,#3534,#3519));
#4995=IFCFACEOUTERBOUND(#4994,.T.);
#4996=IFCFACE((#4995));
#4997=IFCCARTESIANPOINT((6.74,2.57,3.73555555555556));
#4998=IFCPOLYLOOP((#4987,#4997,#3534));
#4999=IFCFACEOUTERBOUND(#4998,.T.);
#5000=IFCFACE((#4999));
#5001=IFCCARTESIANPOINT((6.74,2.44,2.80666666666667));
#5002=IFCCARTESIANPOINT((6.74,2.44,3.73555555555556));
#5003=IFCPOLYLOOP((#5001,#5002,#4987));
#5004=IFCFACEOUTERBOUND(#5003,.T.);
#5005=IFCFACE((#5004));
#5006=IFCPOLYLOOP((#4987,#5002,#4997));
#5007=IFCFACEOUTERBOUND(#5006,.T.);
#5008=IFCFACE((#5007));
#5009=IFCPOLYLOOP((#4997,#3555,#3534));
#5010=IFCFACEOUTERBOUND(#5009,.T.);
#5011=IFCFACE((#5010));
#5012=IFCCARTESIANPOINT((7.24,2.57,3.73555555555556));
#5013=IFCPOLYLOOP((#4997,#5012,#3555));
#5014=IFCFACEOUTERBOUND(#5013,.T.);
#5015=IFCFACE((#5014));
#5016=IFCPOLYLOOP((#5012,#3551,#3555));
#5017=IFCFACEOUTERBOUND(#5016,.T.);
#5018=IFCFACE((#5017));
#5019=IFCCARTESIANPOINT((7.24,2.57,4.66444444444445));
#5020=IFCPOLYLOOP((#5012,#5019,#3551));
#5021=IFCFACEOUTERBOUND(#5020,.T.);
#5022=IFCFACE((#5021));
#5023=IFCCARTESIANPOINT((6.74,2.56999999999999,4.66444444444445));
#5024=IFCPOLYLOOP((#5019,#5023,#3551));
#5025=IFCFACEOUTERBOUND(#5024,.T.);
#5026=IFCFACE((#5025));
#5027=IFCPOLYLOOP((#3551,#5023,#3544));
#5028=IFCFACEOUTERBOUND(#5027,.T.);
#5029=IFCFACE((#5028));
#5030=IFCPOLYLOOP((#5023,#3559,#3544));
#5031=IFCFACEOUTERBOUND(#5030,.T.);
#5032=IFCFACE((#5031));
#5033=IFCCARTESIANPOINT((6.74,2.56999999999999,5.59333333333334));
#5034=IFCPOLYLOOP((#5023,#5033,#3559));
#5035=IFCFACEOUTERBOUND(#5034,.T.);
#5036=IFCFACE((#5035));
#5037=IFCCARTESIANPOINT((6.74,2.44,4.66444444444445));
#5038=IFCCARTESIANPOINT((6.74,2.44,5.59333333333334));
#5039=IFCPOLYLOOP((#5037,#5038,#5023));
#5040=IFCFACEOUTERBOUND(#5039,.T.);
#5041=IFCFACE((#5040));
#5042=IFCPOLYLOOP((#5023,#5038,#5033));
#5043=IFCFACEOUTERBOUND(#5042,.T.);
#5044=IFCFACE((#5043));
#5045=IFCPOLYLOOP((#5033,#3567,#3559));
#5046=IFCFACEOUTERBOUND(#5045,.T.);
#5047=IFCFACE((#5046));
#5048=IFCCARTESIANPOINT((7.24,2.56999999999999,5.59333333333334));
#5049=IFCPOLYLOOP((#5033,#5048,#3567));
#5050=IFCFACEOUTERBOUND(#5049,.T.);
#5051=IFCFACE((#5050));
#5052=IFCPOLYLOOP((#5048,#3577,#3567));
#5053=IFCFACEOUTERBOUND(#5052,.T.);
#5054=IFCFACE((#5053));
#5055=IFCCARTESIANPOINT((7.24,2.57,6.52222222222222));
#5056=IFCPOLYLOOP((#5048,#5055,#3577));
#5057=IFCFACEOUTERBOUND(#5056,.T.);
#5058=IFCFACE((#5057));
#5059=IFCCARTESIANPOINT((6.74,2.57,6.52222222222222));
#5060=IFCPOLYLOOP((#5055,#5059,#3577));
#5061=IFCFACEOUTERBOUND(#5060,.T.);
#5062=IFCFACE((#5061));
#5063=IFCPOLYLOOP((#3577,#5059,#3563));
#5064=IFCFACEOUTERBOUND(#5063,.T.);
#5065=IFCFACE((#5064));
#5066=IFCPOLYLOOP((#5059,#3581,#3563));
#5067=IFCFACEOUTERBOUND(#5066,.T.);
#5068=IFCFACE((#5067));
#5069=IFCCARTESIANPOINT((6.74,2.57,7.45111111111111));
#5070=IFCPOLYLOOP((#5059,#5069,#3581));
#5071=IFCFACEOUTERBOUND(#5070,.T.);
#5072=IFCFACE((#5071));
#5073=IFCCARTESIANPOINT((6.74,2.44,6.52222222222222));
#5074=IFCCARTESIANPOINT((6.74,2.44,7.45111111111111));
#5075=IFCPOLYLOOP((#5073,#5074,#5059));
#5076=IFCFACEOUTERBOUND(#5075,.T.);
#5077=IFCFACE((#5076));
#5078=IFCPOLYLOOP((#5059,#5074,#5069));
#5079=IFCFACEOUTERBOUND(#5078,.T.);
#5080=IFCFACE((#5079));
#5081=IFCPOLYLOOP((#5069,#3592,#3581));
#5082=IFCFACEOUTERBOUND(#5081,.T.);
#5083=IFCFACE((#5082));
#5084=IFCCARTESIANPOINT((7.24,2.57,7.45111111111111));
#5085=IFCPOLYLOOP((#5069,#5084,#3592));
#5086=IFCFACEOUTERBOUND(#5085,.T.);
#5087=IFCFACE((#5086));
#5088=IFCPOLYLOOP((#5084,#3588,#3592));
#5089=IFCFACEOUTERBOUND(#5088,.T.);
#5090=IFCFACE((#5089));
#5091=IFCCARTESIANPOINT((7.24,2.57,8.28));
#5092=IFCPOLYLOOP((#5084,#5091,#3588));
#5093=IFCFACEOUTERBOUND(#5092,.T.);
#5094=IFCFACE((#5093));
#5095=IFCPOLYLOOP((#4671,#4462,#3514));
#5096=IFCFACEOUTERBOUND(#5095,.T.);
#5097=IFCFACE((#5096));
#5098=IFCPOLYLOOP((#4671,#3514,#3588));
#5099=IFCFACEOUTERBOUND(#5098,.T.);
#5100=IFCFACE((#5099));
#5101=IFCPOLYLOOP((#3290,#4769,#3515));
#5102=IFCFACEOUTERBOUND(#5101,.T.);
#5103=IFCFACE((#5102));
#5104=IFCPOLYLOOP((#3515,#4769,#3513));
#5105=IFCFACEOUTERBOUND(#5104,.T.);
#5106=IFCFACE((#5105));
#5107=IFCPOLYLOOP((#4769,#3489,#3513));
#5108=IFCFACEOUTERBOUND(#5107,.T.);
#5109=IFCFACE((#5108));
#5110=IFCPOLYLOOP((#4769,#4789,#3489));
#5111=IFCFACEOUTERBOUND(#5110,.T.);
#5112=IFCFACE((#5111));
#5113=IFCPOLYLOOP((#4771,#4788,#4769));
#5114=IFCFACEOUTERBOUND(#5113,.T.);
#5115=IFCFACE((#5114));
#5116=IFCPOLYLOOP((#4769,#4788,#4789));
#5117=IFCFACEOUTERBOUND(#5116,.T.);
#5118=IFCFACE((#5117));
#5119=IFCPOLYLOOP((#4789,#3477,#3489));
#5120=IFCFACEOUTERBOUND(#5119,.T.);
#5121=IFCFACE((#5120));
#5122=IFCPOLYLOOP((#4789,#3319,#3477));
#5123=IFCFACEOUTERBOUND(#5122,.T.);
#5124=IFCFACE((#5123));
#5125=IFCPOLYLOOP((#3326,#4811,#3478));
#5126=IFCFACEOUTERBOUND(#5125,.T.);
#5127=IFCFACE((#5126));
#5128=IFCPOLYLOOP((#3478,#4811,#3476));
#5129=IFCFACEOUTERBOUND(#5128,.T.);
#5130=IFCFACE((#5129));
#5131=IFCPOLYLOOP((#4811,#3467,#3476));
#5132=IFCFACEOUTERBOUND(#5131,.T.);
#5133=IFCFACE((#5132));
#5134=IFCPOLYLOOP((#4811,#4831,#3467));
#5135=IFCFACEOUTERBOUND(#5134,.T.);
#5136=IFCFACE((#5135));
#5137=IFCPOLYLOOP((#4813,#4830,#4811));
#5138=IFCFACEOUTERBOUND(#5137,.T.);
#5139=IFCFACE((#5138));
#5140=IFCPOLYLOOP((#4811,#4830,#4831));
#5141=IFCFACEOUTERBOUND(#5140,.T.);
#5142=IFCFACE((#5141));
#5143=IFCPOLYLOOP((#4831,#3472,#3467));
#5144=IFCFACEOUTERBOUND(#5143,.T.);
#5145=IFCFACE((#5144));
#5146=IFCPOLYLOOP((#4831,#3355,#3472));
#5147=IFCFACEOUTERBOUND(#5146,.T.);
#5148=IFCFACE((#5147));
#5149=IFCPOLYLOOP((#3362,#4853,#3468));
#5150=IFCFACEOUTERBOUND(#5149,.T.);
#5151=IFCFACE((#5150));
#5152=IFCPOLYLOOP((#3468,#4853,#3466));
#5153=IFCFACEOUTERBOUND(#5152,.T.);
#5154=IFCFACE((#5153));
#5155=IFCPOLYLOOP((#4853,#3462,#3466));
#5156=IFCFACEOUTERBOUND(#5155,.T.);
#5157=IFCFACE((#5156));
#5158=IFCPOLYLOOP((#4853,#4873,#3462));
#5159=IFCFACEOUTERBOUND(#5158,.T.);
#5160=IFCFACE((#5159));
#5161=IFCPOLYLOOP((#4855,#4872,#4853));
#5162=IFCFACEOUTERBOUND(#5161,.T.);
#5163=IFCFACE((#5162));
#5164=IFCPOLYLOOP((#4853,#4872,#4873));
#5165=IFCFACEOUTERBOUND(#5164,.T.);
#5166=IFCFACE((#5165));
#5167=IFCPOLYLOOP((#4873,#3457,#3462));
#5168=IFCFACEOUTERBOUND(#5167,.T.);
#5169=IFCFACE((#5168));
#5170=IFCPOLYLOOP((#4873,#3391,#3457));
#5171=IFCFACEOUTERBOUND(#5170,.T.);
#5172=IFCFACE((#5171));
#5173=IFCPOLYLOOP((#3398,#4895,#3458));
#5174=IFCFACEOUTERBOUND(#5173,.T.);
#5175=IFCFACE((#5174));
#5176=IFCPOLYLOOP((#3458,#4895,#3456));
#5177=IFCFACEOUTERBOUND(#5176,.T.);
#5178=IFCFACE((#5177));
#5179=IFCPOLYLOOP((#4895,#3448,#3456));
#5180=IFCFACEOUTERBOUND(#5179,.T.);
#5181=IFCFACE((#5180));
#5182=IFCPOLYLOOP((#4895,#4915,#3448));
#5183=IFCFACEOUTERBOUND(#5182,.T.);
#5184=IFCFACE((#5183));
#5185=IFCPOLYLOOP((#4897,#4914,#4895));
#5186=IFCFACEOUTERBOUND(#5185,.T.);
#5187=IFCFACE((#5186));
#5188=IFCPOLYLOOP((#4895,#4914,#4915));
#5189=IFCFACEOUTERBOUND(#5188,.T.);
#5190=IFCFACE((#5189));
#5191=IFCPOLYLOOP((#4915,#3449,#3448));
#5192=IFCFACEOUTERBOUND(#5191,.T.);
#5193=IFCFACE((#5192));
#5194=IFCPOLYLOOP((#4915,#3427,#3449));
#5195=IFCFACEOUTERBOUND(#5194,.T.);
#5196=IFCFACE((#5195));
#5197=IFCPOLYLOOP((#3607,#4589,#3600));
#5198=IFCFACEOUTERBOUND(#5197,.T.);
#5199=IFCFACE((#5198));
#5200=IFCCARTESIANPOINT((7.39,3.07,0.827334235453316));
#5201=IFCPOLYLOOP((#3600,#4589,#5200));
#5202=IFCFACEOUTERBOUND(#5201,.T.);
#5203=IFCFACE((#5202));
#5204=IFCPOLYLOOP((#2645,#4313,#3626));
#5205=IFCFACEOUTERBOUND(#5204,.T.);
#5206=IFCFACE((#5205));
#5207=IFCPOLYLOOP((#3626,#4313,#4293));
#5208=IFCFACEOUTERBOUND(#5207,.T.);
#5209=IFCFACE((#5208));
#5210=IFCCARTESIANPOINT((0.987339596171727,-2.44,0.94888888888889));
#5211=IFCPOLYLOOP((#4230,#5210,#4225));
#5212=IFCFACEOUTERBOUND(#5211,.T.);
#5213=IFCFACE((#5212));
#5214=IFCPOLYLOOP((#4230,#3646,#5210));
#5215=IFCFACEOUTERBOUND(#5214,.T.);
#5216=IFCFACE((#5215));
#5217=IFCPOLYLOOP((#5210,#3653,#3658));
#5218=IFCFACEOUTERBOUND(#5217,.T.);
#5219=IFCFACE((#5218));
#5220=IFCPOLYLOOP((#3646,#3653,#5210));
#5221=IFCFACEOUTERBOUND(#5220,.T.);
#5222=IFCFACE((#5221));
#5223=IFCCARTESIANPOINT((0.987339596171727,-2.44,1.87777777777778));
#5224=IFCPOLYLOOP((#3662,#5223,#3657));
#5225=IFCFACEOUTERBOUND(#5224,.T.);
#5226=IFCFACE((#5225));
#5227=IFCPOLYLOOP((#4226,#5223,#4221));
#5228=IFCFACEOUTERBOUND(#5227,.T.);
#5229=IFCFACE((#5228));
#5230=IFCPOLYLOOP((#5223,#3672,#4221));
#5231=IFCFACEOUTERBOUND(#5230,.T.);
#5232=IFCFACE((#5231));
#5233=IFCPOLYLOOP((#3662,#3672,#5223));
#5234=IFCFACEOUTERBOUND(#5233,.T.);
#5235=IFCFACE((#5234));
#5236=IFCPOLYLOOP((#5210,#3658,#3657));
#5237=IFCFACEOUTERBOUND(#5236,.T.);
#5238=IFCFACE((#5237));
#5239=IFCPOLYLOOP((#5210,#3657,#5223));
#5240=IFCFACEOUTERBOUND(#5239,.T.);
#5241=IFCFACE((#5240));
#5242=IFCCARTESIANPOINT((0.987339596171727,-2.44,2.80666666666667));
#5243=IFCPOLYLOOP((#4196,#5242,#4191));
#5244=IFCFACEOUTERBOUND(#5243,.T.);
#5245=IFCFACE((#5244));
#5246=IFCPOLYLOOP((#4196,#3679,#5242));
#5247=IFCFACEOUTERBOUND(#5246,.T.);
#5248=IFCFACE((#5247));
#5249=IFCPOLYLOOP((#5242,#3689,#3694));
#5250=IFCFACEOUTERBOUND(#5249,.T.);
#5251=IFCFACE((#5250));
#5252=IFCPOLYLOOP((#3679,#3689,#5242));
#5253=IFCFACEOUTERBOUND(#5252,.T.);
#5254=IFCFACE((#5253));
#5255=IFCCARTESIANPOINT((0.987339596171727,-2.44,3.73555555555556));
#5256=IFCPOLYLOOP((#3698,#5255,#3693));
#5257=IFCFACEOUTERBOUND(#5256,.T.);
#5258=IFCFACE((#5257));
#5259=IFCPOLYLOOP((#4192,#5255,#4187));
#5260=IFCFACEOUTERBOUND(#5259,.T.);
#5261=IFCFACE((#5260));
#5262=IFCPOLYLOOP((#5255,#3708,#4187));
#5263=IFCFACEOUTERBOUND(#5262,.T.);
#5264=IFCFACE((#5263));
#5265=IFCPOLYLOOP((#3698,#3708,#5255));
#5266=IFCFACEOUTERBOUND(#5265,.T.);
#5267=IFCFACE((#5266));
#5268=IFCPOLYLOOP((#5242,#3694,#3693));
#5269=IFCFACEOUTERBOUND(#5268,.T.);
#5270=IFCFACE((#5269));
#5271=IFCPOLYLOOP((#5242,#3693,#5255));
#5272=IFCFACEOUTERBOUND(#5271,.T.);
#5273=IFCFACE((#5272));
#5274=IFCCARTESIANPOINT((0.987339596171727,-2.44,4.66444444444445));
#5275=IFCPOLYLOOP((#4162,#5274,#4157));
#5276=IFCFACEOUTERBOUND(#5275,.T.);
#5277=IFCFACE((#5276));
#5278=IFCPOLYLOOP((#4162,#3718,#5274));
#5279=IFCFACEOUTERBOUND(#5278,.T.);
#5280=IFCFACE((#5279));
#5281=IFCPOLYLOOP((#5274,#3725,#3730));
#5282=IFCFACEOUTERBOUND(#5281,.T.);
#5283=IFCFACE((#5282));
#5284=IFCPOLYLOOP((#3718,#3725,#5274));
#5285=IFCFACEOUTERBOUND(#5284,.T.);
#5286=IFCFACE((#5285));
#5287=IFCCARTESIANPOINT((0.987339596171727,-2.44,5.59333333333334));
#5288=IFCPOLYLOOP((#3734,#5287,#3729));
#5289=IFCFACEOUTERBOUND(#5288,.T.);
#5290=IFCFACE((#5289));
#5291=IFCPOLYLOOP((#4158,#5287,#4153));
#5292=IFCFACEOUTERBOUND(#5291,.T.);
#5293=IFCFACE((#5292));
#5294=IFCPOLYLOOP((#5287,#3744,#4153));
#5295=IFCFACEOUTERBOUND(#5294,.T.);
#5296=IFCFACE((#5295));
#5297=IFCPOLYLOOP((#3734,#3744,#5287));
#5298=IFCFACEOUTERBOUND(#5297,.T.);
#5299=IFCFACE((#5298));
#5300=IFCPOLYLOOP((#5274,#3730,#3729));
#5301=IFCFACEOUTERBOUND(#5300,.T.);
#5302=IFCFACE((#5301));
#5303=IFCPOLYLOOP((#5274,#3729,#5287));
#5304=IFCFACEOUTERBOUND(#5303,.T.);
#5305=IFCFACE((#5304));
#5306=IFCCARTESIANPOINT((0.987339596171727,-2.44,6.52222222222223));
#5307=IFCPOLYLOOP((#4128,#5306,#4123));
#5308=IFCFACEOUTERBOUND(#5307,.T.);
#5309=IFCFACE((#5308));
#5310=IFCPOLYLOOP((#4128,#3754,#5306));
#5311=IFCFACEOUTERBOUND(#5310,.T.);
#5312=IFCFACE((#5311));
#5313=IFCPOLYLOOP((#5306,#3761,#3766));
#5314=IFCFACEOUTERBOUND(#5313,.T.);
#5315=IFCFACE((#5314));
#5316=IFCPOLYLOOP((#3754,#3761,#5306));
#5317=IFCFACEOUTERBOUND(#5316,.T.);
#5318=IFCFACE((#5317));
#5319=IFCCARTESIANPOINT((0.987339596171727,-2.44,7.45111111111111));
#5320=IFCPOLYLOOP((#3770,#5319,#3765));
#5321=IFCFACEOUTERBOUND(#5320,.T.);
#5322=IFCFACE((#5321));
#5323=IFCPOLYLOOP((#4124,#5319,#3789));
#5324=IFCFACEOUTERBOUND(#5323,.T.);
#5325=IFCFACE((#5324));
#5326=IFCPOLYLOOP((#5319,#2482,#3789));
#5327=IFCFACEOUTERBOUND(#5326,.T.);
#5328=IFCFACE((#5327));
#5329=IFCPOLYLOOP((#3770,#2482,#5319));
#5330=IFCFACEOUTERBOUND(#5329,.T.);
#5331=IFCFACE((#5330));
#5332=IFCPOLYLOOP((#5306,#3766,#3765));
#5333=IFCFACEOUTERBOUND(#5332,.T.);
#5334=IFCFACE((#5333));
#5335=IFCPOLYLOOP((#5306,#3765,#5319));
#5336=IFCFACEOUTERBOUND(#5335,.T.);
#5337=IFCFACE((#5336));
#5338=IFCCARTESIANPOINT((8.09,2.57,0.872801082543979));
#5339=IFCCARTESIANPOINT((8.09,3.07,0.87280108254398));
#5340=IFCPOLYLOOP((#5338,#3793,#5339));
#5341=IFCFACEOUTERBOUND(#5340,.T.);
#5342=IFCFACE((#5341));
#5343=IFCCARTESIANPOINT((8.09,2.07,0.948888888888889));
#5344=IFCCARTESIANPOINT((8.09,2.57,0.948888888888889));
#5345=IFCPOLYLOOP((#5343,#5338,#5344));
#5346=IFCFACEOUTERBOUND(#5345,.T.);
#5347=IFCFACE((#5346));
#5348=IFCPOLYLOOP((#5343,#3793,#5338));
#5349=IFCFACEOUTERBOUND(#5348,.T.);
#5350=IFCFACE((#5349));
#5351=IFCCARTESIANPOINT((8.09,2.57,2.80666666666667));
#5352=IFCCARTESIANPOINT((8.09,2.07,1.87777777777778));
#5353=IFCCARTESIANPOINT((8.09,2.57,1.87777777777778));
#5354=IFCPOLYLOOP((#5351,#5352,#5353));
#5355=IFCFACEOUTERBOUND(#5354,.T.);
#5356=IFCFACE((#5355));
#5357=IFCCARTESIANPOINT((8.09,2.07,2.80666666666667));
#5358=IFCPOLYLOOP((#5357,#5352,#5351));
#5359=IFCFACEOUTERBOUND(#5358,.T.);
#5360=IFCFACE((#5359));
#5361=IFCCARTESIANPOINT((8.09,2.57,4.66444444444445));
#5362=IFCCARTESIANPOINT((8.09,2.07,3.73555555555556));
#5363=IFCCARTESIANPOINT((8.09,2.57,3.73555555555556));
#5364=IFCPOLYLOOP((#5361,#5362,#5363));
#5365=IFCFACEOUTERBOUND(#5364,.T.);
#5366=IFCFACE((#5365));
#5367=IFCCARTESIANPOINT((8.09,2.07,4.66444444444445));
#5368=IFCPOLYLOOP((#5367,#5362,#5361));
#5369=IFCFACEOUTERBOUND(#5368,.T.);
#5370=IFCFACE((#5369));
#5371=IFCCARTESIANPOINT((8.09,-2.07,0.948888888888891));
#5372=IFCPOLYLOOP((#2645,#5343,#5371));
#5373=IFCFACEOUTERBOUND(#5372,.T.);
#5374=IFCFACE((#5373));
#5375=IFCPOLYLOOP((#2645,#3793,#5343));
#5376=IFCFACEOUTERBOUND(#5375,.T.);
#5377=IFCFACE((#5376));
#5378=IFCPOLYLOOP((#4311,#2645,#5371));
#5379=IFCFACEOUTERBOUND(#5378,.T.);
#5380=IFCFACE((#5379));
#5381=IFCCARTESIANPOINT((8.09,-2.57000000000001,0.948888888888891));
#5382=IFCPOLYLOOP((#5381,#4311,#5371));
#5383=IFCFACEOUTERBOUND(#5382,.T.);
#5384=IFCFACE((#5383));
#5385=IFCPOLYLOOP((#4313,#2645,#4311));
#5386=IFCFACEOUTERBOUND(#5385,.T.);
#5387=IFCFACE((#5386));
#5388=IFCCARTESIANPOINT((8.09,-2.07,1.87777777777778));
#5389=IFCPOLYLOOP((#5388,#5343,#5352));
#5390=IFCFACEOUTERBOUND(#5389,.T.);
#5391=IFCFACE((#5390));
#5392=IFCPOLYLOOP((#5388,#5371,#5343));
#5393=IFCFACEOUTERBOUND(#5392,.T.);
#5394=IFCFACE((#5393));
#5395=IFCCARTESIANPOINT((8.09,2.57,6.52222222222222));
#5396=IFCCARTESIANPOINT((8.09,2.07,5.59333333333334));
#5397=IFCCARTESIANPOINT((8.09,2.57,5.59333333333334));
#5398=IFCPOLYLOOP((#5395,#5396,#5397));
#5399=IFCFACEOUTERBOUND(#5398,.T.);
#5400=IFCFACE((#5399));
#5401=IFCCARTESIANPOINT((8.09,2.07,6.52222222222222));
#5402=IFCPOLYLOOP((#5401,#5396,#5395));
#5403=IFCFACEOUTERBOUND(#5402,.T.);
#5404=IFCFACE((#5403));
#5405=IFCCARTESIANPOINT((8.09,-2.07,2.80666666666667));
#5406=IFCCARTESIANPOINT((8.09,-2.57,1.87777777777778));
#5407=IFCPOLYLOOP((#5405,#5406,#5388));
#5408=IFCFACEOUTERBOUND(#5407,.T.);
#5409=IFCFACE((#5408));
#5410=IFCPOLYLOOP((#5405,#5352,#5357));
#5411=IFCFACEOUTERBOUND(#5410,.T.);
#5412=IFCFACE((#5411));
#5413=IFCPOLYLOOP((#5405,#5388,#5352));
#5414=IFCFACEOUTERBOUND(#5413,.T.);
#5415=IFCFACE((#5414));
#5416=IFCCARTESIANPOINT((8.09,-2.57,2.80666666666667));
#5417=IFCPOLYLOOP((#5416,#5406,#5405));
#5418=IFCFACEOUTERBOUND(#5417,.T.);
#5419=IFCFACE((#5418));
#5420=IFCCARTESIANPOINT((8.09000000000015,2.5,8.27999999999997));
#5421=IFCCARTESIANPOINT((8.09,2.07,7.45111111111111));
#5422=IFCCARTESIANPOINT((8.09,2.57,7.45111111111111));
#5423=IFCPOLYLOOP((#5420,#5421,#5422));
#5424=IFCFACEOUTERBOUND(#5423,.T.);
#5425=IFCFACE((#5424));
#5426=IFCCARTESIANPOINT((8.09,2.57,8.28));
#5427=IFCPOLYLOOP((#5420,#5422,#5426));
#5428=IFCFACEOUTERBOUND(#5427,.T.);
#5429=IFCFACE((#5428));
#5430=IFCCARTESIANPOINT((8.09,-2.07,3.73555555555556));
#5431=IFCPOLYLOOP((#5430,#5357,#5362));
#5432=IFCFACEOUTERBOUND(#5431,.T.);
#5433=IFCFACE((#5432));
#5434=IFCPOLYLOOP((#5430,#5405,#5357));
#5435=IFCFACEOUTERBOUND(#5434,.T.);
#5436=IFCFACE((#5435));
#5437=IFCCARTESIANPOINT((8.09,-2.07,4.66444444444445));
#5438=IFCCARTESIANPOINT((8.09,-2.57000000000001,3.73555555555556));
#5439=IFCPOLYLOOP((#5437,#5438,#5430));
#5440=IFCFACEOUTERBOUND(#5439,.T.);
#5441=IFCFACE((#5440));
#5442=IFCPOLYLOOP((#5437,#5430,#5362));
#5443=IFCFACEOUTERBOUND(#5442,.T.);
#5444=IFCFACE((#5443));
#5445=IFCPOLYLOOP((#5437,#5362,#5367));
#5446=IFCFACEOUTERBOUND(#5445,.T.);
#5447=IFCFACE((#5446));
#5448=IFCCARTESIANPOINT((8.09,-2.57000000000001,4.66444444444445));
#5449=IFCPOLYLOOP((#5448,#5438,#5437));
#5450=IFCFACEOUTERBOUND(#5449,.T.);
#5451=IFCFACE((#5450));
#5452=IFCCARTESIANPOINT((8.09,-2.07,5.59333333333334));
#5453=IFCPOLYLOOP((#5452,#5367,#5396));
#5454=IFCFACEOUTERBOUND(#5453,.T.);
#5455=IFCFACE((#5454));
#5456=IFCPOLYLOOP((#5452,#5437,#5367));
#5457=IFCFACEOUTERBOUND(#5456,.T.);
#5458=IFCFACE((#5457));
#5459=IFCCARTESIANPOINT((8.09,-2.07,6.52222222222223));
#5460=IFCCARTESIANPOINT((8.09,-2.57000000000001,5.59333333333334));
#5461=IFCPOLYLOOP((#5459,#5460,#5452));
#5462=IFCFACEOUTERBOUND(#5461,.T.);
#5463=IFCFACE((#5462));
#5464=IFCPOLYLOOP((#5459,#5452,#5396));
#5465=IFCFACEOUTERBOUND(#5464,.T.);
#5466=IFCFACE((#5465));
#5467=IFCPOLYLOOP((#5459,#5396,#5401));
#5468=IFCFACEOUTERBOUND(#5467,.T.);
#5469=IFCFACE((#5468));
#5470=IFCCARTESIANPOINT((8.09,-2.57,6.52222222222223));
#5471=IFCPOLYLOOP((#5470,#5460,#5459));
#5472=IFCFACEOUTERBOUND(#5471,.T.);
#5473=IFCFACE((#5472));
#5474=IFCCARTESIANPOINT((8.09,-2.07,7.45111111111112));
#5475=IFCPOLYLOOP((#5474,#5459,#5401));
#5476=IFCFACEOUTERBOUND(#5475,.T.);
#5477=IFCFACE((#5476));
#5478=IFCPOLYLOOP((#5474,#5401,#5421));
#5479=IFCFACEOUTERBOUND(#5478,.T.);
#5480=IFCFACE((#5479));
#5481=IFCCARTESIANPOINT((8.09,1.916E-15,10.28));
#5482=IFCPOLYLOOP((#5481,#5421,#5420));
#5483=IFCFACEOUTERBOUND(#5482,.T.);
#5484=IFCFACE((#5483));
#5485=IFCPOLYLOOP((#5481,#5474,#5421));
#5486=IFCFACEOUTERBOUND(#5485,.T.);
#5487=IFCFACE((#5486));
#5488=IFCCARTESIANPOINT((8.09000000000015,-2.5,8.27999999999997));
#5489=IFCCARTESIANPOINT((8.09,-2.57,7.45111111111112));
#5490=IFCPOLYLOOP((#5488,#5489,#5474));
#5491=IFCFACEOUTERBOUND(#5490,.T.);
#5492=IFCFACE((#5491));
#5493=IFCPOLYLOOP((#5488,#5474,#5481));
#5494=IFCFACEOUTERBOUND(#5493,.T.);
#5495=IFCFACE((#5494));
#5496=IFCPOLYLOOP((#4280,#5489,#5488));
#5497=IFCFACEOUTERBOUND(#5496,.T.);
#5498=IFCFACE((#5497));
#5499=IFCPOLYLOOP((#5200,#5339,#3793));
#5500=IFCFACEOUTERBOUND(#5499,.T.);
#5501=IFCFACE((#5500));
#5502=IFCPOLYLOOP((#3600,#5200,#3793));
#5503=IFCFACEOUTERBOUND(#5502,.T.);
#5504=IFCFACE((#5503));
#5505=IFCPOLYLOOP((#3954,#3961,#4280));
#5506=IFCFACEOUTERBOUND(#5505,.T.);
#5507=IFCFACE((#5506));
#5508=IFCPOLYLOOP((#3954,#4280,#5488));
#5509=IFCFACEOUTERBOUND(#5508,.T.);
#5510=IFCFACE((#5509));
#5511=IFCPOLYLOOP((#3946,#3954,#5488));
#5512=IFCFACEOUTERBOUND(#5511,.T.);
#5513=IFCFACE((#5512));
#5514=IFCPOLYLOOP((#3946,#5488,#5481));
#5515=IFCFACEOUTERBOUND(#5514,.T.);
#5516=IFCFACE((#5515));
#5517=IFCPOLYLOOP((#3886,#3946,#5481));
#5518=IFCFACEOUTERBOUND(#5517,.T.);
#5519=IFCFACE((#5518));
#5520=IFCPOLYLOOP((#3886,#5481,#5420));
#5521=IFCFACEOUTERBOUND(#5520,.T.);
#5522=IFCFACE((#5521));
#5523=IFCPOLYLOOP((#3891,#3886,#5420));
#5524=IFCFACEOUTERBOUND(#5523,.T.);
#5525=IFCFACE((#5524));
#5526=IFCPOLYLOOP((#3891,#5420,#5426));
#5527=IFCFACEOUTERBOUND(#5526,.T.);
#5528=IFCFACE((#5527));
#5529=IFCPOLYLOOP((#5091,#3887,#3891));
#5530=IFCFACEOUTERBOUND(#5529,.T.);
#5531=IFCFACE((#5530));
#5532=IFCPOLYLOOP((#5091,#5084,#3887));
#5533=IFCFACEOUTERBOUND(#5532,.T.);
#5534=IFCFACE((#5533));
#5535=IFCCARTESIANPOINT((7.24,2.06999999999999,7.45111111111111));
#5536=IFCPOLYLOOP((#5084,#5535,#3887));
#5537=IFCFACEOUTERBOUND(#5536,.T.);
#5538=IFCFACE((#5537));
#5539=IFCPOLYLOOP((#3887,#5535,#3885));
#5540=IFCFACEOUTERBOUND(#5539,.T.);
#5541=IFCFACE((#5540));
#5542=IFCPOLYLOOP((#5535,#3861,#3885));
#5543=IFCFACEOUTERBOUND(#5542,.T.);
#5544=IFCFACE((#5543));
#5545=IFCCARTESIANPOINT((7.24,2.06999999999999,6.52222222222222));
#5546=IFCPOLYLOOP((#5535,#5545,#3861));
#5547=IFCFACEOUTERBOUND(#5546,.T.);
#5548=IFCFACE((#5547));
#5549=IFCCARTESIANPOINT((7.07733959617173,2.06999999999999,7.45111111111111));
#5550=IFCCARTESIANPOINT((7.07733959617173,2.06999999999999,6.52222222222222));
#5551=IFCPOLYLOOP((#5549,#5550,#5535));
#5552=IFCFACEOUTERBOUND(#5551,.T.);
#5553=IFCFACE((#5552));
#5554=IFCPOLYLOOP((#5535,#5550,#5545));
#5555=IFCFACEOUTERBOUND(#5554,.T.);
#5556=IFCFACE((#5555));
#5557=IFCPOLYLOOP((#5545,#5055,#3861));
#5558=IFCFACEOUTERBOUND(#5557,.T.);
#5559=IFCFACE((#5558));
#5560=IFCPOLYLOOP((#3861,#5055,#3866));
#5561=IFCFACEOUTERBOUND(#5560,.T.);
#5562=IFCFACE((#5561));
#5563=IFCPOLYLOOP((#5055,#5048,#3866));
#5564=IFCFACEOUTERBOUND(#5563,.T.);
#5565=IFCFACE((#5564));
#5566=IFCPOLYLOOP((#3866,#5048,#3862));
#5567=IFCFACEOUTERBOUND(#5566,.T.);
#5568=IFCFACE((#5567));
#5569=IFCCARTESIANPOINT((7.24,2.07,5.59333333333334));
#5570=IFCPOLYLOOP((#5048,#5569,#3862));
#5571=IFCFACEOUTERBOUND(#5570,.T.);
#5572=IFCFACE((#5571));
#5573=IFCPOLYLOOP((#3862,#5569,#3860));
#5574=IFCFACEOUTERBOUND(#5573,.T.);
#5575=IFCFACE((#5574));
#5576=IFCCARTESIANPOINT((7.24,2.07,4.66444444444445));
#5577=IFCPOLYLOOP((#5569,#5576,#3860));
#5578=IFCFACEOUTERBOUND(#5577,.T.);
#5579=IFCFACE((#5578));
#5580=IFCPOLYLOOP((#3860,#5576,#3831));
#5581=IFCFACEOUTERBOUND(#5580,.T.);
#5582=IFCFACE((#5581));
#5583=IFCCARTESIANPOINT((7.07733959617173,2.07,5.59333333333334));
#5584=IFCCARTESIANPOINT((7.07733959617173,2.06999999999999,4.66444444444445));
#5585=IFCPOLYLOOP((#5583,#5584,#5569));
#5586=IFCFACEOUTERBOUND(#5585,.T.);
#5587=IFCFACE((#5586));
#5588=IFCPOLYLOOP((#5569,#5584,#5576));
#5589=IFCFACEOUTERBOUND(#5588,.T.);
#5590=IFCFACE((#5589));
#5591=IFCPOLYLOOP((#5576,#5019,#3831));
#5592=IFCFACEOUTERBOUND(#5591,.T.);
#5593=IFCFACE((#5592));
#5594=IFCPOLYLOOP((#3831,#5019,#3826));
#5595=IFCFACEOUTERBOUND(#5594,.T.);
#5596=IFCFACE((#5595));
#5597=IFCPOLYLOOP((#5019,#5012,#3826));
#5598=IFCFACEOUTERBOUND(#5597,.T.);
#5599=IFCFACE((#5598));
#5600=IFCPOLYLOOP((#3826,#5012,#3827));
#5601=IFCFACEOUTERBOUND(#5600,.T.);
#5602=IFCFACE((#5601));
#5603=IFCCARTESIANPOINT((7.24,2.06999999999999,3.73555555555556));
#5604=IFCPOLYLOOP((#5012,#5603,#3827));
#5605=IFCFACEOUTERBOUND(#5604,.T.);
#5606=IFCFACE((#5605));
#5607=IFCPOLYLOOP((#3827,#5603,#3825));
#5608=IFCFACEOUTERBOUND(#5607,.T.);
#5609=IFCFACE((#5608));
#5610=IFCCARTESIANPOINT((7.24,2.07,2.80666666666667));
#5611=IFCPOLYLOOP((#5603,#5610,#3825));
#5612=IFCFACEOUTERBOUND(#5611,.T.);
#5613=IFCFACE((#5612));
#5614=IFCPOLYLOOP((#3825,#5610,#3821));
#5615=IFCFACEOUTERBOUND(#5614,.T.);
#5616=IFCFACE((#5615));
#5617=IFCCARTESIANPOINT((7.07733959617173,2.07,3.73555555555556));
#5618=IFCCARTESIANPOINT((7.07733959617173,2.07,2.80666666666667));
#5619=IFCPOLYLOOP((#5617,#5618,#5603));
#5620=IFCFACEOUTERBOUND(#5619,.T.);
#5621=IFCFACE((#5620));
#5622=IFCPOLYLOOP((#5603,#5618,#5610));
#5623=IFCFACEOUTERBOUND(#5622,.T.);
#5624=IFCFACE((#5623));
#5625=IFCPOLYLOOP((#5610,#4983,#3821));
#5626=IFCFACEOUTERBOUND(#5625,.T.);
#5627=IFCFACE((#5626));
#5628=IFCPOLYLOOP((#3821,#4983,#3816));
#5629=IFCFACEOUTERBOUND(#5628,.T.);
#5630=IFCFACE((#5629));
#5631=IFCPOLYLOOP((#4983,#4976,#3816));
#5632=IFCFACEOUTERBOUND(#5631,.T.);
#5633=IFCFACE((#5632));
#5634=IFCPOLYLOOP((#3816,#4976,#3817));
#5635=IFCFACEOUTERBOUND(#5634,.T.);
#5636=IFCFACE((#5635));
#5637=IFCCARTESIANPOINT((7.24,2.06999999999999,1.87777777777778));
#5638=IFCPOLYLOOP((#4976,#5637,#3817));
#5639=IFCFACEOUTERBOUND(#5638,.T.);
#5640=IFCFACE((#5639));
#5641=IFCPOLYLOOP((#3817,#5637,#3815));
#5642=IFCFACEOUTERBOUND(#5641,.T.);
#5643=IFCFACE((#5642));
#5644=IFCCARTESIANPOINT((7.24,2.07,0.94888888888889));
#5645=IFCPOLYLOOP((#5637,#5644,#3815));
#5646=IFCFACEOUTERBOUND(#5645,.T.);
#5647=IFCFACE((#5646));
#5648=IFCPOLYLOOP((#3815,#5644,#3807));
#5649=IFCFACEOUTERBOUND(#5648,.T.);
#5650=IFCFACE((#5649));
#5651=IFCCARTESIANPOINT((7.07733959617173,2.07,1.87777777777778));
#5652=IFCCARTESIANPOINT((7.07733959617173,2.06999999999999,0.948888888888889));
#5653=IFCPOLYLOOP((#5651,#5652,#5637));
#5654=IFCFACEOUTERBOUND(#5653,.T.);
#5655=IFCFACE((#5654));
#5656=IFCPOLYLOOP((#5637,#5652,#5644));
#5657=IFCFACEOUTERBOUND(#5656,.T.);
#5658=IFCFACE((#5657));
#5659=IFCPOLYLOOP((#5644,#4947,#3807));
#5660=IFCFACEOUTERBOUND(#5659,.T.);
#5661=IFCFACE((#5660));
#5662=IFCPOLYLOOP((#3807,#4947,#3808));
#5663=IFCFACEOUTERBOUND(#5662,.T.);
#5664=IFCFACE((#5663));
#5665=IFCPOLYLOOP((#3808,#4947,#3803));
#5666=IFCFACEOUTERBOUND(#5665,.T.);
#5667=IFCFACE((#5666));
#5668=IFCPOLYLOOP((#4947,#4937,#3803));
#5669=IFCFACEOUTERBOUND(#5668,.T.);
#5670=IFCFACE((#5669));
#5671=IFCPOLYLOOP((#3965,#3972,#3845));
#5672=IFCFACEOUTERBOUND(#5671,.T.);
#5673=IFCFACE((#5672));
#5674=IFCPOLYLOOP((#3845,#3972,#3849));
#5675=IFCFACEOUTERBOUND(#5674,.T.);
#5676=IFCFACE((#5675));
#5677=IFCPOLYLOOP((#3972,#3835,#3849));
#5678=IFCFACEOUTERBOUND(#5677,.T.);
#5679=IFCFACE((#5678));
#5680=IFCCARTESIANPOINT((7.24,-2.06999999999999,0.948888888888891));
#5681=IFCPOLYLOOP((#3972,#5680,#3835));
#5682=IFCFACEOUTERBOUND(#5681,.T.);
#5683=IFCFACE((#5682));
#5684=IFCPOLYLOOP((#5680,#3856,#3835));
#5685=IFCFACEOUTERBOUND(#5684,.T.);
#5686=IFCFACE((#5685));
#5687=IFCCARTESIANPOINT((7.24,-2.07,1.87777777777778));
#5688=IFCPOLYLOOP((#5680,#5687,#3856));
#5689=IFCFACEOUTERBOUND(#5688,.T.);
#5690=IFCFACE((#5689));
#5691=IFCCARTESIANPOINT((7.07733959617173,-2.06999999999999,0.948888888888891));
#5692=IFCCARTESIANPOINT((7.07733959617173,-2.06999999999999,1.87777777777778));
#5693=IFCPOLYLOOP((#5691,#5692,#5680));
#5694=IFCFACEOUTERBOUND(#5693,.T.);
#5695=IFCFACE((#5694));
#5696=IFCPOLYLOOP((#5680,#5692,#5687));
#5697=IFCFACEOUTERBOUND(#5696,.T.);
#5698=IFCFACE((#5697));
#5699=IFCPOLYLOOP((#5687,#4001,#3856));
#5700=IFCFACEOUTERBOUND(#5699,.T.);
#5701=IFCFACE((#5700));
#5702=IFCPOLYLOOP((#3856,#4001,#3877));
#5703=IFCFACEOUTERBOUND(#5702,.T.);
#5704=IFCFACE((#5703));
#5705=IFCPOLYLOOP((#4001,#4008,#3877));
#5706=IFCFACEOUTERBOUND(#5705,.T.);
#5707=IFCFACE((#5706));
#5708=IFCPOLYLOOP((#3877,#4008,#3878));
#5709=IFCFACEOUTERBOUND(#5708,.T.);
#5710=IFCFACE((#5709));
#5711=IFCPOLYLOOP((#4008,#3870,#3878));
#5712=IFCFACEOUTERBOUND(#5711,.T.);
#5713=IFCFACE((#5712));
#5714=IFCCARTESIANPOINT((7.24,-2.06999999999999,2.80666666666667));
#5715=IFCPOLYLOOP((#4008,#5714,#3870));
#5716=IFCFACEOUTERBOUND(#5715,.T.);
#5717=IFCFACE((#5716));
#5718=IFCPOLYLOOP((#5714,#3895,#3870));
#5719=IFCFACEOUTERBOUND(#5718,.T.);
#5720=IFCFACE((#5719));
#5721=IFCCARTESIANPOINT((7.24,-2.06999999999999,3.73555555555556));
#5722=IFCPOLYLOOP((#5714,#5721,#3895));
#5723=IFCFACEOUTERBOUND(#5722,.T.);
#5724=IFCFACE((#5723));
#5725=IFCCARTESIANPOINT((7.07733959617173,-2.07,2.80666666666667));
#5726=IFCCARTESIANPOINT((7.07733959617173,-2.07,3.73555555555556));
#5727=IFCPOLYLOOP((#5725,#5726,#5714));
#5728=IFCFACEOUTERBOUND(#5727,.T.);
#5729=IFCFACE((#5728));
#5730=IFCPOLYLOOP((#5714,#5726,#5721));
#5731=IFCFACEOUTERBOUND(#5730,.T.);
#5732=IFCFACE((#5731));
#5733=IFCPOLYLOOP((#5721,#4037,#3895));
#5734=IFCFACEOUTERBOUND(#5733,.T.);
#5735=IFCFACE((#5734));
#5736=IFCPOLYLOOP((#3895,#4037,#3902));
#5737=IFCFACEOUTERBOUND(#5736,.T.);
#5738=IFCFACE((#5737));
#5739=IFCPOLYLOOP((#4037,#3916,#3902));
#5740=IFCFACEOUTERBOUND(#5739,.T.);
#5741=IFCFACE((#5740));
#5742=IFCPOLYLOOP((#4037,#4044,#3916));
#5743=IFCFACEOUTERBOUND(#5742,.T.);
#5744=IFCFACE((#5743));
#5745=IFCPOLYLOOP((#4044,#3903,#3916));
#5746=IFCFACEOUTERBOUND(#5745,.T.);
#5747=IFCFACE((#5746));
#5748=IFCCARTESIANPOINT((7.24,-2.06999999999999,4.66444444444445));
#5749=IFCPOLYLOOP((#4044,#5748,#3903));
#5750=IFCFACEOUTERBOUND(#5749,.T.);
#5751=IFCFACE((#5750));
#5752=IFCPOLYLOOP((#5748,#3920,#3903));
#5753=IFCFACEOUTERBOUND(#5752,.T.);
#5754=IFCFACE((#5753));
#5755=IFCCARTESIANPOINT((7.24,-2.07,5.59333333333334));
#5756=IFCPOLYLOOP((#5748,#5755,#3920));
#5757=IFCFACEOUTERBOUND(#5756,.T.);
#5758=IFCFACE((#5757));
#5759=IFCCARTESIANPOINT((7.07733959617173,-2.06999999999999,4.66444444444445));
#5760=IFCCARTESIANPOINT((7.07733959617173,-2.07,5.59333333333334));
#5761=IFCPOLYLOOP((#5759,#5760,#5748));
#5762=IFCFACEOUTERBOUND(#5761,.T.);
#5763=IFCFACE((#5762));
#5764=IFCPOLYLOOP((#5748,#5760,#5755));
#5765=IFCFACEOUTERBOUND(#5764,.T.);
#5766=IFCFACE((#5765));
#5767=IFCPOLYLOOP((#5755,#4073,#3920));
#5768=IFCFACEOUTERBOUND(#5767,.T.);
#5769=IFCFACE((#5768));
#5770=IFCPOLYLOOP((#3920,#4073,#3934));
#5771=IFCFACEOUTERBOUND(#5770,.T.);
#5772=IFCFACE((#5771));
#5773=IFCPOLYLOOP((#4073,#4080,#3934));
#5774=IFCFACEOUTERBOUND(#5773,.T.);
#5775=IFCFACE((#5774));
#5776=IFCPOLYLOOP((#3934,#4080,#3935));
#5777=IFCFACEOUTERBOUND(#5776,.T.);
#5778=IFCFACE((#5777));
#5779=IFCPOLYLOOP((#4080,#3924,#3935));
#5780=IFCFACEOUTERBOUND(#5779,.T.);
#5781=IFCFACE((#5780));
#5782=IFCCARTESIANPOINT((7.24,-2.06999999999999,6.52222222222223));
#5783=IFCPOLYLOOP((#4080,#5782,#3924));
#5784=IFCFACEOUTERBOUND(#5783,.T.);
#5785=IFCFACE((#5784));
#5786=IFCPOLYLOOP((#5782,#3942,#3924));
#5787=IFCFACEOUTERBOUND(#5786,.T.);
#5788=IFCFACE((#5787));
#5789=IFCCARTESIANPOINT((7.24,-2.07,7.45111111111112));
#5790=IFCPOLYLOOP((#5782,#5789,#3942));
#5791=IFCFACEOUTERBOUND(#5790,.T.);
#5792=IFCFACE((#5791));
#5793=IFCCARTESIANPOINT((7.07733959617173,-2.07,6.52222222222223));
#5794=IFCCARTESIANPOINT((7.07733959617173,-2.06999999999999,7.45111111111112));
#5795=IFCPOLYLOOP((#5793,#5794,#5782));
#5796=IFCFACEOUTERBOUND(#5795,.T.);
#5797=IFCFACE((#5796));
#5798=IFCPOLYLOOP((#5782,#5794,#5789));
#5799=IFCFACEOUTERBOUND(#5798,.T.);
#5800=IFCFACE((#5799));
#5801=IFCPOLYLOOP((#5789,#4109,#3942));
#5802=IFCFACEOUTERBOUND(#5801,.T.);
#5803=IFCFACE((#5802));
#5804=IFCPOLYLOOP((#3942,#4109,#3953));
#5805=IFCFACEOUTERBOUND(#5804,.T.);
#5806=IFCFACE((#5805));
#5807=IFCPOLYLOOP((#4109,#3961,#3953));
#5808=IFCFACEOUTERBOUND(#5807,.T.);
#5809=IFCFACE((#5808));
#5810=IFCPOLYLOOP((#4109,#4116,#3961));
#5811=IFCFACEOUTERBOUND(#5810,.T.);
#5812=IFCFACE((#5811));
#5813=IFCCARTESIANPOINT((7.07733959617173,-2.44,0.948888888888891));
#5814=IFCPOLYLOOP((#3972,#3979,#5813));
#5815=IFCFACEOUTERBOUND(#5814,.T.);
#5816=IFCFACE((#5815));
#5817=IFCPOLYLOOP((#5813,#5680,#3972));
#5818=IFCFACEOUTERBOUND(#5817,.T.);
#5819=IFCFACE((#5818));
#5820=IFCPOLYLOOP((#3979,#3987,#5813));
#5821=IFCFACEOUTERBOUND(#5820,.T.);
#5822=IFCFACE((#5821));
#5823=IFCPOLYLOOP((#5813,#5691,#5680));
#5824=IFCFACEOUTERBOUND(#5823,.T.);
#5825=IFCFACE((#5824));
#5826=IFCCARTESIANPOINT((7.07733959617173,-2.44,1.87777777777778));
#5827=IFCPOLYLOOP((#5692,#5826,#5687));
#5828=IFCFACEOUTERBOUND(#5827,.T.);
#5829=IFCFACE((#5828));
#5830=IFCPOLYLOOP((#5687,#5826,#4001));
#5831=IFCFACEOUTERBOUND(#5830,.T.);
#5832=IFCFACE((#5831));
#5833=IFCPOLYLOOP((#3986,#3991,#5826));
#5834=IFCFACEOUTERBOUND(#5833,.T.);
#5835=IFCFACE((#5834));
#5836=IFCPOLYLOOP((#5826,#3991,#4001));
#5837=IFCFACEOUTERBOUND(#5836,.T.);
#5838=IFCFACE((#5837));
#5839=IFCPOLYLOOP((#5813,#3987,#3986));
#5840=IFCFACEOUTERBOUND(#5839,.T.);
#5841=IFCFACE((#5840));
#5842=IFCPOLYLOOP((#5813,#3986,#5826));
#5843=IFCFACEOUTERBOUND(#5842,.T.);
#5844=IFCFACE((#5843));
#5845=IFCCARTESIANPOINT((7.07733959617173,-2.44,2.80666666666667));
#5846=IFCPOLYLOOP((#4008,#4015,#5845));
#5847=IFCFACEOUTERBOUND(#5846,.T.);
#5848=IFCFACE((#5847));
#5849=IFCPOLYLOOP((#5845,#5714,#4008));
#5850=IFCFACEOUTERBOUND(#5849,.T.);
#5851=IFCFACE((#5850));
#5852=IFCPOLYLOOP((#4015,#4023,#5845));
#5853=IFCFACEOUTERBOUND(#5852,.T.);
#5854=IFCFACE((#5853));
#5855=IFCPOLYLOOP((#5845,#5725,#5714));
#5856=IFCFACEOUTERBOUND(#5855,.T.);
#5857=IFCFACE((#5856));
#5858=IFCCARTESIANPOINT((7.07733959617173,-2.44,3.73555555555556));
#5859=IFCPOLYLOOP((#5726,#5858,#5721));
#5860=IFCFACEOUTERBOUND(#5859,.T.);
#5861=IFCFACE((#5860));
#5862=IFCPOLYLOOP((#5721,#5858,#4037));
#5863=IFCFACEOUTERBOUND(#5862,.T.);
#5864=IFCFACE((#5863));
#5865=IFCPOLYLOOP((#4022,#4027,#5858));
#5866=IFCFACEOUTERBOUND(#5865,.T.);
#5867=IFCFACE((#5866));
#5868=IFCPOLYLOOP((#5858,#4027,#4037));
#5869=IFCFACEOUTERBOUND(#5868,.T.);
#5870=IFCFACE((#5869));
#5871=IFCPOLYLOOP((#4023,#4022,#5858));
#5872=IFCFACEOUTERBOUND(#5871,.T.);
#5873=IFCFACE((#5872));
#5874=IFCPOLYLOOP((#5845,#4023,#5858));
#5875=IFCFACEOUTERBOUND(#5874,.T.);
#5876=IFCFACE((#5875));
#5877=IFCCARTESIANPOINT((7.07733959617173,-2.44,4.66444444444445));
#5878=IFCPOLYLOOP((#4044,#4051,#5877));
#5879=IFCFACEOUTERBOUND(#5878,.T.);
#5880=IFCFACE((#5879));
#5881=IFCPOLYLOOP((#5877,#5748,#4044));
#5882=IFCFACEOUTERBOUND(#5881,.T.);
#5883=IFCFACE((#5882));
#5884=IFCPOLYLOOP((#4051,#4059,#5877));
#5885=IFCFACEOUTERBOUND(#5884,.T.);
#5886=IFCFACE((#5885));
#5887=IFCPOLYLOOP((#5877,#5759,#5748));
#5888=IFCFACEOUTERBOUND(#5887,.T.);
#5889=IFCFACE((#5888));
#5890=IFCCARTESIANPOINT((7.07733959617173,-2.44,5.59333333333334));
#5891=IFCPOLYLOOP((#5760,#5890,#5755));
#5892=IFCFACEOUTERBOUND(#5891,.T.);
#5893=IFCFACE((#5892));
#5894=IFCPOLYLOOP((#5755,#5890,#4073));
#5895=IFCFACEOUTERBOUND(#5894,.T.);
#5896=IFCFACE((#5895));
#5897=IFCPOLYLOOP((#4058,#4063,#5890));
#5898=IFCFACEOUTERBOUND(#5897,.T.);
#5899=IFCFACE((#5898));
#5900=IFCPOLYLOOP((#5890,#4063,#4073));
#5901=IFCFACEOUTERBOUND(#5900,.T.);
#5902=IFCFACE((#5901));
#5903=IFCPOLYLOOP((#5877,#4059,#4058));
#5904=IFCFACEOUTERBOUND(#5903,.T.);
#5905=IFCFACE((#5904));
#5906=IFCPOLYLOOP((#5877,#4058,#5890));
#5907=IFCFACEOUTERBOUND(#5906,.T.);
#5908=IFCFACE((#5907));
#5909=IFCCARTESIANPOINT((7.07733959617173,-2.44,6.52222222222223));
#5910=IFCPOLYLOOP((#4080,#4087,#5909));
#5911=IFCFACEOUTERBOUND(#5910,.T.);
#5912=IFCFACE((#5911));
#5913=IFCPOLYLOOP((#5909,#5782,#4080));
#5914=IFCFACEOUTERBOUND(#5913,.T.);
#5915=IFCFACE((#5914));
#5916=IFCPOLYLOOP((#4087,#4095,#5909));
#5917=IFCFACEOUTERBOUND(#5916,.T.);
#5918=IFCFACE((#5917));
#5919=IFCPOLYLOOP((#5909,#5793,#5782));
#5920=IFCFACEOUTERBOUND(#5919,.T.);
#5921=IFCFACE((#5920));
#5922=IFCCARTESIANPOINT((7.07733959617173,-2.44,7.45111111111112));
#5923=IFCPOLYLOOP((#5794,#5922,#5789));
#5924=IFCFACEOUTERBOUND(#5923,.T.);
#5925=IFCFACE((#5924));
#5926=IFCPOLYLOOP((#5789,#5922,#4109));
#5927=IFCFACEOUTERBOUND(#5926,.T.);
#5928=IFCFACE((#5927));
#5929=IFCPOLYLOOP((#4094,#4099,#5922));
#5930=IFCFACEOUTERBOUND(#5929,.T.);
#5931=IFCFACE((#5930));
#5932=IFCPOLYLOOP((#5922,#4099,#4109));
#5933=IFCFACEOUTERBOUND(#5932,.T.);
#5934=IFCFACE((#5933));
#5935=IFCPOLYLOOP((#5909,#4095,#4094));
#5936=IFCFACEOUTERBOUND(#5935,.T.);
#5937=IFCFACE((#5936));
#5938=IFCPOLYLOOP((#5909,#4094,#5922));
#5939=IFCFACEOUTERBOUND(#5938,.T.);
#5940=IFCFACE((#5939));
#5941=IFCPOLYLOOP((#4123,#5306,#5319));
#5942=IFCFACEOUTERBOUND(#5941,.T.);
#5943=IFCFACE((#5942));
#5944=IFCPOLYLOOP((#4123,#5319,#4124));
#5945=IFCFACEOUTERBOUND(#5944,.T.);
#5946=IFCFACE((#5945));
#5947=IFCPOLYLOOP((#4157,#5274,#5287));
#5948=IFCFACEOUTERBOUND(#5947,.T.);
#5949=IFCFACE((#5948));
#5950=IFCPOLYLOOP((#4157,#5287,#4158));
#5951=IFCFACEOUTERBOUND(#5950,.T.);
#5952=IFCFACE((#5951));
#5953=IFCPOLYLOOP((#5242,#5255,#4192));
#5954=IFCFACEOUTERBOUND(#5953,.T.);
#5955=IFCFACE((#5954));
#5956=IFCPOLYLOOP((#4191,#5242,#4192));
#5957=IFCFACEOUTERBOUND(#5956,.T.);
#5958=IFCFACE((#5957));
#5959=IFCPOLYLOOP((#5210,#5223,#4226));
#5960=IFCFACEOUTERBOUND(#5959,.T.);
#5961=IFCFACE((#5960));
#5962=IFCPOLYLOOP((#4225,#5210,#4226));
#5963=IFCFACEOUTERBOUND(#5962,.T.);
#5964=IFCFACE((#5963));
#5965=IFCPOLYLOOP((#3961,#2657,#4258));
#5966=IFCFACEOUTERBOUND(#5965,.T.);
#5967=IFCFACE((#5966));
#5968=IFCPOLYLOOP((#3961,#4258,#4280));
#5969=IFCFACEOUTERBOUND(#5968,.T.);
#5970=IFCFACE((#5969));
#5971=IFCCARTESIANPOINT((8.12733959617173,-2.56999999999999,7.45111111111112));
#5972=IFCPOLYLOOP((#5489,#4276,#5971));
#5973=IFCFACEOUTERBOUND(#5972,.T.);
#5974=IFCFACE((#5973));
#5975=IFCPOLYLOOP((#5489,#4280,#4276));
#5976=IFCFACEOUTERBOUND(#5975,.T.);
#5977=IFCFACE((#5976));
#5978=IFCPOLYLOOP((#4269,#5971,#4276));
#5979=IFCFACEOUTERBOUND(#5978,.T.);
#5980=IFCFACE((#5979));
#5981=IFCCARTESIANPOINT((8.12733959617173,-2.56999999999999,6.52222222222223));
#5982=IFCCARTESIANPOINT((8.12733959617173,-2.07,7.45111111111112));
#5983=IFCPOLYLOOP((#5971,#5981,#5982));
#5984=IFCFACEOUTERBOUND(#5983,.T.);
#5985=IFCFACE((#5984));
#5986=IFCPOLYLOOP((#4269,#5981,#5971));
#5987=IFCFACEOUTERBOUND(#5986,.T.);
#5988=IFCFACE((#5987));
#5989=IFCCARTESIANPOINT((8.12733959617173,-2.07,6.52222222222223));
#5990=IFCPOLYLOOP((#5981,#5989,#5982));
#5991=IFCFACEOUTERBOUND(#5990,.T.);
#5992=IFCFACE((#5991));
#5993=IFCCARTESIANPOINT((8.12733959617173,-2.56999999999999,5.59333333333334));
#5994=IFCPOLYLOOP((#4269,#5993,#5981));
#5995=IFCFACEOUTERBOUND(#5994,.T.);
#5996=IFCFACE((#5995));
#5997=IFCCARTESIANPOINT((8.12733959617173,-2.56999999999999,4.66444444444445));
#5998=IFCCARTESIANPOINT((8.12733959617173,-2.07,5.59333333333334));
#5999=IFCPOLYLOOP((#5993,#5997,#5998));
#6000=IFCFACEOUTERBOUND(#5999,.T.);
#6001=IFCFACE((#6000));
#6002=IFCPOLYLOOP((#4269,#5997,#5993));
#6003=IFCFACEOUTERBOUND(#6002,.T.);
#6004=IFCFACE((#6003));
#6005=IFCCARTESIANPOINT((8.12733959617173,-2.07,4.66444444444445));
#6006=IFCPOLYLOOP((#5997,#6005,#5998));
#6007=IFCFACEOUTERBOUND(#6006,.T.);
#6008=IFCFACE((#6007));
#6009=IFCCARTESIANPOINT((8.12733959617173,-2.56999999999999,3.73555555555556));
#6010=IFCCARTESIANPOINT((8.12733959617173,-2.07,2.80666666666667));
#6011=IFCCARTESIANPOINT((8.12733959617173,-2.06999999999999,3.73555555555556));
#6012=IFCPOLYLOOP((#6009,#6010,#6011));
#6013=IFCFACEOUTERBOUND(#6012,.T.);
#6014=IFCFACE((#6013));
#6015=IFCCARTESIANPOINT((8.12733959617173,-2.57,2.80666666666667));
#6016=IFCPOLYLOOP((#6015,#6010,#6009));
#6017=IFCFACEOUTERBOUND(#6016,.T.);
#6018=IFCFACE((#6017));
#6019=IFCPOLYLOOP((#5997,#4304,#6009));
#6020=IFCFACEOUTERBOUND(#6019,.T.);
#6021=IFCFACE((#6020));
#6022=IFCCARTESIANPOINT((8.12733959617173,-2.56999999999999,1.87777777777778));
#6023=IFCPOLYLOOP((#6015,#4304,#6022));
#6024=IFCFACEOUTERBOUND(#6023,.T.);
#6025=IFCFACE((#6024));
#6026=IFCPOLYLOOP((#6009,#4304,#6015));
#6027=IFCFACEOUTERBOUND(#6026,.T.);
#6028=IFCFACE((#6027));
#6029=IFCCARTESIANPOINT((8.12733959617172,-2.56999999999999,0.948888888888891));
#6030=IFCCARTESIANPOINT((8.12733959617173,-2.06999999999999,1.87777777777778));
#6031=IFCPOLYLOOP((#6022,#6029,#6030));
#6032=IFCFACEOUTERBOUND(#6031,.T.);
#6033=IFCFACE((#6032));
#6034=IFCPOLYLOOP((#4304,#6029,#6022));
#6035=IFCFACEOUTERBOUND(#6034,.T.);
#6036=IFCFACE((#6035));
#6037=IFCPOLYLOOP((#4304,#4312,#6029));
#6038=IFCFACEOUTERBOUND(#6037,.T.);
#6039=IFCFACE((#6038));
#6040=IFCCARTESIANPOINT((8.12733959617172,-2.06999999999999,0.948888888888891));
#6041=IFCPOLYLOOP((#6029,#6040,#6030));
#6042=IFCFACEOUTERBOUND(#6041,.T.);
#6043=IFCFACE((#6042));
#6044=IFCPOLYLOOP((#4269,#4304,#5997));
#6045=IFCFACEOUTERBOUND(#6044,.T.);
#6046=IFCFACE((#6045));
#6047=IFCPOLYLOOP((#4431,#4269,#4265));
#6048=IFCFACEOUTERBOUND(#6047,.T.);
#6049=IFCFACE((#6048));
#6050=IFCPOLYLOOP((#4414,#4407,#4424));
#6051=IFCFACEOUTERBOUND(#6050,.T.);
#6052=IFCFACE((#6051));
#6053=IFCPOLYLOOP((#4424,#4407,#4431));
#6054=IFCFACEOUTERBOUND(#6053,.T.);
#6055=IFCFACE((#6054));
#6056=IFCPOLYLOOP((#4431,#4407,#4269));
#6057=IFCFACEOUTERBOUND(#6056,.T.);
#6058=IFCFACE((#6057));
#6059=IFCPOLYLOOP((#4407,#4403,#4269));
#6060=IFCFACEOUTERBOUND(#6059,.T.);
#6061=IFCFACE((#6060));
#6062=IFCPOLYLOOP((#4396,#4386,#4403));
#6063=IFCFACEOUTERBOUND(#6062,.T.);
#6064=IFCFACE((#6063));
#6065=IFCPOLYLOOP((#4386,#4382,#4403));
#6066=IFCFACEOUTERBOUND(#6065,.T.);
#6067=IFCFACE((#6066));
#6068=IFCPOLYLOOP((#4368,#4358,#4375));
#6069=IFCFACEOUTERBOUND(#6068,.T.);
#6070=IFCFACE((#6069));
#6071=IFCPOLYLOOP((#4358,#4354,#4375));
#6072=IFCFACEOUTERBOUND(#6071,.T.);
#6073=IFCFACE((#6072));
#6074=IFCPOLYLOOP((#4340,#4330,#4347));
#6075=IFCFACEOUTERBOUND(#6074,.T.);
#6076=IFCFACE((#6075));
#6077=IFCPOLYLOOP((#4330,#4326,#4347));
#6078=IFCFACEOUTERBOUND(#6077,.T.);
#6079=IFCFACE((#6078));
#6080=IFCPOLYLOOP((#4300,#4304,#4326));
#6081=IFCFACEOUTERBOUND(#6080,.T.);
#6082=IFCFACE((#6081));
#6083=IFCPOLYLOOP((#4347,#4304,#4354));
#6084=IFCFACEOUTERBOUND(#6083,.T.);
#6085=IFCFACE((#6084));
#6086=IFCPOLYLOOP((#4354,#4304,#4375));
#6087=IFCFACEOUTERBOUND(#6086,.T.);
#6088=IFCFACE((#6087));
#6089=IFCPOLYLOOP((#4326,#4304,#4347));
#6090=IFCFACEOUTERBOUND(#6089,.T.);
#6091=IFCFACE((#6090));
#6092=IFCPOLYLOOP((#4304,#4269,#4382));
#6093=IFCFACEOUTERBOUND(#6092,.T.);
#6094=IFCFACE((#6093));
#6095=IFCPOLYLOOP((#4304,#4382,#4375));
#6096=IFCFACEOUTERBOUND(#6095,.T.);
#6097=IFCFACE((#6096));
#6098=IFCPOLYLOOP((#4382,#4269,#4403));
#6099=IFCFACEOUTERBOUND(#6098,.T.);
#6100=IFCFACE((#6099));
#6101=IFCPOLYLOOP((#4311,#5381,#4312));
#6102=IFCFACEOUTERBOUND(#6101,.T.);
#6103=IFCFACE((#6102));
#6104=IFCPOLYLOOP((#4312,#5381,#6029));
#6105=IFCFACEOUTERBOUND(#6104,.T.);
#6106=IFCFACE((#6105));
#6107=IFCCARTESIANPOINT((0.699999999999997,3.07,8.28));
#6108=IFCPOLYLOOP((#6107,#4452,#4445));
#6109=IFCFACEOUTERBOUND(#6108,.T.);
#6110=IFCFACE((#6109));
#6111=IFCPOLYLOOP((#6107,#4445,#4441));
#6112=IFCFACEOUTERBOUND(#6111,.T.);
#6113=IFCFACE((#6112));
#6114=IFCPOLYLOOP((#4462,#4598,#4461));
#6115=IFCFACEOUTERBOUND(#6114,.T.);
#6116=IFCFACE((#6115));
#6117=IFCPOLYLOOP((#4461,#4598,#4688));
#6118=IFCFACEOUTERBOUND(#6117,.T.);
#6119=IFCFACE((#6118));
#6120=IFCPOLYLOOP((#6107,#4457,#4452));
#6121=IFCFACEOUTERBOUND(#6120,.T.);
#6122=IFCFACE((#6121));
#6123=IFCPOLYLOOP((#6107,#4441,#3514));
#6124=IFCFACEOUTERBOUND(#6123,.T.);
#6125=IFCFACE((#6124));
#6126=IFCPOLYLOOP((#4462,#6107,#3514));
#6127=IFCFACEOUTERBOUND(#6126,.T.);
#6128=IFCFACE((#6127));
#6129=IFCPOLYLOOP((#4462,#4457,#6107));
#6130=IFCFACEOUTERBOUND(#6129,.T.);
#6131=IFCFACE((#6130));
#6132=IFCPOLYLOOP((#4537,#4527,#4730));
#6133=IFCFACEOUTERBOUND(#6132,.T.);
#6134=IFCFACE((#6133));
#6135=IFCPOLYLOOP((#4537,#4526,#4527));
#6136=IFCFACEOUTERBOUND(#6135,.T.);
#6137=IFCFACE((#6136));
#6138=IFCCARTESIANPOINT((7.24,3.49,0.817591339648174));
#6139=IFCPOLYLOOP((#6138,#4589,#4581));
#6140=IFCFACEOUTERBOUND(#6139,.T.);
#6141=IFCFACE((#6140));
#6142=IFCCARTESIANPOINT((8.12733959617173,2.57,0.875226387843361));
#6143=IFCPOLYLOOP((#5338,#5339,#6142));
#6144=IFCFACEOUTERBOUND(#6143,.T.);
#6145=IFCFACE((#6144));
#6146=IFCPOLYLOOP((#4589,#5339,#5200));
#6147=IFCFACEOUTERBOUND(#6146,.T.);
#6148=IFCFACE((#6147));
#6149=IFCCARTESIANPOINT((8.12733959617173,3.49000000000001,0.875226387843361));
#6150=IFCPOLYLOOP((#4589,#6149,#5339));
#6151=IFCFACEOUTERBOUND(#6150,.T.);
#6152=IFCFACE((#6151));
#6153=IFCPOLYLOOP((#6149,#6142,#5339));
#6154=IFCFACEOUTERBOUND(#6153,.T.);
#6155=IFCFACE((#6154));
#6156=IFCPOLYLOOP((#6138,#6149,#4589));
#6157=IFCFACEOUTERBOUND(#6156,.T.);
#6158=IFCFACE((#6157));
#6159=IFCPOLYLOOP((#4581,#4585,#6138));
#6160=IFCFACEOUTERBOUND(#6159,.T.);
#6161=IFCFACE((#6160));
#6162=IFCCARTESIANPOINT((7.24,3.49,0.948888888888891));
#6163=IFCPOLYLOOP((#6138,#4585,#6162));
#6164=IFCFACEOUTERBOUND(#6163,.T.);
#6165=IFCFACE((#6164));
#6166=IFCPOLYLOOP((#4585,#4561,#6162));
#6167=IFCFACEOUTERBOUND(#6166,.T.);
#6168=IFCFACE((#6167));
#6169=IFCCARTESIANPOINT((6.74,3.49,0.948888888888891));
#6170=IFCPOLYLOOP((#6162,#4561,#6169));
#6171=IFCFACEOUTERBOUND(#6170,.T.);
#6172=IFCFACE((#6171));
#6173=IFCPOLYLOOP((#4561,#4593,#6169));
#6174=IFCFACEOUTERBOUND(#6173,.T.);
#6175=IFCFACE((#6174));
#6176=IFCCARTESIANPOINT((6.74,3.49,1.87777777777778));
#6177=IFCPOLYLOOP((#6169,#4593,#6176));
#6178=IFCFACEOUTERBOUND(#6177,.T.);
#6179=IFCFACE((#6178));
#6180=IFCCARTESIANPOINT((7.24,3.49,1.87777777777778));
#6181=IFCPOLYLOOP((#4593,#6180,#6176));
#6182=IFCFACEOUTERBOUND(#6181,.T.);
#6183=IFCFACE((#6182));
#6184=IFCPOLYLOOP((#4593,#4606,#6180));
#6185=IFCFACEOUTERBOUND(#6184,.T.);
#6186=IFCFACE((#6185));
#6187=IFCCARTESIANPOINT((7.24,3.49000000000001,2.80666666666667));
#6188=IFCPOLYLOOP((#4606,#6187,#6180));
#6189=IFCFACEOUTERBOUND(#6188,.T.);
#6190=IFCFACE((#6189));
#6191=IFCPOLYLOOP((#4606,#4616,#6187));
#6192=IFCFACEOUTERBOUND(#6191,.T.);
#6193=IFCFACE((#6192));
#6194=IFCPOLYLOOP((#4616,#4602,#6187));
#6195=IFCFACEOUTERBOUND(#6194,.T.);
#6196=IFCFACE((#6195));
#6197=IFCCARTESIANPOINT((6.74,3.49,2.80666666666667));
#6198=IFCPOLYLOOP((#6187,#4602,#6197));
#6199=IFCFACEOUTERBOUND(#6198,.T.);
#6200=IFCFACE((#6199));
#6201=IFCPOLYLOOP((#4602,#4620,#6197));
#6202=IFCFACEOUTERBOUND(#6201,.T.);
#6203=IFCFACE((#6202));
#6204=IFCCARTESIANPOINT((6.74,3.49000000000001,3.73555555555556));
#6205=IFCPOLYLOOP((#6197,#4620,#6204));
#6206=IFCFACEOUTERBOUND(#6205,.T.);
#6207=IFCFACE((#6206));
#6208=IFCCARTESIANPOINT((7.24,3.49,3.73555555555556));
#6209=IFCPOLYLOOP((#4620,#6208,#6204));
#6210=IFCFACEOUTERBOUND(#6209,.T.);
#6211=IFCFACE((#6210));
#6212=IFCPOLYLOOP((#4620,#4631,#6208));
#6213=IFCFACEOUTERBOUND(#6212,.T.);
#6214=IFCFACE((#6213));
#6215=IFCCARTESIANPOINT((7.24,3.49,4.66444444444445));
#6216=IFCPOLYLOOP((#4631,#6215,#6208));
#6217=IFCFACEOUTERBOUND(#6216,.T.);
#6218=IFCFACE((#6217));
#6219=IFCPOLYLOOP((#4631,#4638,#6215));
#6220=IFCFACEOUTERBOUND(#6219,.T.);
#6221=IFCFACE((#6220));
#6222=IFCPOLYLOOP((#4638,#4627,#6215));
#6223=IFCFACEOUTERBOUND(#6222,.T.);
#6224=IFCFACE((#6223));
#6225=IFCCARTESIANPOINT((6.74,3.49000000000001,4.66444444444445));
#6226=IFCPOLYLOOP((#6215,#4627,#6225));
#6227=IFCFACEOUTERBOUND(#6226,.T.);
#6228=IFCFACE((#6227));
#6229=IFCPOLYLOOP((#4627,#4642,#6225));
#6230=IFCFACEOUTERBOUND(#6229,.T.);
#6231=IFCFACE((#6230));
#6232=IFCCARTESIANPOINT((6.74,3.49000000000001,5.59333333333334));
#6233=IFCPOLYLOOP((#6225,#4642,#6232));
#6234=IFCFACEOUTERBOUND(#6233,.T.);
#6235=IFCFACE((#6234));
#6236=IFCCARTESIANPOINT((7.24,3.49,5.59333333333334));
#6237=IFCPOLYLOOP((#4642,#6236,#6232));
#6238=IFCFACEOUTERBOUND(#6237,.T.);
#6239=IFCFACE((#6238));
#6240=IFCPOLYLOOP((#4642,#4660,#6236));
#6241=IFCFACEOUTERBOUND(#6240,.T.);
#6242=IFCFACE((#6241));
#6243=IFCCARTESIANPOINT((7.24,3.49000000000001,6.52222222222223));
#6244=IFCPOLYLOOP((#4660,#6243,#6236));
#6245=IFCFACEOUTERBOUND(#6244,.T.);
#6246=IFCFACE((#6245));
#6247=IFCPOLYLOOP((#4660,#4656,#6243));
#6248=IFCFACEOUTERBOUND(#6247,.T.);
#6249=IFCFACE((#6248));
#6250=IFCPOLYLOOP((#4656,#4646,#6243));
#6251=IFCFACEOUTERBOUND(#6250,.T.);
#6252=IFCFACE((#6251));
#6253=IFCCARTESIANPOINT((6.74,3.49000000000001,6.52222222222223));
#6254=IFCPOLYLOOP((#6243,#4646,#6253));
#6255=IFCFACEOUTERBOUND(#6254,.T.);
#6256=IFCFACE((#6255));
#6257=IFCPOLYLOOP((#4646,#4664,#6253));
#6258=IFCFACEOUTERBOUND(#6257,.T.);
#6259=IFCFACE((#6258));
#6260=IFCCARTESIANPOINT((6.74,3.49,7.45111111111112));
#6261=IFCPOLYLOOP((#6253,#4664,#6260));
#6262=IFCFACEOUTERBOUND(#6261,.T.);
#6263=IFCFACE((#6262));
#6264=IFCCARTESIANPOINT((7.24,3.49,7.45111111111112));
#6265=IFCPOLYLOOP((#4664,#6264,#6260));
#6266=IFCFACEOUTERBOUND(#6265,.T.);
#6267=IFCFACE((#6266));
#6268=IFCPOLYLOOP((#4664,#4675,#6264));
#6269=IFCFACEOUTERBOUND(#6268,.T.);
#6270=IFCFACE((#6269));
#6271=IFCCARTESIANPOINT((7.24,3.49,8.28));
#6272=IFCPOLYLOOP((#4675,#6271,#6264));
#6273=IFCFACEOUTERBOUND(#6272,.T.);
#6274=IFCFACE((#6273));
#6275=IFCPOLYLOOP((#4675,#4671,#6271));
#6276=IFCFACEOUTERBOUND(#6275,.T.);
#6277=IFCFACE((#6276));
#6278=IFCPOLYLOOP((#4598,#4597,#4688));
#6279=IFCFACEOUTERBOUND(#6278,.T.);
#6280=IFCFACE((#6279));
#6281=IFCPOLYLOOP((#4688,#4597,#4692));
#6282=IFCFACEOUTERBOUND(#6281,.T.);
#6283=IFCFACE((#6282));
#6284=IFCPOLYLOOP((#4597,#4568,#4692));
#6285=IFCFACEOUTERBOUND(#6284,.T.);
#6286=IFCFACE((#6285));
#6287=IFCPOLYLOOP((#4692,#4568,#4693));
#6288=IFCFACEOUTERBOUND(#6287,.T.);
#6289=IFCFACE((#6288));
#6290=IFCPOLYLOOP((#4568,#4697,#4693));
#6291=IFCFACEOUTERBOUND(#6290,.T.);
#6292=IFCFACE((#6291));
#6293=IFCPOLYLOOP((#4568,#4574,#4697));
#6294=IFCFACEOUTERBOUND(#6293,.T.);
#6295=IFCFACE((#6294));
#6296=IFCPOLYLOOP((#4574,#4570,#4697));
#6297=IFCFACEOUTERBOUND(#6296,.T.);
#6298=IFCFACE((#6297));
#6299=IFCPOLYLOOP((#4697,#4570,#4704));
#6300=IFCFACEOUTERBOUND(#6299,.T.);
#6301=IFCFACE((#6300));
#6302=IFCPOLYLOOP((#4570,#4569,#4704));
#6303=IFCFACEOUTERBOUND(#6302,.T.);
#6304=IFCFACE((#6303));
#6305=IFCPOLYLOOP((#4704,#4569,#4708));
#6306=IFCFACEOUTERBOUND(#6305,.T.);
#6307=IFCFACE((#6306));
#6308=IFCPOLYLOOP((#4569,#4551,#4708));
#6309=IFCFACEOUTERBOUND(#6308,.T.);
#6310=IFCFACE((#6309));
#6311=IFCPOLYLOOP((#4708,#4551,#4709));
#6312=IFCFACEOUTERBOUND(#6311,.T.);
#6313=IFCFACE((#6312));
#6314=IFCPOLYLOOP((#4551,#4713,#4709));
#6315=IFCFACEOUTERBOUND(#6314,.T.);
#6316=IFCFACE((#6315));
#6317=IFCPOLYLOOP((#4551,#4557,#4713));
#6318=IFCFACEOUTERBOUND(#6317,.T.);
#6319=IFCFACE((#6318));
#6320=IFCPOLYLOOP((#4557,#4553,#4713));
#6321=IFCFACEOUTERBOUND(#6320,.T.);
#6322=IFCFACE((#6321));
#6323=IFCPOLYLOOP((#4713,#4553,#4722));
#6324=IFCFACEOUTERBOUND(#6323,.T.);
#6325=IFCFACE((#6324));
#6326=IFCPOLYLOOP((#4553,#4552,#4722));
#6327=IFCFACEOUTERBOUND(#6326,.T.);
#6328=IFCFACE((#6327));
#6329=IFCPOLYLOOP((#4722,#4552,#4720));
#6330=IFCFACEOUTERBOUND(#6329,.T.);
#6331=IFCFACE((#6330));
#6332=IFCPOLYLOOP((#4552,#4547,#4720));
#6333=IFCFACEOUTERBOUND(#6332,.T.);
#6334=IFCFACE((#6333));
#6335=IFCPOLYLOOP((#4720,#4547,#4721));
#6336=IFCFACEOUTERBOUND(#6335,.T.);
#6337=IFCFACE((#6336));
#6338=IFCPOLYLOOP((#4547,#4726,#4721));
#6339=IFCFACEOUTERBOUND(#6338,.T.);
#6340=IFCFACE((#6339));
#6341=IFCPOLYLOOP((#4547,#4541,#4726));
#6342=IFCFACEOUTERBOUND(#6341,.T.);
#6343=IFCFACE((#6342));
#6344=IFCPOLYLOOP((#4541,#4735,#4726));
#6345=IFCFACEOUTERBOUND(#6344,.T.);
#6346=IFCFACE((#6345));
#6347=IFCPOLYLOOP((#4541,#4543,#4735));
#6348=IFCFACEOUTERBOUND(#6347,.T.);
#6349=IFCFACE((#6348));
#6350=IFCPOLYLOOP((#4543,#4542,#4735));
#6351=IFCFACEOUTERBOUND(#6350,.T.);
#6352=IFCFACE((#6351));
#6353=IFCPOLYLOOP((#4735,#4542,#4731));
#6354=IFCFACEOUTERBOUND(#6353,.T.);
#6355=IFCFACE((#6354));
#6356=IFCPOLYLOOP((#4542,#4537,#4731));
#6357=IFCFACEOUTERBOUND(#6356,.T.);
#6358=IFCFACE((#6357));
#6359=IFCPOLYLOOP((#4731,#4537,#4730));
#6360=IFCFACEOUTERBOUND(#6359,.T.);
#6361=IFCFACE((#6360));
#6362=IFCPOLYLOOP((#4784,#4788,#4771));
#6363=IFCFACEOUTERBOUND(#6362,.T.);
#6364=IFCFACE((#6363));
#6365=IFCPOLYLOOP((#4784,#4771,#4770));
#6366=IFCFACEOUTERBOUND(#6365,.T.);
#6367=IFCFACE((#6366));
#6368=IFCPOLYLOOP((#4826,#4830,#4813));
#6369=IFCFACEOUTERBOUND(#6368,.T.);
#6370=IFCFACE((#6369));
#6371=IFCPOLYLOOP((#4826,#4813,#4812));
#6372=IFCFACEOUTERBOUND(#6371,.T.);
#6373=IFCFACE((#6372));
#6374=IFCPOLYLOOP((#4868,#4872,#4855));
#6375=IFCFACEOUTERBOUND(#6374,.T.);
#6376=IFCFACE((#6375));
#6377=IFCPOLYLOOP((#4868,#4855,#4854));
#6378=IFCFACEOUTERBOUND(#6377,.T.);
#6379=IFCFACE((#6378));
#6380=IFCPOLYLOOP((#4910,#4914,#4897));
#6381=IFCFACEOUTERBOUND(#6380,.T.);
#6382=IFCFACE((#6381));
#6383=IFCPOLYLOOP((#4910,#4897,#4896));
#6384=IFCFACEOUTERBOUND(#6383,.T.);
#6385=IFCFACE((#6384));
#6386=IFCCARTESIANPOINT((7.07733959617173,2.44,0.948888888888889));
#6387=IFCPOLYLOOP((#5652,#6386,#5644));
#6388=IFCFACEOUTERBOUND(#6387,.T.);
#6389=IFCFACE((#6388));
#6390=IFCPOLYLOOP((#5644,#6386,#4947));
#6391=IFCFACEOUTERBOUND(#6390,.T.);
#6392=IFCFACE((#6391));
#6393=IFCPOLYLOOP((#4965,#4951,#6386));
#6394=IFCFACEOUTERBOUND(#6393,.T.);
#6395=IFCFACE((#6394));
#6396=IFCPOLYLOOP((#6386,#4951,#4947));
#6397=IFCFACEOUTERBOUND(#6396,.T.);
#6398=IFCFACE((#6397));
#6399=IFCCARTESIANPOINT((7.07733959617173,2.44,1.87777777777778));
#6400=IFCPOLYLOOP((#6386,#6399,#4966));
#6401=IFCFACEOUTERBOUND(#6400,.T.);
#6402=IFCFACE((#6401));
#6403=IFCPOLYLOOP((#4965,#6386,#4966));
#6404=IFCFACEOUTERBOUND(#6403,.T.);
#6405=IFCFACE((#6404));
#6406=IFCPOLYLOOP((#6399,#5637,#4976));
#6407=IFCFACEOUTERBOUND(#6406,.T.);
#6408=IFCFACE((#6407));
#6409=IFCPOLYLOOP((#4976,#4961,#6399));
#6410=IFCFACEOUTERBOUND(#6409,.T.);
#6411=IFCFACE((#6410));
#6412=IFCPOLYLOOP((#4961,#4966,#6399));
#6413=IFCFACEOUTERBOUND(#6412,.T.);
#6414=IFCFACE((#6413));
#6415=IFCPOLYLOOP((#6399,#5651,#5637));
#6416=IFCFACEOUTERBOUND(#6415,.T.);
#6417=IFCFACE((#6416));
#6418=IFCCARTESIANPOINT((7.07733959617173,2.44,2.80666666666667));
#6419=IFCPOLYLOOP((#5618,#6418,#5610));
#6420=IFCFACEOUTERBOUND(#6419,.T.);
#6421=IFCFACE((#6420));
#6422=IFCPOLYLOOP((#5610,#6418,#4983));
#6423=IFCFACEOUTERBOUND(#6422,.T.);
#6424=IFCFACE((#6423));
#6425=IFCPOLYLOOP((#5001,#4987,#6418));
#6426=IFCFACEOUTERBOUND(#6425,.T.);
#6427=IFCFACE((#6426));
#6428=IFCPOLYLOOP((#6418,#4987,#4983));
#6429=IFCFACEOUTERBOUND(#6428,.T.);
#6430=IFCFACE((#6429));
#6431=IFCCARTESIANPOINT((7.07733959617173,2.44,3.73555555555556));
#6432=IFCPOLYLOOP((#6418,#6431,#5002));
#6433=IFCFACEOUTERBOUND(#6432,.T.);
#6434=IFCFACE((#6433));
#6435=IFCPOLYLOOP((#5001,#6418,#5002));
#6436=IFCFACEOUTERBOUND(#6435,.T.);
#6437=IFCFACE((#6436));
#6438=IFCPOLYLOOP((#6431,#5603,#5012));
#6439=IFCFACEOUTERBOUND(#6438,.T.);
#6440=IFCFACE((#6439));
#6441=IFCPOLYLOOP((#5012,#4997,#6431));
#6442=IFCFACEOUTERBOUND(#6441,.T.);
#6443=IFCFACE((#6442));
#6444=IFCPOLYLOOP((#4997,#5002,#6431));
#6445=IFCFACEOUTERBOUND(#6444,.T.);
#6446=IFCFACE((#6445));
#6447=IFCPOLYLOOP((#6431,#5617,#5603));
#6448=IFCFACEOUTERBOUND(#6447,.T.);
#6449=IFCFACE((#6448));
#6450=IFCCARTESIANPOINT((7.07733959617173,2.44,4.66444444444445));
#6451=IFCPOLYLOOP((#5584,#6450,#5576));
#6452=IFCFACEOUTERBOUND(#6451,.T.);
#6453=IFCFACE((#6452));
#6454=IFCPOLYLOOP((#5576,#6450,#5019));
#6455=IFCFACEOUTERBOUND(#6454,.T.);
#6456=IFCFACE((#6455));
#6457=IFCPOLYLOOP((#5037,#5023,#6450));
#6458=IFCFACEOUTERBOUND(#6457,.T.);
#6459=IFCFACE((#6458));
#6460=IFCPOLYLOOP((#6450,#5023,#5019));
#6461=IFCFACEOUTERBOUND(#6460,.T.);
#6462=IFCFACE((#6461));
#6463=IFCCARTESIANPOINT((7.07733959617173,2.44,5.59333333333334));
#6464=IFCPOLYLOOP((#5037,#6450,#6463));
#6465=IFCFACEOUTERBOUND(#6464,.T.);
#6466=IFCFACE((#6465));
#6467=IFCPOLYLOOP((#5037,#6463,#5038));
#6468=IFCFACEOUTERBOUND(#6467,.T.);
#6469=IFCFACE((#6468));
#6470=IFCPOLYLOOP((#6463,#5569,#5048));
#6471=IFCFACEOUTERBOUND(#6470,.T.);
#6472=IFCFACE((#6471));
#6473=IFCPOLYLOOP((#5048,#5033,#6463));
#6474=IFCFACEOUTERBOUND(#6473,.T.);
#6475=IFCFACE((#6474));
#6476=IFCPOLYLOOP((#5033,#5038,#6463));
#6477=IFCFACEOUTERBOUND(#6476,.T.);
#6478=IFCFACE((#6477));
#6479=IFCPOLYLOOP((#6463,#5583,#5569));
#6480=IFCFACEOUTERBOUND(#6479,.T.);
#6481=IFCFACE((#6480));
#6482=IFCCARTESIANPOINT((7.07733959617173,2.44,6.52222222222222));
#6483=IFCPOLYLOOP((#5550,#6482,#5545));
#6484=IFCFACEOUTERBOUND(#6483,.T.);
#6485=IFCFACE((#6484));
#6486=IFCPOLYLOOP((#5545,#6482,#5055));
#6487=IFCFACEOUTERBOUND(#6486,.T.);
#6488=IFCFACE((#6487));
#6489=IFCPOLYLOOP((#5073,#5059,#6482));
#6490=IFCFACEOUTERBOUND(#6489,.T.);
#6491=IFCFACE((#6490));
#6492=IFCPOLYLOOP((#6482,#5059,#5055));
#6493=IFCFACEOUTERBOUND(#6492,.T.);
#6494=IFCFACE((#6493));
#6495=IFCCARTESIANPOINT((7.07733959617173,2.44,7.45111111111111));
#6496=IFCPOLYLOOP((#6482,#6495,#5074));
#6497=IFCFACEOUTERBOUND(#6496,.T.);
#6498=IFCFACE((#6497));
#6499=IFCPOLYLOOP((#5073,#6482,#5074));
#6500=IFCFACEOUTERBOUND(#6499,.T.);
#6501=IFCFACE((#6500));
#6502=IFCPOLYLOOP((#6495,#5535,#5084));
#6503=IFCFACEOUTERBOUND(#6502,.T.);
#6504=IFCFACE((#6503));
#6505=IFCPOLYLOOP((#5084,#5069,#6495));
#6506=IFCFACEOUTERBOUND(#6505,.T.);
#6507=IFCFACE((#6506));
#6508=IFCPOLYLOOP((#5069,#5074,#6495));
#6509=IFCFACEOUTERBOUND(#6508,.T.);
#6510=IFCFACE((#6509));
#6511=IFCPOLYLOOP((#6495,#5549,#5535));
#6512=IFCFACEOUTERBOUND(#6511,.T.);
#6513=IFCFACE((#6512));
#6514=IFCCARTESIANPOINT((7.3899999,2.72,8.28));
#6515=IFCPOLYLOOP((#6514,#3588,#5091));
#6516=IFCFACEOUTERBOUND(#6515,.T.);
#6517=IFCFACE((#6516));
#6518=IFCPOLYLOOP((#6514,#5091,#3891));
#6519=IFCFACEOUTERBOUND(#6518,.T.);
#6520=IFCFACE((#6519));
#6521=IFCCARTESIANPOINT((7.39,3.07,8.28));
#6522=IFCPOLYLOOP((#6521,#3588,#6514));
#6523=IFCFACEOUTERBOUND(#6522,.T.);
#6524=IFCFACE((#6523));
#6525=IFCPOLYLOOP((#4671,#3588,#6521));
#6526=IFCFACEOUTERBOUND(#6525,.T.);
#6527=IFCFACE((#6526));
#6528=IFCCARTESIANPOINT((7.3899999,3.42,8.28));
#6529=IFCPOLYLOOP((#6528,#4671,#6521));
#6530=IFCFACEOUTERBOUND(#6529,.T.);
#6531=IFCFACE((#6530));
#6532=IFCCARTESIANPOINT((8.12733959617173,2.56999999999999,7.45111111111111));
#6533=IFCCARTESIANPOINT((8.12733959617173,2.56999999999999,8.28));
#6534=IFCPOLYLOOP((#5426,#6532,#6533));
#6535=IFCFACEOUTERBOUND(#6534,.T.);
#6536=IFCFACE((#6535));
#6537=IFCPOLYLOOP((#5426,#5422,#6532));
#6538=IFCFACEOUTERBOUND(#6537,.T.);
#6539=IFCFACE((#6538));
#6540=IFCCARTESIANPOINT((8.12733959617173,2.07,7.45111111111111));
#6541=IFCPOLYLOOP((#5422,#6540,#6532));
#6542=IFCFACEOUTERBOUND(#6541,.T.);
#6543=IFCFACE((#6542));
#6544=IFCPOLYLOOP((#5422,#5421,#6540));
#6545=IFCFACEOUTERBOUND(#6544,.T.);
#6546=IFCFACE((#6545));
#6547=IFCPOLYLOOP((#5421,#5401,#6540));
#6548=IFCFACEOUTERBOUND(#6547,.T.);
#6549=IFCFACE((#6548));
#6550=IFCCARTESIANPOINT((8.12733959617173,2.07,6.52222222222222));
#6551=IFCPOLYLOOP((#6540,#5401,#6550));
#6552=IFCFACEOUTERBOUND(#6551,.T.);
#6553=IFCFACE((#6552));
#6554=IFCPOLYLOOP((#5401,#5395,#6550));
#6555=IFCFACEOUTERBOUND(#6554,.T.);
#6556=IFCFACE((#6555));
#6557=IFCCARTESIANPOINT((8.12733959617173,2.57,6.52222222222222));
#6558=IFCPOLYLOOP((#6550,#5395,#6557));
#6559=IFCFACEOUTERBOUND(#6558,.T.);
#6560=IFCFACE((#6559));
#6561=IFCPOLYLOOP((#5395,#5397,#6557));
#6562=IFCFACEOUTERBOUND(#6561,.T.);
#6563=IFCFACE((#6562));
#6564=IFCCARTESIANPOINT((8.12733959617173,2.57,5.59333333333334));
#6565=IFCPOLYLOOP((#6557,#5397,#6564));
#6566=IFCFACEOUTERBOUND(#6565,.T.);
#6567=IFCFACE((#6566));
#6568=IFCCARTESIANPOINT((8.12733959617173,2.07,5.59333333333334));
#6569=IFCPOLYLOOP((#5397,#6568,#6564));
#6570=IFCFACEOUTERBOUND(#6569,.T.);
#6571=IFCFACE((#6570));
#6572=IFCPOLYLOOP((#5397,#5396,#6568));
#6573=IFCFACEOUTERBOUND(#6572,.T.);
#6574=IFCFACE((#6573));
#6575=IFCPOLYLOOP((#5396,#5367,#6568));
#6576=IFCFACEOUTERBOUND(#6575,.T.);
#6577=IFCFACE((#6576));
#6578=IFCCARTESIANPOINT((8.12733959617172,2.07,4.66444444444445));
#6579=IFCPOLYLOOP((#6568,#5367,#6578));
#6580=IFCFACEOUTERBOUND(#6579,.T.);
#6581=IFCFACE((#6580));
#6582=IFCPOLYLOOP((#5367,#5361,#6578));
#6583=IFCFACEOUTERBOUND(#6582,.T.);
#6584=IFCFACE((#6583));
#6585=IFCCARTESIANPOINT((8.12733959617172,2.56999999999999,4.66444444444445));
#6586=IFCPOLYLOOP((#6578,#5361,#6585));
#6587=IFCFACEOUTERBOUND(#6586,.T.);
#6588=IFCFACE((#6587));
#6589=IFCPOLYLOOP((#5361,#5363,#6585));
#6590=IFCFACEOUTERBOUND(#6589,.T.);
#6591=IFCFACE((#6590));
#6592=IFCCARTESIANPOINT((8.12733959617173,2.57,3.73555555555556));
#6593=IFCPOLYLOOP((#6585,#5363,#6592));
#6594=IFCFACEOUTERBOUND(#6593,.T.);
#6595=IFCFACE((#6594));
#6596=IFCCARTESIANPOINT((8.12733959617173,2.07,3.73555555555556));
#6597=IFCPOLYLOOP((#5363,#6596,#6592));
#6598=IFCFACEOUTERBOUND(#6597,.T.);
#6599=IFCFACE((#6598));
#6600=IFCPOLYLOOP((#5363,#5362,#6596));
#6601=IFCFACEOUTERBOUND(#6600,.T.);
#6602=IFCFACE((#6601));
#6603=IFCPOLYLOOP((#5362,#5357,#6596));
#6604=IFCFACEOUTERBOUND(#6603,.T.);
#6605=IFCFACE((#6604));
#6606=IFCCARTESIANPOINT((8.12733959617173,2.07,2.80666666666667));
#6607=IFCPOLYLOOP((#6596,#5357,#6606));
#6608=IFCFACEOUTERBOUND(#6607,.T.);
#6609=IFCFACE((#6608));
#6610=IFCPOLYLOOP((#5357,#5351,#6606));
#6611=IFCFACEOUTERBOUND(#6610,.T.);
#6612=IFCFACE((#6611));
#6613=IFCCARTESIANPOINT((8.12733959617173,2.57,2.80666666666667));
#6614=IFCPOLYLOOP((#6606,#5351,#6613));
#6615=IFCFACEOUTERBOUND(#6614,.T.);
#6616=IFCFACE((#6615));
#6617=IFCCARTESIANPOINT((8.12733959617173,2.57,1.87777777777778));
#6618=IFCPOLYLOOP((#5351,#6617,#6613));
#6619=IFCFACEOUTERBOUND(#6618,.T.);
#6620=IFCFACE((#6619));
#6621=IFCPOLYLOOP((#5351,#5353,#6617));
#6622=IFCFACEOUTERBOUND(#6621,.T.);
#6623=IFCFACE((#6622));
#6624=IFCCARTESIANPOINT((8.12733959617173,2.07,1.87777777777778));
#6625=IFCPOLYLOOP((#5353,#6624,#6617));
#6626=IFCFACEOUTERBOUND(#6625,.T.);
#6627=IFCFACE((#6626));
#6628=IFCPOLYLOOP((#5353,#5352,#6624));
#6629=IFCFACEOUTERBOUND(#6628,.T.);
#6630=IFCFACE((#6629));
#6631=IFCPOLYLOOP((#5352,#5343,#6624));
#6632=IFCFACEOUTERBOUND(#6631,.T.);
#6633=IFCFACE((#6632));
#6634=IFCCARTESIANPOINT((8.12733959617173,2.07,0.948888888888889));
#6635=IFCPOLYLOOP((#6624,#5343,#6634));
#6636=IFCFACEOUTERBOUND(#6635,.T.);
#6637=IFCFACE((#6636));
#6638=IFCPOLYLOOP((#5343,#5344,#6634));
#6639=IFCFACEOUTERBOUND(#6638,.T.);
#6640=IFCFACE((#6639));
#6641=IFCCARTESIANPOINT((8.12733959617172,2.57,0.948888888888889));
#6642=IFCPOLYLOOP((#6634,#5344,#6641));
#6643=IFCFACEOUTERBOUND(#6642,.T.);
#6644=IFCFACE((#6643));
#6645=IFCPOLYLOOP((#5344,#6142,#6641));
#6646=IFCFACEOUTERBOUND(#6645,.T.);
#6647=IFCFACE((#6646));
#6648=IFCPOLYLOOP((#5344,#5338,#6142));
#6649=IFCFACEOUTERBOUND(#6648,.T.);
#6650=IFCFACE((#6649));
#6651=IFCPOLYLOOP((#5381,#5371,#6029));
#6652=IFCFACEOUTERBOUND(#6651,.T.);
#6653=IFCFACE((#6652));
#6654=IFCPOLYLOOP((#6029,#5371,#6040));
#6655=IFCFACEOUTERBOUND(#6654,.T.);
#6656=IFCFACE((#6655));
#6657=IFCPOLYLOOP((#5371,#6030,#6040));
#6658=IFCFACEOUTERBOUND(#6657,.T.);
#6659=IFCFACE((#6658));
#6660=IFCPOLYLOOP((#5371,#5388,#6030));
#6661=IFCFACEOUTERBOUND(#6660,.T.);
#6662=IFCFACE((#6661));
#6663=IFCPOLYLOOP((#5388,#6022,#6030));
#6664=IFCFACEOUTERBOUND(#6663,.T.);
#6665=IFCFACE((#6664));
#6666=IFCPOLYLOOP((#5388,#5406,#6022));
#6667=IFCFACEOUTERBOUND(#6666,.T.);
#6668=IFCFACE((#6667));
#6669=IFCPOLYLOOP((#5406,#6015,#6022));
#6670=IFCFACEOUTERBOUND(#6669,.T.);
#6671=IFCFACE((#6670));
#6672=IFCPOLYLOOP((#5406,#5416,#6015));
#6673=IFCFACEOUTERBOUND(#6672,.T.);
#6674=IFCFACE((#6673));
#6675=IFCPOLYLOOP((#5416,#5405,#6015));
#6676=IFCFACEOUTERBOUND(#6675,.T.);
#6677=IFCFACE((#6676));
#6678=IFCPOLYLOOP((#6015,#5405,#6010));
#6679=IFCFACEOUTERBOUND(#6678,.T.);
#6680=IFCFACE((#6679));
#6681=IFCPOLYLOOP((#5405,#6011,#6010));
#6682=IFCFACEOUTERBOUND(#6681,.T.);
#6683=IFCFACE((#6682));
#6684=IFCPOLYLOOP((#5405,#5430,#6011));
#6685=IFCFACEOUTERBOUND(#6684,.T.);
#6686=IFCFACE((#6685));
#6687=IFCPOLYLOOP((#5430,#6009,#6011));
#6688=IFCFACEOUTERBOUND(#6687,.T.);
#6689=IFCFACE((#6688));
#6690=IFCPOLYLOOP((#5430,#5438,#6009));
#6691=IFCFACEOUTERBOUND(#6690,.T.);
#6692=IFCFACE((#6691));
#6693=IFCPOLYLOOP((#5438,#5997,#6009));
#6694=IFCFACEOUTERBOUND(#6693,.T.);
#6695=IFCFACE((#6694));
#6696=IFCPOLYLOOP((#5438,#5448,#5997));
#6697=IFCFACEOUTERBOUND(#6696,.T.);
#6698=IFCFACE((#6697));
#6699=IFCPOLYLOOP((#5448,#5437,#5997));
#6700=IFCFACEOUTERBOUND(#6699,.T.);
#6701=IFCFACE((#6700));
#6702=IFCPOLYLOOP((#5997,#5437,#6005));
#6703=IFCFACEOUTERBOUND(#6702,.T.);
#6704=IFCFACE((#6703));
#6705=IFCPOLYLOOP((#5437,#5998,#6005));
#6706=IFCFACEOUTERBOUND(#6705,.T.);
#6707=IFCFACE((#6706));
#6708=IFCPOLYLOOP((#5437,#5452,#5998));
#6709=IFCFACEOUTERBOUND(#6708,.T.);
#6710=IFCFACE((#6709));
#6711=IFCPOLYLOOP((#5452,#5993,#5998));
#6712=IFCFACEOUTERBOUND(#6711,.T.);
#6713=IFCFACE((#6712));
#6714=IFCPOLYLOOP((#5452,#5460,#5993));
#6715=IFCFACEOUTERBOUND(#6714,.T.);
#6716=IFCFACE((#6715));
#6717=IFCPOLYLOOP((#5460,#5470,#5993));
#6718=IFCFACEOUTERBOUND(#6717,.T.);
#6719=IFCFACE((#6718));
#6720=IFCPOLYLOOP((#5993,#5470,#5981));
#6721=IFCFACEOUTERBOUND(#6720,.T.);
#6722=IFCFACE((#6721));
#6723=IFCPOLYLOOP((#5470,#5459,#5981));
#6724=IFCFACEOUTERBOUND(#6723,.T.);
#6725=IFCFACE((#6724));
#6726=IFCPOLYLOOP((#5981,#5459,#5989));
#6727=IFCFACEOUTERBOUND(#6726,.T.);
#6728=IFCFACE((#6727));
#6729=IFCPOLYLOOP((#5459,#5982,#5989));
#6730=IFCFACEOUTERBOUND(#6729,.T.);
#6731=IFCFACE((#6730));
#6732=IFCPOLYLOOP((#5459,#5474,#5982));
#6733=IFCFACEOUTERBOUND(#6732,.T.);
#6734=IFCFACE((#6733));
#6735=IFCPOLYLOOP((#5474,#5971,#5982));
#6736=IFCFACEOUTERBOUND(#6735,.T.);
#6737=IFCFACE((#6736));
#6738=IFCPOLYLOOP((#5474,#5489,#5971));
#6739=IFCFACEOUTERBOUND(#6738,.T.);
#6740=IFCFACE((#6739));
#6741=IFCPOLYLOOP((#6514,#3891,#5426));
#6742=IFCFACEOUTERBOUND(#6741,.T.);
#6743=IFCFACE((#6742));
#6744=IFCCARTESIANPOINT((8.09,3.07,8.28));
#6745=IFCPOLYLOOP((#6514,#5426,#6744));
#6746=IFCFACEOUTERBOUND(#6745,.T.);
#6747=IFCFACE((#6746));
#6748=IFCPOLYLOOP((#6521,#6514,#6744));
#6749=IFCFACEOUTERBOUND(#6748,.T.);
#6750=IFCFACE((#6749));
#6751=IFCPOLYLOOP((#6482,#5550,#5549));
#6752=IFCFACEOUTERBOUND(#6751,.T.);
#6753=IFCFACE((#6752));
#6754=IFCPOLYLOOP((#6482,#5549,#6495));
#6755=IFCFACEOUTERBOUND(#6754,.T.);
#6756=IFCFACE((#6755));
#6757=IFCPOLYLOOP((#6450,#5584,#5583));
#6758=IFCFACEOUTERBOUND(#6757,.T.);
#6759=IFCFACE((#6758));
#6760=IFCPOLYLOOP((#6450,#5583,#6463));
#6761=IFCFACEOUTERBOUND(#6760,.T.);
#6762=IFCFACE((#6761));
#6763=IFCPOLYLOOP((#6418,#5618,#5617));
#6764=IFCFACEOUTERBOUND(#6763,.T.);
#6765=IFCFACE((#6764));
#6766=IFCPOLYLOOP((#6418,#5617,#6431));
#6767=IFCFACEOUTERBOUND(#6766,.T.);
#6768=IFCFACE((#6767));
#6769=IFCPOLYLOOP((#6386,#5652,#5651));
#6770=IFCFACEOUTERBOUND(#6769,.T.);
#6771=IFCFACE((#6770));
#6772=IFCPOLYLOOP((#6386,#5651,#6399));
#6773=IFCFACEOUTERBOUND(#6772,.T.);
#6774=IFCFACE((#6773));
#6775=IFCPOLYLOOP((#5813,#5826,#5692));
#6776=IFCFACEOUTERBOUND(#6775,.T.);
#6777=IFCFACE((#6776));
#6778=IFCPOLYLOOP((#5691,#5813,#5692));
#6779=IFCFACEOUTERBOUND(#6778,.T.);
#6780=IFCFACE((#6779));
#6781=IFCPOLYLOOP((#5845,#5858,#5726));
#6782=IFCFACEOUTERBOUND(#6781,.T.);
#6783=IFCFACE((#6782));
#6784=IFCPOLYLOOP((#5725,#5845,#5726));
#6785=IFCFACEOUTERBOUND(#6784,.T.);
#6786=IFCFACE((#6785));
#6787=IFCPOLYLOOP((#5877,#5890,#5760));
#6788=IFCFACEOUTERBOUND(#6787,.T.);
#6789=IFCFACE((#6788));
#6790=IFCPOLYLOOP((#5759,#5877,#5760));
#6791=IFCFACEOUTERBOUND(#6790,.T.);
#6792=IFCFACE((#6791));
#6793=IFCPOLYLOOP((#5909,#5922,#5794));
#6794=IFCFACEOUTERBOUND(#6793,.T.);
#6795=IFCFACE((#6794));
#6796=IFCPOLYLOOP((#5793,#5909,#5794));
#6797=IFCFACEOUTERBOUND(#6796,.T.);
#6798=IFCFACE((#6797));
#6799=IFCCARTESIANPOINT((8.12733959617173,3.49000000000001,8.28));
#6800=IFCPOLYLOOP((#6799,#6264,#6271));
#6801=IFCFACEOUTERBOUND(#6800,.T.);
#6802=IFCFACE((#6801));
#6803=IFCPOLYLOOP((#6264,#6243,#6260));
#6804=IFCFACEOUTERBOUND(#6803,.T.);
#6805=IFCFACE((#6804));
#6806=IFCPOLYLOOP((#6799,#6243,#6264));
#6807=IFCFACEOUTERBOUND(#6806,.T.);
#6808=IFCFACE((#6807));
#6809=IFCPOLYLOOP((#6243,#6253,#6260));
#6810=IFCFACEOUTERBOUND(#6809,.T.);
#6811=IFCFACE((#6810));
#6812=IFCPOLYLOOP((#6799,#6236,#6243));
#6813=IFCFACEOUTERBOUND(#6812,.T.);
#6814=IFCFACE((#6813));
#6815=IFCPOLYLOOP((#6236,#6225,#6232));
#6816=IFCFACEOUTERBOUND(#6815,.T.);
#6817=IFCFACE((#6816));
#6818=IFCPOLYLOOP((#6215,#6225,#6236));
#6819=IFCFACEOUTERBOUND(#6818,.T.);
#6820=IFCFACE((#6819));
#6821=IFCPOLYLOOP((#6208,#6197,#6204));
#6822=IFCFACEOUTERBOUND(#6821,.T.);
#6823=IFCFACE((#6822));
#6824=IFCPOLYLOOP((#6187,#6197,#6208));
#6825=IFCFACEOUTERBOUND(#6824,.T.);
#6826=IFCFACE((#6825));
#6827=IFCPOLYLOOP((#6187,#6149,#6180));
#6828=IFCFACEOUTERBOUND(#6827,.T.);
#6829=IFCFACE((#6828));
#6830=IFCPOLYLOOP((#6208,#6149,#6187));
#6831=IFCFACEOUTERBOUND(#6830,.T.);
#6832=IFCFACE((#6831));
#6833=IFCPOLYLOOP((#6180,#6162,#6176));
#6834=IFCFACEOUTERBOUND(#6833,.T.);
#6835=IFCFACE((#6834));
#6836=IFCPOLYLOOP((#6149,#6162,#6180));
#6837=IFCFACEOUTERBOUND(#6836,.T.);
#6838=IFCFACE((#6837));
#6839=IFCPOLYLOOP((#6149,#6138,#6162));
#6840=IFCFACEOUTERBOUND(#6839,.T.);
#6841=IFCFACE((#6840));
#6842=IFCPOLYLOOP((#6162,#6169,#6176));
#6843=IFCFACEOUTERBOUND(#6842,.T.);
#6844=IFCFACE((#6843));
#6845=IFCPOLYLOOP((#6799,#6149,#6208));
#6846=IFCFACEOUTERBOUND(#6845,.T.);
#6847=IFCFACE((#6846));
#6848=IFCPOLYLOOP((#6799,#6208,#6215));
#6849=IFCFACEOUTERBOUND(#6848,.T.);
#6850=IFCFACE((#6849));
#6851=IFCPOLYLOOP((#6799,#6215,#6236));
#6852=IFCFACEOUTERBOUND(#6851,.T.);
#6853=IFCFACE((#6852));
#6854=IFCPOLYLOOP((#6532,#6799,#6533));
#6855=IFCFACEOUTERBOUND(#6854,.T.);
#6856=IFCFACE((#6855));
#6857=IFCPOLYLOOP((#6550,#6557,#6540));
#6858=IFCFACEOUTERBOUND(#6857,.T.);
#6859=IFCFACE((#6858));
#6860=IFCPOLYLOOP((#6540,#6557,#6532));
#6861=IFCFACEOUTERBOUND(#6860,.T.);
#6862=IFCFACE((#6861));
#6863=IFCPOLYLOOP((#6532,#6557,#6799));
#6864=IFCFACEOUTERBOUND(#6863,.T.);
#6865=IFCFACE((#6864));
#6866=IFCPOLYLOOP((#6557,#6564,#6799));
#6867=IFCFACEOUTERBOUND(#6866,.T.);
#6868=IFCFACE((#6867));
#6869=IFCPOLYLOOP((#6578,#6585,#6568));
#6870=IFCFACEOUTERBOUND(#6869,.T.);
#6871=IFCFACE((#6870));
#6872=IFCPOLYLOOP((#6568,#6585,#6564));
#6873=IFCFACEOUTERBOUND(#6872,.T.);
#6874=IFCFACE((#6873));
#6875=IFCPOLYLOOP((#6564,#6585,#6799));
#6876=IFCFACEOUTERBOUND(#6875,.T.);
#6877=IFCFACE((#6876));
#6878=IFCPOLYLOOP((#6596,#6606,#6592));
#6879=IFCFACEOUTERBOUND(#6878,.T.);
#6880=IFCFACE((#6879));
#6881=IFCPOLYLOOP((#6606,#6613,#6592));
#6882=IFCFACEOUTERBOUND(#6881,.T.);
#6883=IFCFACE((#6882));
#6884=IFCPOLYLOOP((#6634,#6641,#6624));
#6885=IFCFACEOUTERBOUND(#6884,.T.);
#6886=IFCFACE((#6885));
#6887=IFCPOLYLOOP((#6624,#6641,#6617));
#6888=IFCFACEOUTERBOUND(#6887,.T.);
#6889=IFCFACE((#6888));
#6890=IFCPOLYLOOP((#6142,#6149,#6641));
#6891=IFCFACEOUTERBOUND(#6890,.T.);
#6892=IFCFACE((#6891));
#6893=IFCPOLYLOOP((#6617,#6149,#6613));
#6894=IFCFACEOUTERBOUND(#6893,.T.);
#6895=IFCFACE((#6894));
#6896=IFCPOLYLOOP((#6592,#6149,#6585));
#6897=IFCFACEOUTERBOUND(#6896,.T.);
#6898=IFCFACE((#6897));
#6899=IFCPOLYLOOP((#6613,#6149,#6592));
#6900=IFCFACEOUTERBOUND(#6899,.T.);
#6901=IFCFACE((#6900));
#6902=IFCPOLYLOOP((#6641,#6149,#6617));
#6903=IFCFACEOUTERBOUND(#6902,.T.);
#6904=IFCFACE((#6903));
#6905=IFCPOLYLOOP((#6149,#6799,#6585));
#6906=IFCFACEOUTERBOUND(#6905,.T.);
#6907=IFCFACE((#6906));
#6908=IFCPOLYLOOP((#6528,#6271,#4671));
#6909=IFCFACEOUTERBOUND(#6908,.T.);
#6910=IFCFACE((#6909));
#6911=IFCPOLYLOOP((#6744,#5426,#6533));
#6912=IFCFACEOUTERBOUND(#6911,.T.);
#6913=IFCFACE((#6912));
#6914=IFCPOLYLOOP((#6744,#6528,#6521));
#6915=IFCFACEOUTERBOUND(#6914,.T.);
#6916=IFCFACE((#6915));
#6917=IFCPOLYLOOP((#6799,#6528,#6744));
#6918=IFCFACEOUTERBOUND(#6917,.T.);
#6919=IFCFACE((#6918));
#6920=IFCPOLYLOOP((#6533,#6799,#6744));
#6921=IFCFACEOUTERBOUND(#6920,.T.);
#6922=IFCFACE((#6921));
#6923=IFCPOLYLOOP((#6799,#6271,#6528));
#6924=IFCFACEOUTERBOUND(#6923,.T.);
#6925=IFCFACE((#6924));
#6926=IFCCLOSEDSHELL((#1800,#1804,#1808,#1812,#1816,#1820,#1824,#1827,#1831,#1835,#1839,#1842,#1845,#1848,#1852,#1856,#1860,#1863,#1867,#1871,#1876,#1879,#1883,#1887,#1890,#1895,#1898,#1902,#1906,#1910,#1915,#1918,#1924,#1928,#1933,#1936,#1941,#1944,#1948,#1952,#1955,#1958,#1961,#1967,#1970,#1973,#1977,#1982,#1986,#1989,#1995,#1999,#2005,#2009,#2013,#2016,#2019,#2022,#2025,#2028,#2034,#2039,#2043,#2046,#2052,#2056,#2060,#2063,#2066,#2072,#2076,#2080,#2083,#2087,#2091,#2095,#2101,#2105,#2109,#2113,#2116,#2120,#2124,#2128,#2132,#2137,#2141,#2145,#2149,#2153,#2157,#2161,#2167,#2171,#2176,#2180,#2183,#2186,#2191,#2194,#2198,#2202,#2205,#2208,#2212,#2215,#2220,#2223,#2227,#2231,#2234,#2237,#2240,#2243,#2247,#2250,#2256,#2261,#2266,#2270,#2273,#2276,#2282,#2286,#2290,#2293,#2296,#2302,#2306,#2310,#2313,#2317,#2321,#2325,#2331,#2335,#2339,#2343,#2346,#2350,#2354,#2358,#2362,#2366,#2370,#2375,#2379,#2384,#2389,#2392,#2395,#2399,#2405,#2409,#2415,#2418,#2421,#2424,#2429,#2432,#2436,#2440,#2443,#2447,#2450,#2453,#2458,#2461,#2465,#2468,#2471,#2475,#2478,#2481,#2485,#2488,#2492,#2495,#2499,#2504,#2507,#2513,#2517,#2523,#2527,#2531,#2534,#2540,#2544,#2548,#2552,#2556,#2560,#2564,#2568,#2572,#2575,#2578,#2582,#2586,#2590,#2593,#2597,#2601,#2604,#2608,#2612,#2616,#2620,#2623,#2627,#2631,#2634,#2637,#2640,#2644,#2648,#2652,#2656,#2660,#2664,#2670,#2675,#2681,#2685,#2691,#2695,#2701,#2705,#2708,#2712,#2716,#2720,#2724,#2728,#2732,#2736,#2740,#2743,#2748,#2751,#2755,#2758,#2761,#2765,#2769,#2772,#2776,#2780,#2784,#2787,#2791,#2795,#2799,#2802,#2805,#2808,#2812,#2815,#2818,#2821,#2824,#2827,#2831,#2834,#2837,#2840,#2843,#2846,#2849,#2852,#2855,#2858,#2861,#2864,#2867,#2870,#2873,#2876,#2879,#2882,#2885,#2888,#2891,#2894,#2897,#2900,#2903,#2906,#2909,#2912,#2915,#2918,#2921,#2924,#2927,#2930,#2933,#2936,#2939,#2942,#2945,#2948,#2951,#2954,#2957,#2960,#2963,#2966,#2969,#2972,#2975,#2978,#2981,#2984,#2987,#2990,#2993,#2996,#2999,#3002,#3005,#3008,#3011,#3014,#3017,#3020,#3023,#3026,#3029,#3032,#3035,#3038,#3043,#3046,#3050,#3053,#3056,#3060,#3063,#3067,#3071,#3074,#3078,#3081,#3085,#3088,#3091,#3095,#3099,#3102,#3106,#3109,#3113,#3116,#3119,#3123,#3127,#3130,#3134,#3137,#3141,#3144,#3147,#3151,#3154,#3158,#3161,#3165,#3170,#3175,#3178,#3181,#3185,#3188,#3191,#3194,#3197,#3200,#3203,#3206,#3209,#3212,#3215,#3218,#3221,#3224,#3227,#3230,#3233,#3236,#3239,#3242,#3245,#3248,#3251,#3254,#3257,#3260,#3263,#3266,#3269,#3272,#3275,#3279,#3282,#3285,#3289,#3293,#3297,#3300,#3305,#3309,#3312,#3315,#3318,#3322,#3325,#3329,#3333,#3336,#3341,#3345,#3348,#3351,#3354,#3358,#3361,#3365,#3369,#3372,#3377,#3381,#3384,#3387,#3390,#3394,#3397,#3401,#3405,#3408,#3413,#3417,#3420,#3423,#3426,#3430,#3434,#3437,#3440,#3444,#3447,#3452,#3455,#3461,#3465,#3471,#3475,#3481,#3485,#3488,#3492,#3496,#3500,#3504,#3508,#3512,#3518,#3522,#3525,#3530,#3533,#3537,#3540,#3543,#3547,#3550,#3554,#3558,#3562,#3566,#3570,#3573,#3576,#3580,#3584,#3587,#3591,#3595,#3599,#3603,#3606,#3610,#3613,#3616,#3619,#3622,#3625,#3629,#3632,#3635,#3638,#3642,#3645,#3649,#3652,#3656,#3661,#3665,#3668,#3671,#3675,#3678,#3682,#3685,#3688,#3692,#3697,#3701,#3704,#3707,#3711,#3714,#3717,#3721,#3724,#3728,#3733,#3737,#3740,#3743,#3747,#3750,#3753,#3757,#3760,#3764,#3769,#3773,#3776,#3779,#3782,#3785,#3788,#3792,#3796,#3799,#3802,#3806,#3811,#3814,#3820,#3824,#3830,#3834,#3838,#3841,#3844,#3848,#3852,#3855,#3859,#3865,#3869,#3873,#3876,#3881,#3884,#3890,#3894,#3898,#3901,#3906,#3909,#3912,#3915,#3919,#3923,#3927,#3930,#3933,#3938,#3941,#3945,#3949,#3952,#3957,#3960,#3964,#3968,#3971,#3975,#3978,#3982,#3985,#3990,#3994,#3997,#4000,#4004,#4007,#4011,#4014,#4018,#4021,#4026,#4030,#4033,#4036,#4040,#4043,#4047,#4050,#4054,#4057,#4062,#4066,#4069,#4072,#4076,#4079,#4083,#4086,#4090,#4093,#4098,#4102,#4105,#4108,#4112,#4115,#4119,#4122,#4127,#4131,#4134,#4137,#4140,#4143,#4146,#4149,#4152,#4156,#4161,#4165,#4168,#4171,#4174,#4177,#4180,#4183,#4186,#4190,#4195,#4199,#4202,#4205,#4208,#4211,#4214,#4217,#4220,#4224,#4229,#4233,#4236,#4239,#4242,#4245,#4248,#4251,#4254,#4257,#4261,#4264,#4268,#4272,#4275,#4279,#4283,#4286,#4289,#4292,#4296,#4299,#4303,#4307,#4310,#4316,#4319,#4322,#4325,#4329,#4333,#4336,#4339,#4343,#4346,#4350,#4353,#4357,#4361,#4364,#4367,#4371,#4374,#4378,#4381,#4385,#4389,#4392,#4395,#4399,#4402,#4406,#4410,#4413,#4417,#4420,#4423,#4427,#4430,#4434,#4437,#4440,#4444,#4448,#4451,#4455,#4460,#4465,#4468,#4471,#4474,#4477,#4480,#4483,#4486,#4489,#4492,#4495,#4498,#4501,#4504,#4507,#4510,#4513,#4516,#4519,#4522,#4525,#4530,#4533,#4536,#4540,#4546,#4550,#4556,#4560,#4564,#4567,#4573,#4577,#4580,#4584,#4588,#4592,#4596,#4601,#4605,#4609,#4612,#4615,#4619,#4623,#4626,#4630,#4634,#4637,#4641,#4645,#4649,#4652,#4655,#4659,#4663,#4667,#4670,#4674,#4678,#4681,#4684,#4687,#4691,#4696,#4700,#4703,#4707,#4712,#4716,#4719,#4725,#4729,#4734,#4738,#4741,#4744,#4747,#4750,#4753,#4756,#4759,#4762,#4765,#4768,#4774,#4777,#4780,#4783,#4787,#4792,#4795,#4798,#4801,#4804,#4807,#4810,#4816,#4819,#4822,#4825,#4829,#4834,#4837,#4840,#4843,#4846,#4849,#4852,#4858,#4861,#4864,#4867,#4871,#4876,#4879,#4882,#4885,#4888,#4891,#4894,#4900,#4903,#4906,#4909,#4913,#4918,#4921,#4924,#4927,#4930,#4933,#4936,#4940,#4943,#4946,#4950,#4954,#4957,#4960,#4964,#4969,#4972,#4975,#4979,#4982,#4986,#4990,#4993,#4996,#5000,#5005,#5008,#5011,#5015,#5018,#5022,#5026,#5029,#5032,#5036,#5041,#5044,#5047,#5051,#5054,#5058,#5062,#5065,#5068,#5072,#5077,#5080,#5083,#5087,#5090,#5094,#5097,#5100,#5103,#5106,#5109,#5112,#5115,#5118,#5121,#5124,#5127,#5130,#5133,#5136,#5139,#5142,#5145,#5148,#5151,#5154,#5157,#5160,#5163,#5166,#5169,#5172,#5175,#5178,#5181,#5184,#5187,#5190,#5193,#5196,#5199,#5203,#5206,#5209,#5213,#5216,#5219,#5222,#5226,#5229,#5232,#5235,#5238,#5241,#5245,#5248,#5251,#5254,#5258,#5261,#5264,#5267,#5270,#5273,#5277,#5280,#5283,#5286,#5290,#5293,#5296,#5299,#5302,#5305,#5309,#5312,#5315,#5318,#5322,#5325,#5328,#5331,#5334,#5337,#5342,#5347,#5350,#5356,#5360,#5366,#5370,#5374,#5377,#5380,#5384,#5387,#5391,#5394,#5400,#5404,#5409,#5412,#5415,#5419,#5425,#5429,#5433,#5436,#5441,#5444,#5447,#5451,#5455,#5458,#5463,#5466,#5469,#5473,#5477,#5480,#5484,#5487,#5492,#5495,#5498,#5501,#5504,#5507,#5510,#5513,#5516,#5519,#5522,#5525,#5528,#5531,#5534,#5538,#5541,#5544,#5548,#5553,#5556,#5559,#5562,#5565,#5568,#5572,#5575,#5579,#5582,#5587,#5590,#5593,#5596,#5599,#5602,#5606,#5609,#5613,#5616,#5621,#5624,#5627,#5630,#5633,#5636,#5640,#5643,#5647,#5650,#5655,#5658,#5661,#5664,#5667,#5670,#5673,#5676,#5679,#5683,#5686,#5690,#5695,#5698,#5701,#5704,#5707,#5710,#5713,#5717,#5720,#5724,#5729,#5732,#5735,#5738,#5741,#5744,#5747,#5751,#5754,#5758,#5763,#5766,#5769,#5772,#5775,#5778,#5781,#5785,#5788,#5792,#5797,#5800,#5803,#5806,#5809,#5812,#5816,#5819,#5822,#5825,#5829,#5832,#5835,#5838,#5841,#5844,#5848,#5851,#5854,#5857,#5861,#5864,#5867,#5870,#5873,#5876,#5880,#5883,#5886,#5889,#5893,#5896,#5899,#5902,#5905,#5908,#5912,#5915,#5918,#5921,#5925,#5928,#5931,#5934,#5937,#5940,#5943,#5946,#5949,#5952,#5955,#5958,#5961,#5964,#5967,#5970,#5974,#5977,#5980,#5985,#5988,#5992,#5996,#6001,#6004,#6008,#6014,#6018,#6021,#6025,#6028,#6033,#6036,#6039,#6043,#6046,#6049,#6052,#6055,#6058,#6061,#6064,#6067,#6070,#6073,#6076,#6079,#6082,#6085,#6088,#6091,#6094,#6097,#6100,#6103,#6106,#6110,#6113,#6116,#6119,#6122,#6125,#6128,#6131,#6134,#6137,#6141,#6145,#6148,#6152,#6155,#6158,#6161,#6165,#6168,#6172,#6175,#6179,#6183,#6186,#6190,#6193,#6196,#6200,#6203,#6207,#6211,#6214,#6218,#6221,#6224,#6228,#6231,#6235,#6239,#6242,#6246,#6249,#6252,#6256,#6259,#6263,#6267,#6270,#6274,#6277,#6280,#6283,#6286,#6289,#6292,#6295,#6298,#6301,#6304,#6307,#6310,#6313,#6316,#6319,#6322,#6325,#6328,#6331,#6334,#6337,#6340,#6343,#6346,#6349,#6352,#6355,#6358,#6361,#6364,#6367,#6370,#6373,#6376,#6379,#6382,#6385,#6389,#6392,#6395,#6398,#6402,#6405,#6408,#6411,#6414,#6417,#6421,#6424,#6427,#6430,#6434,#6437,#6440,#6443,#6446,#6449,#6453,#6456,#6459,#6462,#6466,#6469,#6472,#6475,#6478,#6481,#6485,#6488,#6491,#6494,#6498,#6501,#6504,#6507,#6510,#6513,#6517,#6520,#6524,#6527,#6531,#6536,#6539,#6543,#6546,#6549,#6553,#6556,#6560,#6563,#6567,#6571,#6574,#6577,#6581,#6584,#6588,#6591,#6595,#6599,#6602,#6605,#6609,#6612,#6616,#6620,#6623,#6627,#6630,#6633,#6637,#6640,#6644,#6647,#6650,#6653,#6656,#6659,#6662,#6665,#6668,#6671,#6674,#6677,#6680,#6683,#6686,#6689,#6692,#6695,#6698,#6701,#6704,#6707,#6710,#6713,#6716,#6719,#6722,#6725,#6728,#6731,#6734,#6737,#6740,#6743,#6747,#6750,#6753,#6756,#6759,#6762,#6765,#6768,#6771,#6774,#6777,#6780,#6783,#6786,#6789,#6792,#6795,#6798,#6802,#6805,#6808,#6811,#6814,#6817,#6820,#6823,#6826,#6829,#6832,#6835,#6838,#6841,#6844,#6847,#6850,#6853,#6856,#6859,#6862,#6865,#6868,#6871,#6874,#6877,#6880,#6883,#6886,#6889,#6892,#6895,#6898,#6901,#6904,#6907,#6910,#6913,#6916,#6919,#6922,#6925));
#6927=IFCFACETEDBREP(#6926);
#6928=IFCSTYLEDITEM(#6927,(#591),$);
#6929=IFCSHAPEREPRESENTATION(#22,'Body','Brep',(#6927));
#6930=IFCPRODUCTDEFINITIONSHAPE($,$,(#6929));
#6931=IFCWALL('2wEMkaF0L59PS$nqUhzJOm',#13887,'Wall',$,$,#593,#6930,$,.NOTDEFINED.);
#6932=IFCCARTESIANPOINT((0.342861583983392,0.0426076012352781,11.6900000000005));
#6933=IFCCARTESIANPOINT((0.339121519606863,0.0205702460383909,11.6900000000005));
#6934=IFCCARTESIANPOINT((0.339121519606863,0.0205702460383909,11.71));
#6935=IFCPOLYLOOP((#6932,#6933,#6934));
#6936=IFCFACEOUTERBOUND(#6935,.T.);
#6937=IFCFACE((#6936));
#6938=IFCCARTESIANPOINT((0.345571573253949,0.0557350760362292,11.6900000000005));
#6939=IFCPOLYLOOP((#6938,#6932,#6934));
#6940=IFCFACEOUTERBOUND(#6939,.T.);
#6941=IFCFACE((#6940));
#6942=IFCCARTESIANPOINT((0.348010563597484,0.0655090777289374,11.6900000000005));
#6943=IFCPOLYLOOP((#6942,#6938,#6934));
#6944=IFCFACEOUTERBOUND(#6943,.T.);
#6945=IFCFACE((#6944));
#6946=IFCCARTESIANPOINT((0.349788587557896,0.0714159076859104,11.6900000000005));
#6947=IFCPOLYLOOP((#6946,#6942,#6934));
#6948=IFCFACEOUTERBOUND(#6947,.T.);
#6949=IFCFACE((#6948));
#6950=IFCCARTESIANPOINT((0.351122105528191,0.075171769378128,11.6900000000005));
#6951=IFCPOLYLOOP((#6950,#6946,#6934));
#6952=IFCFACEOUTERBOUND(#6951,.T.);
#6953=IFCFACE((#6952));
#6954=IFCCARTESIANPOINT((0.379121519606883,0.0205702460383909,11.7099999999991));
#6955=IFCCARTESIANPOINT((0.368170240092581,0.072264852893736,11.6900000000005));
#6956=IFCCARTESIANPOINT((0.367232018717175,0.074880964217878,11.6900000000005));
#6957=IFCPOLYLOOP((#6954,#6955,#6956));
#6958=IFCFACEOUTERBOUND(#6957,.T.);
#6959=IFCFACE((#6958));
#6960=IFCCARTESIANPOINT((0.369225739139893,0.0689797675279717,11.6900000000005));
#6961=IFCPOLYLOOP((#6954,#6960,#6955));
#6962=IFCFACEOUTERBOUND(#6961,.T.);
#6963=IFCFACE((#6962));
#6964=IFCCARTESIANPOINT((0.370633071202974,0.064036425263957,11.6900000000005));
#6965=IFCPOLYLOOP((#6954,#6964,#6960));
#6966=IFCFACEOUTERBOUND(#6965,.T.);
#6967=IFCFACE((#6966));
#6968=IFCCARTESIANPOINT((0.372216319773997,0.0577057549332053,11.6900000000005));
#6969=IFCPOLYLOOP((#6954,#6968,#6964));
#6970=IFCFACEOUTERBOUND(#6969,.T.);
#6971=IFCFACE((#6970));
#6972=IFCCARTESIANPOINT((0.373798887502176,0.0505636626840722,11.6900000000005));
#6973=IFCPOLYLOOP((#6972,#6968,#6954));
#6974=IFCFACEOUTERBOUND(#6973,.T.);
#6975=IFCFACE((#6974));
#6976=IFCCARTESIANPOINT((0.375381455230411,0.0426076012352781,11.6900000000005));
#6977=IFCPOLYLOOP((#6976,#6972,#6954));
#6978=IFCFACEOUTERBOUND(#6977,.T.);
#6979=IFCFACE((#6978));
#6980=IFCCARTESIANPOINT((0.379121519606883,0.0205702460383909,11.6900000000005));
#6981=IFCPOLYLOOP((#6980,#6976,#6954));
#6982=IFCFACEOUTERBOUND(#6981,.T.);
#6983=IFCFACE((#6982));
#6984=IFCCARTESIANPOINT((0.359121519606845,0.0855702460383909,11.7000000000007));
#6985=IFCPOLYLOOP((#6984,#6934,#6954));
#6986=IFCFACEOUTERBOUND(#6985,.T.);
#6987=IFCFACE((#6986));
#6988=IFCCARTESIANPOINT((0.352122244005955,0.0776093939610657,11.6900000000005));
#6989=IFCPOLYLOOP((#6984,#6988,#6950));
#6990=IFCFACEOUTERBOUND(#6989,.T.);
#6991=IFCFACE((#6990));
#6992=IFCCARTESIANPOINT((0.352955692737396,0.0793924151284851,11.6900000000005));
#6993=IFCPOLYLOOP((#6984,#6992,#6988));
#6994=IFCFACEOUTERBOUND(#6993,.T.);
#6995=IFCFACE((#6994));
#6996=IFCCARTESIANPOINT((0.353630786209862,0.0806711711374356,11.6900000000005));
#6997=IFCPOLYLOOP((#6984,#6996,#6992));
#6998=IFCFACEOUTERBOUND(#6997,.T.);
#6999=IFCFACE((#6998));
#7000=IFCCARTESIANPOINT((0.35417761192258,0.0815983847699233,11.6900000000005));
#7001=IFCPOLYLOOP((#6984,#7000,#6996));
#7002=IFCFACEOUTERBOUND(#7001,.T.);
#7003=IFCFACE((#7002));
#7004=IFCCARTESIANPOINT((0.354669755064037,0.0823497873123561,11.6900000000005));
#7005=IFCPOLYLOOP((#6984,#7004,#7000));
#7006=IFCFACEOUTERBOUND(#7005,.T.);
#7007=IFCFACE((#7006));
#7008=IFCCARTESIANPOINT((0.355112683891321,0.0829587469218326,11.6900000000005));
#7009=IFCPOLYLOOP((#6984,#7008,#7004));
#7010=IFCFACEOUTERBOUND(#7009,.T.);
#7011=IFCFACE((#7010));
#7012=IFCCARTESIANPOINT((0.355471456241446,0.0834052646204902,11.6900000000005));
#7013=IFCPOLYLOOP((#6984,#7012,#7008));
#7014=IFCFACEOUTERBOUND(#7013,.T.);
#7015=IFCFACE((#7014));
#7016=IFCCARTESIANPOINT((0.355794351356508,0.0837713631464042,11.6900000000005));
#7017=IFCPOLYLOOP((#6984,#7016,#7012));
#7018=IFCFACEOUTERBOUND(#7017,.T.);
#7019=IFCFACE((#7018));
#7020=IFCCARTESIANPOINT((0.356084956960103,0.0840718802233956,11.6900000000005));
#7021=IFCPOLYLOOP((#6984,#7020,#7016));
#7022=IFCFACEOUTERBOUND(#7021,.T.);
#7023=IFCFACE((#7022));
#7024=IFCCARTESIANPOINT((0.356346502003305,0.0843188785996598,11.6900000000005));
#7025=IFCPOLYLOOP((#6984,#7024,#7020));
#7026=IFCFACEOUTERBOUND(#7025,.T.);
#7027=IFCFACE((#7026));
#7028=IFCCARTESIANPOINT((0.356608047046564,0.0845436450877919,11.6900000000005));
#7029=IFCPOLYLOOP((#6984,#7028,#7024));
#7030=IFCFACEOUTERBOUND(#7029,.T.);
#7031=IFCFACE((#7030));
#7032=IFCCARTESIANPOINT((0.356843437585439,0.084726926662758,11.6900000000005));
#7033=IFCPOLYLOOP((#6984,#7032,#7028));
#7034=IFCFACEOUTERBOUND(#7033,.T.);
#7035=IFCFACE((#7034));
#7036=IFCCARTESIANPOINT((0.357055289070502,0.0848764833861018,11.6900000000005));
#7037=IFCPOLYLOOP((#6984,#7036,#7032));
#7038=IFCFACEOUTERBOUND(#7037,.T.);
#7039=IFCFACE((#7038));
#7040=IFCCARTESIANPOINT((0.357267140555507,0.0850114537676421,11.6900000000005));
#7041=IFCPOLYLOOP((#6984,#7040,#7036));
#7042=IFCFACEOUTERBOUND(#7041,.T.);
#7043=IFCFACE((#7042));
#7044=IFCCARTESIANPOINT((0.357457806892,0.0851204557887865,11.6900000000005));
#7045=IFCPOLYLOOP((#6984,#7044,#7040));
#7046=IFCFACEOUTERBOUND(#7045,.T.);
#7047=IFCFACE((#7046));
#7048=IFCCARTESIANPOINT((0.357629406594867,0.0852084558368005,11.6900000000005));
#7049=IFCPOLYLOOP((#6984,#7048,#7044));
#7050=IFCFACEOUTERBOUND(#7049,.T.);
#7051=IFCFACE((#7050));
#7052=IFCCARTESIANPOINT((0.357801006297734,0.0852868857859574,11.6900000000005));
#7053=IFCPOLYLOOP((#6984,#7052,#7048));
#7054=IFCFACEOUTERBOUND(#7053,.T.);
#7055=IFCFACE((#7054));
#7056=IFCCARTESIANPOINT((0.357972606000601,0.085355745636257,11.6900000000005));
#7057=IFCPOLYLOOP((#6984,#7056,#7052));
#7058=IFCFACEOUTERBOUND(#7057,.T.);
#7059=IFCFACE((#7058));
#7060=IFCCARTESIANPOINT((0.358144205703468,0.0854150353876994,11.6900000000005));
#7061=IFCPOLYLOOP((#6984,#7060,#7056));
#7062=IFCFACEOUTERBOUND(#7061,.T.);
#7063=IFCFACE((#7062));
#7064=IFCCARTESIANPOINT((0.358298645436037,0.0854602137294747,11.6900000000005));
#7065=IFCPOLYLOOP((#6984,#7064,#7060));
#7066=IFCFACEOUTERBOUND(#7065,.T.);
#7067=IFCFACE((#7066));
#7068=IFCCARTESIANPOINT((0.358437641195337,0.0854942464651089,11.6900000000005));
#7069=IFCPOLYLOOP((#6984,#7068,#7064));
#7070=IFCFACEOUTERBOUND(#7069,.T.);
#7071=IFCFACE((#7070));
#7072=IFCCARTESIANPOINT((0.358576636954638,0.0855220002588829,11.6900000000005));
#7073=IFCPOLYLOOP((#6984,#7072,#7068));
#7074=IFCFACEOUTERBOUND(#7073,.T.);
#7075=IFCFACE((#7074));
#7076=IFCCARTESIANPOINT((0.358715632713995,0.0855434751107967,11.6900000000005));
#7077=IFCPOLYLOOP((#6984,#7076,#7072));
#7078=IFCFACEOUTERBOUND(#7077,.T.);
#7079=IFCFACE((#7078));
#7080=IFCCARTESIANPOINT((0.358854628473296,0.0855586710208502,11.6900000000005));
#7081=IFCPOLYLOOP((#6984,#7080,#7076));
#7082=IFCFACEOUTERBOUND(#7081,.T.);
#7083=IFCFACE((#7082));
#7084=IFCCARTESIANPOINT((0.358993624232596,0.0855675879890436,11.6900000000005));
#7085=IFCPOLYLOOP((#6984,#7084,#7080));
#7086=IFCFACEOUTERBOUND(#7085,.T.);
#7087=IFCFACE((#7086));
#7088=IFCCARTESIANPOINT((0.359132619991954,0.0855702260153768,11.6900000000005));
#7089=IFCPOLYLOOP((#6984,#7088,#7084));
#7090=IFCFACEOUTERBOUND(#7089,.T.);
#7091=IFCFACE((#7090));
#7092=IFCCARTESIANPOINT((0.359271615751254,0.0855665850998497,11.6900000000005));
#7093=IFCPOLYLOOP((#6984,#7092,#7088));
#7094=IFCFACEOUTERBOUND(#7093,.T.);
#7095=IFCFACE((#7094));
#7096=IFCCARTESIANPOINT((0.359410611510555,0.0855566652424624,11.6900000000005));
#7097=IFCPOLYLOOP((#6984,#7096,#7092));
#7098=IFCFACEOUTERBOUND(#7097,.T.);
#7099=IFCFACE((#7098));
#7100=IFCCARTESIANPOINT((0.359549607269912,0.085540466443215,11.6900000000005));
#7101=IFCPOLYLOOP((#6984,#7100,#7096));
#7102=IFCFACEOUTERBOUND(#7101,.T.);
#7103=IFCFACE((#7102));
#7104=IFCCARTESIANPOINT((0.359688603029213,0.0855179887021073,11.6900000000005));
#7105=IFCPOLYLOOP((#6984,#7104,#7100));
#7106=IFCFACEOUTERBOUND(#7105,.T.);
#7107=IFCFACE((#7106));
#7108=IFCCARTESIANPOINT((0.359827598788513,0.0854892320191394,11.6900000000005));
#7109=IFCPOLYLOOP((#6984,#7108,#7104));
#7110=IFCFACEOUTERBOUND(#7109,.T.);
#7111=IFCFACE((#7110));
#7112=IFCCARTESIANPOINT((0.359966594547814,0.0854541963943113,11.6900000000005));
#7113=IFCPOLYLOOP((#6984,#7112,#7108));
#7114=IFCFACEOUTERBOUND(#7113,.T.);
#7115=IFCFACE((#7114));
#7116=IFCCARTESIANPOINT((0.360105590307171,0.085412881827623,11.6900000000005));
#7117=IFCPOLYLOOP((#6984,#7116,#7112));
#7118=IFCFACEOUTERBOUND(#7117,.T.);
#7119=IFCFACE((#7118));
#7120=IFCCARTESIANPOINT((0.360244586066472,0.0853652883190745,11.6900000000005));
#7121=IFCPOLYLOOP((#6984,#7120,#7116));
#7122=IFCFACEOUTERBOUND(#7121,.T.);
#7123=IFCFACE((#7122));
#7124=IFCCARTESIANPOINT((0.360383581825772,0.0853114158686658,11.6900000000005));
#7125=IFCPOLYLOOP((#6984,#7124,#7120));
#7126=IFCFACEOUTERBOUND(#7125,.T.);
#7127=IFCFACE((#7126));
#7128=IFCCARTESIANPOINT((0.36052257758513,0.0852512644763969,11.6900000000005));
#7129=IFCPOLYLOOP((#6984,#7128,#7124));
#7130=IFCFACEOUTERBOUND(#7129,.T.);
#7131=IFCFACE((#7130));
#7132=IFCCARTESIANPOINT((0.36066157334443,0.0851848341422677,11.6900000000005));
#7133=IFCPOLYLOOP((#6984,#7132,#7128));
#7134=IFCFACEOUTERBOUND(#7133,.T.);
#7135=IFCFACE((#7134));
#7136=IFCCARTESIANPOINT((0.360800569103731,0.0851121248662784,11.6900000000005));
#7137=IFCPOLYLOOP((#6984,#7136,#7132));
#7138=IFCFACEOUTERBOUND(#7137,.T.);
#7139=IFCFACE((#7138));
#7140=IFCCARTESIANPOINT((0.360939564863088,0.0850331366484288,11.6900000000005));
#7141=IFCPOLYLOOP((#6984,#7140,#7136));
#7142=IFCFACEOUTERBOUND(#7141,.T.);
#7143=IFCFACE((#7142));
#7144=IFCCARTESIANPOINT((0.361078560622389,0.084947869488719,11.6900000000005));
#7145=IFCPOLYLOOP((#6984,#7144,#7140));
#7146=IFCFACEOUTERBOUND(#7145,.T.);
#7147=IFCFACE((#7146));
#7148=IFCPOLYLOOP((#6984,#6954,#6956));
#7149=IFCFACEOUTERBOUND(#7148,.T.);
#7150=IFCFACE((#7149));
#7151=IFCCARTESIANPOINT((0.361217556381689,0.0848563233871491,11.6900000000005));
#7152=IFCPOLYLOOP((#6984,#7151,#7144));
#7153=IFCFACEOUTERBOUND(#7152,.T.);
#7154=IFCFACE((#7153));
#7155=IFCCARTESIANPOINT((0.361356552141046,0.0847584983437189,11.6900000000005));
#7156=IFCPOLYLOOP((#6984,#7155,#7151));
#7157=IFCFACEOUTERBOUND(#7156,.T.);
#7158=IFCFACE((#7157));
#7159=IFCCARTESIANPOINT((0.361495547900347,0.0846543943584285,11.6900000000005));
#7160=IFCPOLYLOOP((#6984,#7159,#7155));
#7161=IFCFACEOUTERBOUND(#7160,.T.);
#7162=IFCFACE((#7161));
#7163=IFCCARTESIANPOINT((0.361634543659648,0.0845440114312779,11.6900000000005));
#7164=IFCPOLYLOOP((#6984,#7163,#7159));
#7165=IFCFACEOUTERBOUND(#7164,.T.);
#7166=IFCFACE((#7165));
#7167=IFCCARTESIANPOINT((0.361819871338753,0.0843870669521835,11.6900000000005));
#7168=IFCPOLYLOOP((#6984,#7167,#7163));
#7169=IFCFACEOUTERBOUND(#7168,.T.);
#7170=IFCFACE((#7169));
#7171=IFCCARTESIANPOINT((0.362028364977732,0.0841971616617493,11.6900000000005));
#7172=IFCPOLYLOOP((#6984,#7171,#7167));
#7173=IFCFACEOUTERBOUND(#7172,.T.);
#7174=IFCFACE((#7173));
#7175=IFCCARTESIANPOINT((0.362236858616711,0.0839931287521296,11.6900000000005));
#7176=IFCPOLYLOOP((#6984,#7175,#7171));
#7177=IFCFACEOUTERBOUND(#7176,.T.);
#7178=IFCFACE((#7177));
#7179=IFCCARTESIANPOINT((0.362445352255691,0.0837749682233245,11.6900000000005));
#7180=IFCPOLYLOOP((#6984,#7179,#7175));
#7181=IFCFACEOUTERBOUND(#7180,.T.);
#7182=IFCFACE((#7181));
#7183=IFCCARTESIANPOINT((0.36265384589467,0.0835426800753339,11.6900000000005));
#7184=IFCPOLYLOOP((#6984,#7183,#7179));
#7185=IFCFACEOUTERBOUND(#7184,.T.);
#7186=IFCFACE((#7185));
#7187=IFCCARTESIANPOINT((0.362862339533649,0.0832962643081578,11.6900000000005));
#7188=IFCPOLYLOOP((#6984,#7187,#7183));
#7189=IFCFACEOUTERBOUND(#7188,.T.);
#7190=IFCFACE((#7189));
#7191=IFCCARTESIANPOINT((0.36314033105225,0.0829457336554123,11.6900000000005));
#7192=IFCPOLYLOOP((#6984,#7191,#7187));
#7193=IFCFACEOUTERBOUND(#7192,.T.);
#7194=IFCFACE((#7193));
#7195=IFCCARTESIANPOINT((0.363453071510719,0.0825213654803045,11.6900000000005));
#7196=IFCPOLYLOOP((#6984,#7195,#7191));
#7197=IFCFACEOUTERBOUND(#7196,.T.);
#7198=IFCFACE((#7197));
#7199=IFCCARTESIANPOINT((0.363765811969188,0.0820652101620294,11.6900000000005));
#7200=IFCPOLYLOOP((#6984,#7199,#7195));
#7201=IFCFACEOUTERBOUND(#7200,.T.);
#7202=IFCFACE((#7201));
#7203=IFCCARTESIANPOINT((0.364078552427657,0.081577267700587,11.6900000000005));
#7204=IFCPOLYLOOP((#6984,#7203,#7199));
#7205=IFCFACEOUTERBOUND(#7204,.T.);
#7206=IFCFACE((#7205));
#7207=IFCCARTESIANPOINT((0.364495539705615,0.080877231084848,11.6900000000005));
#7208=IFCPOLYLOOP((#6984,#7207,#7203));
#7209=IFCFACEOUTERBOUND(#7208,.T.);
#7210=IFCFACE((#7209));
#7211=IFCCARTESIANPOINT((0.36496465039329,0.080022142212911,11.6900000000005));
#7212=IFCPOLYLOOP((#6984,#7211,#7207));
#7213=IFCFACEOUTERBOUND(#7212,.T.);
#7214=IFCFACE((#7213));
#7215=IFCCARTESIANPOINT((0.365433761081022,0.0790955322688477,11.6900000000005));
#7216=IFCPOLYLOOP((#6984,#7215,#7211));
#7217=IFCFACEOUTERBOUND(#7216,.T.);
#7218=IFCFACE((#7217));
#7219=IFCCARTESIANPOINT((0.365902871768697,0.0780974012526579,11.6900000000005));
#7220=IFCPOLYLOOP((#6984,#7219,#7215));
#7221=IFCFACEOUTERBOUND(#7220,.T.);
#7222=IFCFACE((#7221));
#7223=IFCCARTESIANPOINT((0.366528352685634,0.0766553048966526,11.6900000000005));
#7224=IFCPOLYLOOP((#6984,#7223,#7219));
#7225=IFCFACEOUTERBOUND(#7224,.T.);
#7226=IFCFACE((#7225));
#7227=IFCPOLYLOOP((#6984,#6956,#7223));
#7228=IFCFACEOUTERBOUND(#7227,.T.);
#7229=IFCFACE((#7228));
#7230=IFCPOLYLOOP((#6984,#6950,#6934));
#7231=IFCFACEOUTERBOUND(#7230,.T.);
#7232=IFCFACE((#7231));
#7233=IFCCARTESIANPOINT((0.317392398764696,0.0168884056551783,11.6900000000005));
#7234=IFCPOLYLOOP((#6933,#7233,#6934));
#7235=IFCFACEOUTERBOUND(#7234,.T.);
#7236=IFCFACE((#7235));
#7237=IFCCARTESIANPOINT((0.304170741244263,0.0141687123857142,11.6900000000005));
#7238=IFCPOLYLOOP((#7233,#7237,#6934));
#7239=IFCFACEOUTERBOUND(#7238,.T.);
#7240=IFCFACE((#7239));
#7241=IFCCARTESIANPOINT((0.294326616235821,0.011720988443196,11.6900000000005));
#7242=IFCPOLYLOOP((#7237,#7241,#6934));
#7243=IFCFACEOUTERBOUND(#7242,.T.);
#7244=IFCFACE((#7243));
#7245=IFCCARTESIANPOINT((0.288377407884127,0.00993659768910026,11.6900000000005));
#7246=IFCPOLYLOOP((#7241,#7245,#6934));
#7247=IFCFACEOUTERBOUND(#7246,.T.);
#7248=IFCFACE((#7247));
#7249=IFCCARTESIANPOINT((0.284594599861919,0.00859830462352844,11.6900000000005));
#7250=IFCPOLYLOOP((#7245,#7249,#6934));
#7251=IFCFACEOUTERBOUND(#7250,.T.);
#7252=IFCFACE((#7251));
#7253=IFCCARTESIANPOINT((0.287522371941463,-0.00851087633703452,11.6900000000005));
#7254=IFCCARTESIANPOINT((0.339121519606863,-0.0194297539616091,11.71));
#7255=IFCCARTESIANPOINT((0.284887491396034,-0.00756929535454626,11.6900000000005));
#7256=IFCPOLYLOOP((#7253,#7254,#7255));
#7257=IFCFACEOUTERBOUND(#7256,.T.);
#7258=IFCFACE((#7257));
#7259=IFCCARTESIANPOINT((0.29083102606495,-0.00957015494233382,11.6900000000005));
#7260=IFCPOLYLOOP((#7259,#7254,#7253));
#7261=IFCFACEOUTERBOUND(#7260,.T.);
#7262=IFCFACE((#7261));
#7263=IFCCARTESIANPOINT((0.295809834206864,-0.0109825264160662,11.6900000000005));
#7264=IFCPOLYLOOP((#7263,#7254,#7259));
#7265=IFCFACEOUTERBOUND(#7264,.T.);
#7266=IFCFACE((#7265));
#7267=IFCCARTESIANPOINT((0.30218592376383,-0.0125714443240152,11.6900000000005));
#7268=IFCPOLYLOOP((#7267,#7254,#7263));
#7269=IFCFACEOUTERBOUND(#7268,.T.);
#7270=IFCFACE((#7269));
#7271=IFCCARTESIANPOINT((0.309379256764203,-0.0141596789512061,11.6900000000005));
#7272=IFCPOLYLOOP((#7267,#7271,#7254));
#7273=IFCFACEOUTERBOUND(#7272,.T.);
#7274=IFCFACE((#7273));
#7275=IFCCARTESIANPOINT((0.317392398764696,-0.0157479135783964,11.6900000000005));
#7276=IFCPOLYLOOP((#7271,#7275,#7254));
#7277=IFCFACEOUTERBOUND(#7276,.T.);
#7278=IFCFACE((#7277));
#7279=IFCCARTESIANPOINT((0.339121519606863,-0.0194297539616091,11.6900000000005));
#7280=IFCPOLYLOOP((#7275,#7279,#7254));
#7281=IFCFACEOUTERBOUND(#7280,.T.);
#7282=IFCFACE((#7281));
#7283=IFCCARTESIANPOINT((0.274121519606865,0.000570246038390926,11.7000000000007));
#7284=IFCPOLYLOOP((#6934,#7283,#7254));
#7285=IFCFACEOUTERBOUND(#7284,.T.);
#7286=IFCFACE((#7285));
#7287=IFCCARTESIANPOINT((0.282139486606127,0.00759458482434957,11.6900000000005));
#7288=IFCPOLYLOOP((#7287,#7283,#7249));
#7289=IFCFACEOUTERBOUND(#7288,.T.);
#7290=IFCFACE((#7289));
#7291=IFCCARTESIANPOINT((0.280343673200662,0.00675815165836718,11.6900000000005));
#7292=IFCPOLYLOOP((#7291,#7283,#7287));
#7293=IFCFACEOUTERBOUND(#7292,.T.);
#7294=IFCFACE((#7293));
#7295=IFCCARTESIANPOINT((0.279055742790661,0.00608064079392145,11.6900000000005));
#7296=IFCPOLYLOOP((#7295,#7283,#7291));
#7297=IFCFACEOUTERBOUND(#7296,.T.);
#7298=IFCFACE((#7297));
#7299=IFCCARTESIANPOINT((0.278121876888576,0.00553185699372041,11.6900000000005));
#7300=IFCPOLYLOOP((#7299,#7283,#7295));
#7301=IFCFACEOUTERBOUND(#7300,.T.);
#7302=IFCFACE((#7301));
#7303=IFCCARTESIANPOINT((0.277365083428549,0.00503795157353947,11.6900000000005));
#7304=IFCPOLYLOOP((#7303,#7283,#7299));
#7305=IFCFACEOUTERBOUND(#7304,.T.);
#7306=IFCFACE((#7305));
#7307=IFCCARTESIANPOINT((0.276751754854502,0.00459343669537662,11.6900000000005));
#7308=IFCPOLYLOOP((#7307,#7283,#7303));
#7309=IFCFACEOUTERBOUND(#7308,.T.);
#7310=IFCFACE((#7309));
#7311=IFCCARTESIANPOINT((0.276302033626507,0.00423337964406472,11.6900000000005));
#7312=IFCPOLYLOOP((#7311,#7283,#7307));
#7313=IFCFACEOUTERBOUND(#7312,.T.);
#7314=IFCFACE((#7313));
#7315=IFCCARTESIANPOINT((0.275933308536423,0.003909328297884,11.6900000000005));
#7316=IFCPOLYLOOP((#7315,#7283,#7311));
#7317=IFCFACEOUTERBOUND(#7316,.T.);
#7318=IFCFACE((#7317));
#7319=IFCCARTESIANPOINT((0.275630635407651,0.00361768208632136,11.6900000000005));
#7320=IFCPOLYLOOP((#7319,#7283,#7315));
#7321=IFCFACEOUTERBOUND(#7320,.T.);
#7322=IFCFACE((#7321));
#7323=IFCCARTESIANPOINT((0.275381864948088,0.00335520049591499,11.6900000000005));
#7324=IFCPOLYLOOP((#7323,#7283,#7319));
#7325=IFCFACEOUTERBOUND(#7324,.T.);
#7326=IFCFACE((#7325));
#7327=IFCCARTESIANPOINT((0.275155485878713,0.00309271890550861,11.6900000000005));
#7328=IFCPOLYLOOP((#7327,#7283,#7323));
#7329=IFCFACEOUTERBOUND(#7328,.T.);
#7330=IFCFACE((#7329));
#7331=IFCCARTESIANPOINT((0.274970889354961,0.00285648547414287,11.6900000000005));
#7332=IFCPOLYLOOP((#7331,#7283,#7327));
#7333=IFCFACEOUTERBOUND(#7332,.T.);
#7334=IFCFACE((#7333));
#7335=IFCCARTESIANPOINT((0.274820259640876,0.0026438753859137,11.6900000000005));
#7336=IFCPOLYLOOP((#7335,#7283,#7331));
#7337=IFCFACEOUTERBOUND(#7336,.T.);
#7338=IFCFACE((#7337));
#7339=IFCCARTESIANPOINT((0.274684320917913,0.00243126529768454,11.6900000000005));
#7340=IFCPOLYLOOP((#7339,#7283,#7335));
#7341=IFCFACEOUTERBOUND(#7340,.T.);
#7342=IFCFACE((#7341));
#7343=IFCCARTESIANPOINT((0.274574536864691,0.00223991621827829,11.6900000000005));
#7344=IFCPOLYLOOP((#7343,#7283,#7339));
#7345=IFCFACEOUTERBOUND(#7344,.T.);
#7346=IFCFACE((#7345));
#7347=IFCCARTESIANPOINT((0.274485905462655,0.00206770204681266,11.6900000000005));
#7348=IFCPOLYLOOP((#7347,#7283,#7343));
#7349=IFCFACEOUTERBOUND(#7348,.T.);
#7350=IFCFACE((#7349));
#7351=IFCCARTESIANPOINT((0.274406912819927,0.00189548787534703,11.6900000000005));
#7352=IFCPOLYLOOP((#7351,#7283,#7347));
#7353=IFCFACEOUTERBOUND(#7352,.T.);
#7354=IFCFACE((#7353));
#7355=IFCCARTESIANPOINT((0.274337558936452,0.00172327370388141,11.6900000000005));
#7356=IFCPOLYLOOP((#7355,#7283,#7351));
#7357=IFCFACEOUTERBOUND(#7356,.T.);
#7358=IFCFACE((#7357));
#7359=IFCCARTESIANPOINT((0.274277843812229,0.00155105953241578,11.6900000000005));
#7360=IFCPOLYLOOP((#7359,#7283,#7355));
#7361=IFCFACEOUTERBOUND(#7360,.T.);
#7362=IFCFACE((#7361));
#7363=IFCCARTESIANPOINT((0.274232341339655,0.00139606677809671,11.6900000000005));
#7364=IFCPOLYLOOP((#7363,#7283,#7359));
#7365=IFCFACEOUTERBOUND(#7364,.T.);
#7366=IFCFACE((#7365));
#7367=IFCCARTESIANPOINT((0.274198064437087,0.00125657329920956,11.6900000000005));
#7368=IFCPOLYLOOP((#7367,#7283,#7363));
#7369=IFCFACEOUTERBOUND(#7368,.T.);
#7370=IFCFACE((#7369));
#7371=IFCCARTESIANPOINT((0.274170111524427,0.0011170798203224,11.6900000000005));
#7372=IFCPOLYLOOP((#7371,#7283,#7367));
#7373=IFCFACEOUTERBOUND(#7372,.T.);
#7374=IFCFACE((#7373));
#7375=IFCCARTESIANPOINT((0.274148482601788,0.000977586341435244,11.6900000000005));
#7376=IFCPOLYLOOP((#7375,#7283,#7371));
#7377=IFCFACEOUTERBOUND(#7376,.T.);
#7378=IFCFACE((#7377));
#7379=IFCCARTESIANPOINT((0.274133177669057,0.000838092862548087,11.6900000000005));
#7380=IFCPOLYLOOP((#7379,#7283,#7375));
#7381=IFCFACEOUTERBOUND(#7380,.T.);
#7382=IFCFACE((#7381));
#7383=IFCCARTESIANPOINT((0.274124196726291,0.000698599383660934,11.6900000000005));
#7384=IFCPOLYLOOP((#7383,#7283,#7379));
#7385=IFCFACEOUTERBOUND(#7384,.T.);
#7386=IFCFACE((#7385));
#7387=IFCCARTESIANPOINT((0.274121539773546,0.000559105904773777,11.6900000000005));
#7388=IFCPOLYLOOP((#7387,#7283,#7383));
#7389=IFCFACEOUTERBOUND(#7388,.T.);
#7390=IFCFACE((#7389));
#7391=IFCCARTESIANPOINT((0.274125206810709,0.000419612425886624,11.6900000000005));
#7392=IFCPOLYLOOP((#7391,#7283,#7387));
#7393=IFCFACEOUTERBOUND(#7392,.T.);
#7394=IFCFACE((#7393));
#7395=IFCCARTESIANPOINT((0.274135197837836,0.000280118946999471,11.6900000000005));
#7396=IFCPOLYLOOP((#7395,#7283,#7391));
#7397=IFCFACEOUTERBOUND(#7396,.T.);
#7398=IFCFACE((#7397));
#7399=IFCCARTESIANPOINT((0.274151512854928,0.000140625468112318,11.6900000000005));
#7400=IFCPOLYLOOP((#7399,#7283,#7395));
#7401=IFCFACEOUTERBOUND(#7400,.T.);
#7402=IFCFACE((#7401));
#7403=IFCCARTESIANPOINT((0.274174151862042,1.13198922516503E-06,11.6900000000005));
#7404=IFCPOLYLOOP((#7403,#7283,#7399));
#7405=IFCFACEOUTERBOUND(#7404,.T.);
#7406=IFCFACE((#7405));
#7407=IFCCARTESIANPOINT((0.274203114859063,-0.000138361489661992,11.6900000000005));
#7408=IFCPOLYLOOP((#7407,#7283,#7403));
#7409=IFCFACEOUTERBOUND(#7408,.T.);
#7410=IFCFACE((#7409));
#7411=IFCCARTESIANPOINT((0.274238401846048,-0.000277854968549145,11.6900000000005));
#7412=IFCPOLYLOOP((#7411,#7283,#7407));
#7413=IFCFACEOUTERBOUND(#7412,.T.);
#7414=IFCFACE((#7413));
#7415=IFCCARTESIANPOINT((0.274280012822999,-0.000417348447436298,11.6900000000005));
#7416=IFCPOLYLOOP((#7415,#7283,#7411));
#7417=IFCFACEOUTERBOUND(#7416,.T.);
#7418=IFCFACE((#7417));
#7419=IFCCARTESIANPOINT((0.274327947789914,-0.000556841926323451,11.6900000000005));
#7420=IFCPOLYLOOP((#7419,#7283,#7415));
#7421=IFCFACEOUTERBOUND(#7420,.T.);
#7422=IFCFACE((#7421));
#7423=IFCCARTESIANPOINT((0.274382206746793,-0.000696335405210604,11.6900000000005));
#7424=IFCPOLYLOOP((#7423,#7283,#7419));
#7425=IFCFACEOUTERBOUND(#7424,.T.);
#7426=IFCFACE((#7425));
#7427=IFCCARTESIANPOINT((0.27444278969358,-0.000835828884097757,11.6900000000005));
#7428=IFCPOLYLOOP((#7427,#7283,#7423));
#7429=IFCFACEOUTERBOUND(#7428,.T.);
#7430=IFCFACE((#7429));
#7431=IFCCARTESIANPOINT((0.274509696630389,-0.000975322362984914,11.6900000000005));
#7432=IFCPOLYLOOP((#7431,#7283,#7427));
#7433=IFCFACEOUTERBOUND(#7432,.T.);
#7434=IFCFACE((#7433));
#7435=IFCCARTESIANPOINT((0.274582927557162,-0.00111481584187207,11.6900000000005));
#7436=IFCPOLYLOOP((#7435,#7283,#7431));
#7437=IFCFACEOUTERBOUND(#7436,.T.);
#7438=IFCFACE((#7437));
#7439=IFCCARTESIANPOINT((0.2746624824739,-0.00125430932075922,11.6900000000005));
#7440=IFCPOLYLOOP((#7439,#7283,#7435));
#7441=IFCFACEOUTERBOUND(#7440,.T.);
#7442=IFCFACE((#7441));
#7443=IFCCARTESIANPOINT((0.274748361380546,-0.00139380279964637,11.6900000000005));
#7444=IFCPOLYLOOP((#7443,#7283,#7439));
#7445=IFCFACEOUTERBOUND(#7444,.T.);
#7446=IFCFACE((#7445));
#7447=IFCPOLYLOOP((#7254,#7283,#7255));
#7448=IFCFACEOUTERBOUND(#7447,.T.);
#7449=IFCFACE((#7448));
#7450=IFCCARTESIANPOINT((0.274840564277213,-0.00153329627853353,11.6900000000005));
#7451=IFCPOLYLOOP((#7450,#7283,#7443));
#7452=IFCFACEOUTERBOUND(#7451,.T.);
#7453=IFCFACE((#7452));
#7454=IFCCARTESIANPOINT((0.274939091163844,-0.00167278975742068,11.6900000000005));
#7455=IFCPOLYLOOP((#7454,#7283,#7450));
#7456=IFCFACEOUTERBOUND(#7455,.T.);
#7457=IFCFACE((#7456));
#7458=IFCCARTESIANPOINT((0.275043942040384,-0.00181228323630784,11.6900000000005));
#7459=IFCPOLYLOOP((#7458,#7283,#7454));
#7460=IFCFACEOUTERBOUND(#7459,.T.);
#7461=IFCFACE((#7460));
#7462=IFCCARTESIANPOINT((0.275155116906944,-0.00195177671519499,11.6900000000005));
#7463=IFCPOLYLOOP((#7462,#7283,#7458));
#7464=IFCFACEOUTERBOUND(#7463,.T.);
#7465=IFCFACE((#7464));
#7466=IFCCARTESIANPOINT((0.275313187379993,-0.00213776802037786,11.6900000000005));
#7467=IFCPOLYLOOP((#7466,#7283,#7462));
#7468=IFCFACEOUTERBOUND(#7467,.T.);
#7469=IFCFACE((#7468));
#7470=IFCCARTESIANPOINT((0.275504455140947,-0.00234700823870859,11.6900000000005));
#7471=IFCPOLYLOOP((#7470,#7283,#7466));
#7472=IFCFACEOUTERBOUND(#7471,.T.);
#7473=IFCFACE((#7472));
#7474=IFCCARTESIANPOINT((0.275709951879207,-0.00255624845703931,11.6900000000005));
#7475=IFCPOLYLOOP((#7474,#7283,#7470));
#7476=IFCFACEOUTERBOUND(#7475,.T.);
#7477=IFCFACE((#7476));
#7478=IFCCARTESIANPOINT((0.275929677594945,-0.00276548867537004,11.6900000000005));
#7479=IFCPOLYLOOP((#7478,#7283,#7474));
#7480=IFCFACEOUTERBOUND(#7479,.T.);
#7481=IFCFACE((#7480));
#7482=IFCCARTESIANPOINT((0.276163632288103,-0.00297472889370076,11.6900000000005));
#7483=IFCPOLYLOOP((#7482,#7283,#7478));
#7484=IFCFACEOUTERBOUND(#7483,.T.);
#7485=IFCFACE((#7484));
#7486=IFCCARTESIANPOINT((0.276411815958681,-0.00318396911203149,11.6900000000005));
#7487=IFCPOLYLOOP((#7486,#7283,#7482));
#7488=IFCFACEOUTERBOUND(#7487,.T.);
#7489=IFCFACE((#7488));
#7490=IFCCARTESIANPOINT((0.276764861484253,-0.00346295606980579,11.6900000000005));
#7491=IFCPOLYLOOP((#7490,#7283,#7486));
#7492=IFCFACEOUTERBOUND(#7491,.T.);
#7493=IFCFACE((#7492));
#7494=IFCCARTESIANPOINT((0.277192274277581,-0.00377681639730187,11.6900000000005));
#7495=IFCPOLYLOOP((#7494,#7283,#7490));
#7496=IFCFACEOUTERBOUND(#7495,.T.);
#7497=IFCFACE((#7496));
#7498=IFCCARTESIANPOINT((0.277651702270077,-0.00409067672479796,11.6900000000005));
#7499=IFCPOLYLOOP((#7498,#7283,#7494));
#7500=IFCFACEOUTERBOUND(#7499,.T.);
#7501=IFCFACE((#7500));
#7502=IFCCARTESIANPOINT((0.27814314546174,-0.00440453705229405,11.6900000000005));
#7503=IFCPOLYLOOP((#7502,#7283,#7498));
#7504=IFCFACEOUTERBOUND(#7503,.T.);
#7505=IFCFACE((#7504));
#7506=IFCCARTESIANPOINT((0.278848204471615,-0.0048230174889555,11.6900000000005));
#7507=IFCPOLYLOOP((#7506,#7283,#7502));
#7508=IFCFACEOUTERBOUND(#7507,.T.);
#7509=IFCFACE((#7508));
#7510=IFCCARTESIANPOINT((0.279709428155968,-0.00529380798019963,11.6900000000005));
#7511=IFCPOLYLOOP((#7510,#7283,#7506));
#7512=IFCFACEOUTERBOUND(#7511,.T.);
#7513=IFCFACE((#7512));
#7514=IFCCARTESIANPOINT((0.280642686038505,-0.00576459847144376,11.6900000000005));
#7515=IFCPOLYLOOP((#7514,#7283,#7510));
#7516=IFCFACEOUTERBOUND(#7515,.T.);
#7517=IFCFACE((#7516));
#7518=IFCCARTESIANPOINT((0.281647978119167,-0.00623538896268789,11.6900000000005));
#7519=IFCPOLYLOOP((#7518,#7283,#7514));
#7520=IFCFACEOUTERBOUND(#7519,.T.);
#7521=IFCFACE((#7520));
#7522=IFCCARTESIANPOINT((0.283100420757194,-0.00686310961768006,11.6900000000005));
#7523=IFCPOLYLOOP((#7522,#7283,#7518));
#7524=IFCFACEOUTERBOUND(#7523,.T.);
#7525=IFCFACE((#7524));
#7526=IFCPOLYLOOP((#7255,#7283,#7522));
#7527=IFCFACEOUTERBOUND(#7526,.T.);
#7528=IFCFACE((#7527));
#7529=IFCPOLYLOOP((#7249,#7283,#6934));
#7530=IFCFACEOUTERBOUND(#7529,.T.);
#7531=IFCFACE((#7530));
#7532=IFCCARTESIANPOINT((0.402607601235275,0.0166220406839449,11.6900000000005));
#7533=IFCPOLYLOOP((#7532,#6980,#6954));
#7534=IFCFACEOUTERBOUND(#7533,.T.);
#7535=IFCFACE((#7534));
#7536=IFCCARTESIANPOINT((0.415597965182144,0.0139467415763525,11.6900000000005));
#7537=IFCPOLYLOOP((#7536,#7532,#6954));
#7538=IFCFACEOUTERBOUND(#7537,.T.);
#7539=IFCFACE((#7538));
#7540=IFCCARTESIANPOINT((0.425269881611655,0.0115389723795194,11.6900000000005));
#7541=IFCPOLYLOOP((#7540,#7536,#6954));
#7542=IFCFACEOUTERBOUND(#7541,.T.);
#7543=IFCFACE((#7542));
#7544=IFCCARTESIANPOINT((0.431115017258605,0.00978370863502811,11.6900000000005));
#7545=IFCPOLYLOOP((#7544,#7540,#6954));
#7546=IFCFACEOUTERBOUND(#7545,.T.);
#7547=IFCFACE((#7546));
#7548=IFCCARTESIANPOINT((0.379121519606883,-0.0194297539616091,11.7099999999991));
#7549=IFCCARTESIANPOINT((0.428704321541659,-0.00940463090782523,11.6900000000005));
#7550=IFCCARTESIANPOINT((0.431955095597232,-0.00836264314425409,11.6900000000005));
#7551=IFCPOLYLOOP((#7548,#7549,#7550));
#7552=IFCFACEOUTERBOUND(#7551,.T.);
#7553=IFCFACE((#7552));
#7554=IFCCARTESIANPOINT((0.423812610371215,-0.0107939479259201,11.6900000000005));
#7555=IFCPOLYLOOP((#7548,#7554,#7549));
#7556=IFCFACEOUTERBOUND(#7555,.T.);
#7557=IFCFACE((#7556));
#7558=IFCCARTESIANPOINT((0.417548061181719,-0.0123569295712768,11.6900000000005));
#7559=IFCPOLYLOOP((#7548,#7558,#7554));
#7560=IFCFACEOUTERBOUND(#7559,.T.);
#7561=IFCFACE((#7560));
#7562=IFCCARTESIANPOINT((0.410480565028422,-0.0139192390892199,11.6900000000005));
#7563=IFCPOLYLOOP((#7562,#7558,#7548));
#7564=IFCFACEOUTERBOUND(#7563,.T.);
#7565=IFCFACE((#7564));
#7566=IFCCARTESIANPOINT((0.402607601235275,-0.0154815486071631,11.6900000000005));
#7567=IFCPOLYLOOP((#7566,#7562,#7548));
#7568=IFCFACEOUTERBOUND(#7567,.T.);
#7569=IFCFACE((#7568));
#7570=IFCCARTESIANPOINT((0.379121519606883,-0.0194297539616091,11.6900000000005));
#7571=IFCPOLYLOOP((#7570,#7566,#7548));
#7572=IFCFACEOUTERBOUND(#7571,.T.);
#7573=IFCFACE((#7572));
#7574=IFCCARTESIANPOINT((0.445121519606857,0.000570246038390926,11.7000000000007));
#7575=IFCPOLYLOOP((#7574,#6954,#7548));
#7576=IFCFACEOUTERBOUND(#7575,.T.);
#7577=IFCFACE((#7576));
#7578=IFCCARTESIANPOINT((0.434831650583476,0.00846726082665962,11.6900000000005));
#7579=IFCPOLYLOOP((#7574,#7578,#7544));
#7580=IFCFACEOUTERBOUND(#7579,.T.);
#7581=IFCFACE((#7580));
#7582=IFCCARTESIANPOINT((0.437243815221223,0.00747992497038325,11.6900000000005));
#7583=IFCPOLYLOOP((#7574,#7582,#7578));
#7584=IFCFACEOUTERBOUND(#7583,.T.);
#7585=IFCFACE((#7584));
#7586=IFCCARTESIANPOINT((0.439008213495924,0.00665714509015295,11.6900000000005));
#7587=IFCPOLYLOOP((#7574,#7586,#7582));
#7588=IFCFACEOUTERBOUND(#7587,.T.);
#7589=IFCFACE((#7588));
#7590=IFCCARTESIANPOINT((0.440273613445811,0.0059906933871664,11.6900000000005));
#7591=IFCPOLYLOOP((#7574,#7590,#7586));
#7592=IFCFACEOUTERBOUND(#7591,.T.);
#7593=IFCFACE((#7592));
#7594=IFCCARTESIANPOINT((0.441191142728883,0.0054508675077473,11.6900000000005));
#7595=IFCPOLYLOOP((#7574,#7594,#7590));
#7596=IFCFACEOUTERBOUND(#7595,.T.);
#7597=IFCFACE((#7596));
#7598=IFCCARTESIANPOINT((0.44193469719346,0.0049650242162701,11.6900000000005));
#7599=IFCPOLYLOOP((#7574,#7598,#7594));
#7600=IFCFACEOUTERBOUND(#7599,.T.);
#7601=IFCFACE((#7600));
#7602=IFCCARTESIANPOINT((0.442537296480509,0.00452776525394063,11.6900000000005));
#7603=IFCPOLYLOOP((#7574,#7602,#7598));
#7604=IFCFACEOUTERBOUND(#7603,.T.);
#7605=IFCFACE((#7604));
#7606=IFCCARTESIANPOINT((0.442979150492988,0.00417358549445375,11.6900000000005));
#7607=IFCPOLYLOOP((#7574,#7606,#7602));
#7608=IFCFACEOUTERBOUND(#7607,.T.);
#7609=IFCFACE((#7608));
#7610=IFCCARTESIANPOINT((0.443341425276515,0.00385482371091556,11.6900000000005));
#7611=IFCPOLYLOOP((#7574,#7610,#7606));
#7612=IFCFACEOUTERBOUND(#7611,.T.);
#7613=IFCFACE((#7612));
#7614=IFCCARTESIANPOINT((0.443638803581337,0.00356793810573119,11.6900000000005));
#7615=IFCPOLYLOOP((#7574,#7614,#7610));
#7616=IFCFACEOUTERBOUND(#7615,.T.);
#7617=IFCFACE((#7616));
#7618=IFCCARTESIANPOINT((0.443883222165255,0.00330974106106526,11.6900000000005));
#7619=IFCPOLYLOOP((#7574,#7618,#7614));
#7620=IFCFACEOUTERBOUND(#7619,.T.);
#7621=IFCFACE((#7620));
#7622=IFCCARTESIANPOINT((0.444105641063686,0.00305154401639933,11.6900000000005));
#7623=IFCPOLYLOOP((#7574,#7622,#7618));
#7624=IFCFACEOUTERBOUND(#7623,.T.);
#7625=IFCFACE((#7624));
#7626=IFCCARTESIANPOINT((0.444287008341064,0.00281916667619999,11.6900000000005));
#7627=IFCPOLYLOOP((#7574,#7626,#7622));
#7628=IFCFACEOUTERBOUND(#7627,.T.);
#7629=IFCFACE((#7628));
#7630=IFCCARTESIANPOINT((0.444435003008437,0.00261002707002059,11.6900000000005));
#7631=IFCPOLYLOOP((#7574,#7630,#7626));
#7632=IFCFACEOUTERBOUND(#7631,.T.);
#7633=IFCFACE((#7632));
#7634=IFCCARTESIANPOINT((0.444568563682139,0.00240088746384119,11.6900000000005));
#7635=IFCPOLYLOOP((#7574,#7634,#7630));
#7636=IFCFACEOUTERBOUND(#7635,.T.);
#7637=IFCFACE((#7636));
#7638=IFCCARTESIANPOINT((0.44467642722384,0.00221266181827973,11.6900000000005));
#7639=IFCPOLYLOOP((#7574,#7638,#7634));
#7640=IFCFACEOUTERBOUND(#7639,.T.);
#7641=IFCFACE((#7640));
#7642=IFCCARTESIANPOINT((0.444763508149038,0.00204325873727441,11.6900000000005));
#7643=IFCPOLYLOOP((#7574,#7642,#7638));
#7644=IFCFACEOUTERBOUND(#7643,.T.);
#7645=IFCFACE((#7644));
#7646=IFCCARTESIANPOINT((0.444841118930924,0.0018738556562691,11.6900000000005));
#7647=IFCPOLYLOOP((#7574,#7646,#7642));
#7648=IFCFACEOUTERBOUND(#7647,.T.);
#7649=IFCFACE((#7648));
#7650=IFCCARTESIANPOINT((0.444909259569613,0.00170445257526378,11.6900000000005));
#7651=IFCPOLYLOOP((#7574,#7650,#7646));
#7652=IFCFACEOUTERBOUND(#7651,.T.);
#7653=IFCFACE((#7652));
#7654=IFCCARTESIANPOINT((0.44496793006499,0.00153504949425846,11.6900000000005));
#7655=IFCPOLYLOOP((#7574,#7654,#7650));
#7656=IFCFACEOUTERBOUND(#7655,.T.);
#7657=IFCFACE((#7656));
#7658=IFCCARTESIANPOINT((0.445012636538308,0.00138258672135368,11.6900000000005));
#7659=IFCPOLYLOOP((#7574,#7658,#7654));
#7660=IFCFACEOUTERBOUND(#7659,.T.);
#7661=IFCFACE((#7660));
#7662=IFCCARTESIANPOINT((0.44504631381659,0.00124537022573937,11.6900000000005));
#7663=IFCPOLYLOOP((#7574,#7662,#7658));
#7664=IFCFACEOUTERBOUND(#7663,.T.);
#7665=IFCFACE((#7664));
#7666=IFCCARTESIANPOINT((0.445073777733853,0.00110815373012507,11.6900000000005));
#7667=IFCPOLYLOOP((#7574,#7666,#7662));
#7668=IFCFACEOUTERBOUND(#7667,.T.);
#7669=IFCFACE((#7668));
#7670=IFCCARTESIANPOINT((0.445095028290154,0.00097093723451076,11.6900000000005));
#7671=IFCPOLYLOOP((#7574,#7670,#7666));
#7672=IFCFACEOUTERBOUND(#7671,.T.);
#7673=IFCFACE((#7672));
#7674=IFCCARTESIANPOINT((0.445110065485437,0.000833720738896451,11.6900000000005));
#7675=IFCPOLYLOOP((#7574,#7674,#7670));
#7676=IFCFACEOUTERBOUND(#7675,.T.);
#7677=IFCFACE((#7676));
#7678=IFCCARTESIANPOINT((0.445118889319701,0.000696504243282145,11.6900000000005));
#7679=IFCPOLYLOOP((#7574,#7678,#7674));
#7680=IFCFACEOUTERBOUND(#7679,.T.);
#7681=IFCFACE((#7680));
#7682=IFCCARTESIANPOINT((0.445121499792947,0.000559287747667836,11.6900000000005));
#7683=IFCPOLYLOOP((#7574,#7682,#7678));
#7684=IFCFACEOUTERBOUND(#7683,.T.);
#7685=IFCFACE((#7684));
#7686=IFCCARTESIANPOINT((0.445117896905231,0.00042207125205353,11.6900000000005));
#7687=IFCPOLYLOOP((#7574,#7686,#7682));
#7688=IFCFACEOUTERBOUND(#7687,.T.);
#7689=IFCFACE((#7688));
#7690=IFCCARTESIANPOINT((0.445108080656553,0.000284854756439221,11.6900000000005));
#7691=IFCPOLYLOOP((#7574,#7690,#7686));
#7692=IFCFACEOUTERBOUND(#7691,.T.);
#7693=IFCFACE((#7692));
#7694=IFCCARTESIANPOINT((0.445092051046799,0.000147638260824916,11.6900000000005));
#7695=IFCPOLYLOOP((#7574,#7694,#7690));
#7696=IFCFACEOUTERBOUND(#7695,.T.);
#7697=IFCFACE((#7696));
#7698=IFCCARTESIANPOINT((0.445069808076084,1.04217652106067E-05,11.6900000000005));
#7699=IFCPOLYLOOP((#7574,#7698,#7694));
#7700=IFCFACEOUTERBOUND(#7699,.T.);
#7701=IFCFACE((#7700));
#7702=IFCCARTESIANPOINT((0.445041351744351,-0.000126794730403699,11.6900000000005));
#7703=IFCPOLYLOOP((#7574,#7702,#7698));
#7704=IFCFACEOUTERBOUND(#7703,.T.);
#7705=IFCFACE((#7704));
#7706=IFCCARTESIANPOINT((0.445006682051599,-0.000264011226018008,11.6900000000005));
#7707=IFCPOLYLOOP((#7574,#7706,#7702));
#7708=IFCFACEOUTERBOUND(#7707,.T.);
#7709=IFCFACE((#7708));
#7710=IFCCARTESIANPOINT((0.444965798997885,-0.000401227721632313,11.6900000000005));
#7711=IFCPOLYLOOP((#7574,#7710,#7706));
#7712=IFCFACEOUTERBOUND(#7711,.T.);
#7713=IFCFACE((#7712));
#7714=IFCCARTESIANPOINT((0.444918702583152,-0.000538444217246623,11.6900000000005));
#7715=IFCPOLYLOOP((#7574,#7714,#7710));
#7716=IFCFACEOUTERBOUND(#7715,.T.);
#7717=IFCFACE((#7716));
#7718=IFCCARTESIANPOINT((0.444865392807458,-0.000675660712860928,11.6900000000005));
#7719=IFCPOLYLOOP((#7574,#7718,#7714));
#7720=IFCFACEOUTERBOUND(#7719,.T.);
#7721=IFCFACE((#7720));
#7722=IFCCARTESIANPOINT((0.444805869670688,-0.000812877208475237,11.6900000000005));
#7723=IFCPOLYLOOP((#7574,#7722,#7718));
#7724=IFCFACEOUTERBOUND(#7723,.T.);
#7725=IFCFACE((#7724));
#7726=IFCCARTESIANPOINT((0.444740133172957,-0.000950093704089543,11.6900000000005));
#7727=IFCPOLYLOOP((#7574,#7726,#7722));
#7728=IFCFACEOUTERBOUND(#7727,.T.);
#7729=IFCFACE((#7728));
#7730=IFCCARTESIANPOINT((0.444668183314263,-0.00108731019970385,11.6900000000005));
#7731=IFCPOLYLOOP((#7574,#7730,#7726));
#7732=IFCFACEOUTERBOUND(#7731,.T.);
#7733=IFCFACE((#7732));
#7734=IFCPOLYLOOP((#7574,#7548,#7550));
#7735=IFCFACEOUTERBOUND(#7734,.T.);
#7736=IFCFACE((#7735));
#7737=IFCCARTESIANPOINT((0.444590020094495,-0.00122452669531816,11.6900000000005));
#7738=IFCPOLYLOOP((#7574,#7737,#7730));
#7739=IFCFACEOUTERBOUND(#7738,.T.);
#7740=IFCFACE((#7739));
#7741=IFCCARTESIANPOINT((0.444505643513764,-0.00136174319093247,11.6900000000005));
#7742=IFCPOLYLOOP((#7574,#7741,#7737));
#7743=IFCFACEOUTERBOUND(#7742,.T.);
#7744=IFCFACE((#7743));
#7745=IFCCARTESIANPOINT((0.444415053572072,-0.00149895968654677,11.6900000000005));
#7746=IFCPOLYLOOP((#7574,#7745,#7741));
#7747=IFCFACEOUTERBOUND(#7746,.T.);
#7748=IFCFACE((#7747));
#7749=IFCCARTESIANPOINT((0.444318250269305,-0.00163617618216108,11.6900000000005));
#7750=IFCPOLYLOOP((#7574,#7749,#7745));
#7751=IFCFACEOUTERBOUND(#7750,.T.);
#7752=IFCFACE((#7751));
#7753=IFCCARTESIANPOINT((0.444215233605576,-0.00177339267777539,11.6900000000005));
#7754=IFCPOLYLOOP((#7574,#7753,#7749));
#7755=IFCFACEOUTERBOUND(#7754,.T.);
#7756=IFCFACE((#7755));
#7757=IFCCARTESIANPOINT((0.444106003580885,-0.0019106091733897,11.6900000000005));
#7758=IFCPOLYLOOP((#7574,#7757,#7753));
#7759=IFCFACEOUTERBOUND(#7758,.T.);
#7760=IFCFACE((#7759));
#7761=IFCCARTESIANPOINT((0.443950698319668,-0.00209356450087544,11.6900000000005));
#7762=IFCPOLYLOOP((#7574,#7761,#7757));
#7763=IFCFACEOUTERBOUND(#7762,.T.);
#7764=IFCFACE((#7763));
#7765=IFCCARTESIANPOINT((0.443762776508663,-0.0022993892442969,11.6900000000005));
#7766=IFCPOLYLOOP((#7574,#7765,#7761));
#7767=IFCFACEOUTERBOUND(#7766,.T.);
#7768=IFCFACE((#7767));
#7769=IFCCARTESIANPOINT((0.443560874635466,-0.00250521398771836,11.6900000000005));
#7770=IFCPOLYLOOP((#7574,#7769,#7765));
#7771=IFCFACEOUTERBOUND(#7770,.T.);
#7772=IFCFACE((#7771));
#7773=IFCCARTESIANPOINT((0.443344992699963,-0.00271103873113982,11.6900000000005));
#7774=IFCPOLYLOOP((#7574,#7773,#7769));
#7775=IFCFACEOUTERBOUND(#7774,.T.);
#7776=IFCFACE((#7775));
#7777=IFCCARTESIANPOINT((0.443115130702211,-0.00291686347456128,11.6900000000005));
#7778=IFCPOLYLOOP((#7574,#7777,#7773));
#7779=IFCFACEOUTERBOUND(#7778,.T.);
#7780=IFCFACE((#7779));
#7781=IFCCARTESIANPOINT((0.442871288642266,-0.00312268821798274,11.6900000000005));
#7782=IFCPOLYLOOP((#7574,#7781,#7777));
#7783=IFCFACEOUTERBOUND(#7782,.T.);
#7784=IFCFACE((#7783));
#7785=IFCCARTESIANPOINT((0.442524419132099,-0.00339712120921136,11.6900000000005));
#7786=IFCPOLYLOOP((#7574,#7785,#7781));
#7787=IFCFACEOUTERBOUND(#7786,.T.);
#7788=IFCFACE((#7787));
#7789=IFCCARTESIANPOINT((0.442104483300909,-0.00370585832434355,11.6900000000005));
#7790=IFCPOLYLOOP((#7574,#7789,#7785));
#7791=IFCFACEOUTERBOUND(#7790,.T.);
#7792=IFCFACE((#7791));
#7793=IFCCARTESIANPOINT((0.441653092329602,-0.00401459543947574,11.6900000000005));
#7794=IFCPOLYLOOP((#7574,#7793,#7789));
#7795=IFCFACEOUTERBOUND(#7794,.T.);
#7796=IFCFACE((#7795));
#7797=IFCCARTESIANPOINT((0.441170246218292,-0.00432333255460793,11.6900000000005));
#7798=IFCPOLYLOOP((#7574,#7797,#7793));
#7799=IFCFACEOUTERBOUND(#7798,.T.);
#7800=IFCFACE((#7799));
#7801=IFCCARTESIANPOINT((0.440477521185301,-0.00473498204145086,11.6900000000005));
#7802=IFCPOLYLOOP((#7574,#7801,#7797));
#7803=IFCFACEOUTERBOUND(#7802,.T.);
#7804=IFCFACE((#7803));
#7805=IFCCARTESIANPOINT((0.439631363350543,-0.00519808771414914,11.6900000000005));
#7806=IFCPOLYLOOP((#7574,#7805,#7801));
#7807=IFCFACEOUTERBOUND(#7806,.T.);
#7808=IFCFACE((#7807));
#7809=IFCCARTESIANPOINT((0.438714431450649,-0.00566119338684742,11.6900000000005));
#7810=IFCPOLYLOOP((#7574,#7809,#7805));
#7811=IFCFACEOUTERBOUND(#7810,.T.);
#7812=IFCFACE((#7811));
#7813=IFCCARTESIANPOINT((0.437726725485618,-0.00612429905954571,11.6900000000005));
#7814=IFCPOLYLOOP((#7574,#7813,#7809));
#7815=IFCFACEOUTERBOUND(#7814,.T.);
#7816=IFCFACE((#7815));
#7817=IFCCARTESIANPOINT((0.436299691208603,-0.00674177328981009,11.6900000000005));
#7818=IFCPOLYLOOP((#7574,#7817,#7813));
#7819=IFCFACEOUTERBOUND(#7818,.T.);
#7820=IFCFACE((#7819));
#7821=IFCCARTESIANPOINT((0.434543882758589,-0.00743643179885752,11.6900000000005));
#7822=IFCPOLYLOOP((#7574,#7821,#7817));
#7823=IFCFACEOUTERBOUND(#7822,.T.);
#7824=IFCFACE((#7823));
#7825=IFCPOLYLOOP((#7574,#7550,#7821));
#7826=IFCFACEOUTERBOUND(#7825,.T.);
#7827=IFCFACE((#7826));
#7828=IFCPOLYLOOP((#7574,#7544,#6954));
#7829=IFCFACEOUTERBOUND(#7828,.T.);
#7830=IFCFACE((#7829));
#7831=IFCCARTESIANPOINT((0.317392398764696,0.0426076012352807,11.6900000000005));
#7832=IFCPOLYLOOP((#7831,#7233,#6933));
#7833=IFCFACEOUTERBOUND(#7832,.T.);
#7834=IFCFACE((#7833));
#7835=IFCPOLYLOOP((#6932,#7831,#6933));
#7836=IFCFACEOUTERBOUND(#7835,.T.);
#7837=IFCFACE((#7836));
#7838=IFCCARTESIANPOINT((0.364541498148014,0.0426076012352807,11.6900000000005));
#7839=IFCPOLYLOOP((#6938,#7838,#6932));
#7840=IFCFACEOUTERBOUND(#7839,.T.);
#7841=IFCFACE((#7840));
#7842=IFCPOLYLOOP((#7838,#6972,#6976));
#7843=IFCFACEOUTERBOUND(#7842,.T.);
#7844=IFCFACE((#7843));
#7845=IFCPOLYLOOP((#6942,#6968,#6938));
#7846=IFCFACEOUTERBOUND(#7845,.T.);
#7847=IFCFACE((#7846));
#7848=IFCPOLYLOOP((#6938,#6968,#7838));
#7849=IFCFACEOUTERBOUND(#7848,.T.);
#7850=IFCFACE((#7849));
#7851=IFCPOLYLOOP((#7838,#6968,#6972));
#7852=IFCFACEOUTERBOUND(#7851,.T.);
#7853=IFCFACE((#7852));
#7854=IFCPOLYLOOP((#6942,#6964,#6968));
#7855=IFCFACEOUTERBOUND(#7854,.T.);
#7856=IFCFACE((#7855));
#7857=IFCPOLYLOOP((#6946,#6960,#6942));
#7858=IFCFACEOUTERBOUND(#7857,.T.);
#7859=IFCFACE((#7858));
#7860=IFCPOLYLOOP((#6942,#6960,#6964));
#7861=IFCFACEOUTERBOUND(#7860,.T.);
#7862=IFCFACE((#7861));
#7863=IFCPOLYLOOP((#6946,#6955,#6960));
#7864=IFCFACEOUTERBOUND(#7863,.T.);
#7865=IFCFACE((#7864));
#7866=IFCPOLYLOOP((#6950,#6955,#6946));
#7867=IFCFACEOUTERBOUND(#7866,.T.);
#7868=IFCFACE((#7867));
#7869=IFCPOLYLOOP((#6950,#6956,#6955));
#7870=IFCFACEOUTERBOUND(#7869,.T.);
#7871=IFCFACE((#7870));
#7872=IFCPOLYLOOP((#6988,#7223,#6950));
#7873=IFCFACEOUTERBOUND(#7872,.T.);
#7874=IFCFACE((#7873));
#7875=IFCPOLYLOOP((#6950,#7223,#6956));
#7876=IFCFACEOUTERBOUND(#7875,.T.);
#7877=IFCFACE((#7876));
#7878=IFCPOLYLOOP((#6992,#7219,#6988));
#7879=IFCFACEOUTERBOUND(#7878,.T.);
#7880=IFCFACE((#7879));
#7881=IFCPOLYLOOP((#6988,#7219,#7223));
#7882=IFCFACEOUTERBOUND(#7881,.T.);
#7883=IFCFACE((#7882));
#7884=IFCPOLYLOOP((#6992,#7215,#7219));
#7885=IFCFACEOUTERBOUND(#7884,.T.);
#7886=IFCFACE((#7885));
#7887=IFCPOLYLOOP((#7084,#7092,#7080));
#7888=IFCFACEOUTERBOUND(#7887,.T.);
#7889=IFCFACE((#7888));
#7890=IFCPOLYLOOP((#7088,#7092,#7084));
#7891=IFCFACEOUTERBOUND(#7890,.T.);
#7892=IFCFACE((#7891));
#7893=IFCPOLYLOOP((#7080,#7096,#7076));
#7894=IFCFACEOUTERBOUND(#7893,.T.);
#7895=IFCFACE((#7894));
#7896=IFCPOLYLOOP((#7092,#7096,#7080));
#7897=IFCFACEOUTERBOUND(#7896,.T.);
#7898=IFCFACE((#7897));
#7899=IFCPOLYLOOP((#6996,#7211,#6992));
#7900=IFCFACEOUTERBOUND(#7899,.T.);
#7901=IFCFACE((#7900));
#7902=IFCPOLYLOOP((#6992,#7211,#7215));
#7903=IFCFACEOUTERBOUND(#7902,.T.);
#7904=IFCFACE((#7903));
#7905=IFCPOLYLOOP((#7076,#7100,#7072));
#7906=IFCFACEOUTERBOUND(#7905,.T.);
#7907=IFCFACE((#7906));
#7908=IFCPOLYLOOP((#7096,#7100,#7076));
#7909=IFCFACEOUTERBOUND(#7908,.T.);
#7910=IFCFACE((#7909));
#7911=IFCPOLYLOOP((#7072,#7104,#7068));
#7912=IFCFACEOUTERBOUND(#7911,.T.);
#7913=IFCFACE((#7912));
#7914=IFCPOLYLOOP((#7100,#7104,#7072));
#7915=IFCFACEOUTERBOUND(#7914,.T.);
#7916=IFCFACE((#7915));
#7917=IFCPOLYLOOP((#7068,#7108,#7064));
#7918=IFCFACEOUTERBOUND(#7917,.T.);
#7919=IFCFACE((#7918));
#7920=IFCPOLYLOOP((#7104,#7108,#7068));
#7921=IFCFACEOUTERBOUND(#7920,.T.);
#7922=IFCFACE((#7921));
#7923=IFCPOLYLOOP((#7000,#7207,#6996));
#7924=IFCFACEOUTERBOUND(#7923,.T.);
#7925=IFCFACE((#7924));
#7926=IFCPOLYLOOP((#6996,#7207,#7211));
#7927=IFCFACEOUTERBOUND(#7926,.T.);
#7928=IFCFACE((#7927));
#7929=IFCPOLYLOOP((#7064,#7112,#7060));
#7930=IFCFACEOUTERBOUND(#7929,.T.);
#7931=IFCFACE((#7930));
#7932=IFCPOLYLOOP((#7108,#7112,#7064));
#7933=IFCFACEOUTERBOUND(#7932,.T.);
#7934=IFCFACE((#7933));
#7935=IFCPOLYLOOP((#7112,#7116,#7060));
#7936=IFCFACEOUTERBOUND(#7935,.T.);
#7937=IFCFACE((#7936));
#7938=IFCPOLYLOOP((#7116,#7120,#7060));
#7939=IFCFACEOUTERBOUND(#7938,.T.);
#7940=IFCFACE((#7939));
#7941=IFCPOLYLOOP((#7060,#7120,#7056));
#7942=IFCFACEOUTERBOUND(#7941,.T.);
#7943=IFCFACE((#7942));
#7944=IFCPOLYLOOP((#7000,#7203,#7207));
#7945=IFCFACEOUTERBOUND(#7944,.T.);
#7946=IFCFACE((#7945));
#7947=IFCPOLYLOOP((#7056,#7124,#7052));
#7948=IFCFACEOUTERBOUND(#7947,.T.);
#7949=IFCFACE((#7948));
#7950=IFCPOLYLOOP((#7120,#7124,#7056));
#7951=IFCFACEOUTERBOUND(#7950,.T.);
#7952=IFCFACE((#7951));
#7953=IFCPOLYLOOP((#7052,#7128,#7048));
#7954=IFCFACEOUTERBOUND(#7953,.T.);
#7955=IFCFACE((#7954));
#7956=IFCPOLYLOOP((#7124,#7128,#7052));
#7957=IFCFACEOUTERBOUND(#7956,.T.);
#7958=IFCFACE((#7957));
#7959=IFCPOLYLOOP((#7004,#7199,#7000));
#7960=IFCFACEOUTERBOUND(#7959,.T.);
#7961=IFCFACE((#7960));
#7962=IFCPOLYLOOP((#7000,#7199,#7203));
#7963=IFCFACEOUTERBOUND(#7962,.T.);
#7964=IFCFACE((#7963));
#7965=IFCPOLYLOOP((#7128,#7132,#7048));
#7966=IFCFACEOUTERBOUND(#7965,.T.);
#7967=IFCFACE((#7966));
#7968=IFCPOLYLOOP((#7048,#7132,#7044));
#7969=IFCFACEOUTERBOUND(#7968,.T.);
#7970=IFCFACE((#7969));
#7971=IFCPOLYLOOP((#7132,#7136,#7044));
#7972=IFCFACEOUTERBOUND(#7971,.T.);
#7973=IFCFACE((#7972));
#7974=IFCPOLYLOOP((#7044,#7140,#7040));
#7975=IFCFACEOUTERBOUND(#7974,.T.);
#7976=IFCFACE((#7975));
#7977=IFCPOLYLOOP((#7136,#7140,#7044));
#7978=IFCFACEOUTERBOUND(#7977,.T.);
#7979=IFCFACE((#7978));
#7980=IFCPOLYLOOP((#7008,#7195,#7004));
#7981=IFCFACEOUTERBOUND(#7980,.T.);
#7982=IFCFACE((#7981));
#7983=IFCPOLYLOOP((#7004,#7195,#7199));
#7984=IFCFACEOUTERBOUND(#7983,.T.);
#7985=IFCFACE((#7984));
#7986=IFCPOLYLOOP((#7040,#7144,#7036));
#7987=IFCFACEOUTERBOUND(#7986,.T.);
#7988=IFCFACE((#7987));
#7989=IFCPOLYLOOP((#7140,#7144,#7040));
#7990=IFCFACEOUTERBOUND(#7989,.T.);
#7991=IFCFACE((#7990));
#7992=IFCPOLYLOOP((#7144,#7151,#7036));
#7993=IFCFACEOUTERBOUND(#7992,.T.);
#7994=IFCFACE((#7993));
#7995=IFCPOLYLOOP((#7008,#7191,#7195));
#7996=IFCFACEOUTERBOUND(#7995,.T.);
#7997=IFCFACE((#7996));
#7998=IFCPOLYLOOP((#7151,#7155,#7036));
#7999=IFCFACEOUTERBOUND(#7998,.T.);
#8000=IFCFACE((#7999));
#8001=IFCPOLYLOOP((#7036,#7155,#7032));
#8002=IFCFACEOUTERBOUND(#8001,.T.);
#8003=IFCFACE((#8002));
#8004=IFCPOLYLOOP((#7155,#7159,#7032));
#8005=IFCFACEOUTERBOUND(#8004,.T.);
#8006=IFCFACE((#8005));
#8007=IFCPOLYLOOP((#7032,#7159,#7028));
#8008=IFCFACEOUTERBOUND(#8007,.T.);
#8009=IFCFACE((#8008));
#8010=IFCPOLYLOOP((#7012,#7187,#7008));
#8011=IFCFACEOUTERBOUND(#8010,.T.);
#8012=IFCFACE((#8011));
#8013=IFCPOLYLOOP((#7008,#7187,#7191));
#8014=IFCFACEOUTERBOUND(#8013,.T.);
#8015=IFCFACE((#8014));
#8016=IFCPOLYLOOP((#7159,#7163,#7028));
#8017=IFCFACEOUTERBOUND(#8016,.T.);
#8018=IFCFACE((#8017));
#8019=IFCPOLYLOOP((#7016,#7183,#7012));
#8020=IFCFACEOUTERBOUND(#8019,.T.);
#8021=IFCFACE((#8020));
#8022=IFCPOLYLOOP((#7012,#7183,#7187));
#8023=IFCFACEOUTERBOUND(#8022,.T.);
#8024=IFCFACE((#8023));
#8025=IFCPOLYLOOP((#7028,#7167,#7024));
#8026=IFCFACEOUTERBOUND(#8025,.T.);
#8027=IFCFACE((#8026));
#8028=IFCPOLYLOOP((#7163,#7167,#7028));
#8029=IFCFACEOUTERBOUND(#8028,.T.);
#8030=IFCFACE((#8029));
#8031=IFCPOLYLOOP((#7016,#7179,#7183));
#8032=IFCFACEOUTERBOUND(#8031,.T.);
#8033=IFCFACE((#8032));
#8034=IFCPOLYLOOP((#7167,#7171,#7024));
#8035=IFCFACEOUTERBOUND(#8034,.T.);
#8036=IFCFACE((#8035));
#8037=IFCPOLYLOOP((#7024,#7171,#7020));
#8038=IFCFACEOUTERBOUND(#8037,.T.);
#8039=IFCFACE((#8038));
#8040=IFCPOLYLOOP((#7016,#7175,#7179));
#8041=IFCFACEOUTERBOUND(#8040,.T.);
#8042=IFCFACE((#8041));
#8043=IFCPOLYLOOP((#7020,#7175,#7016));
#8044=IFCFACEOUTERBOUND(#8043,.T.);
#8045=IFCFACE((#8044));
#8046=IFCPOLYLOOP((#7171,#7175,#7020));
#8047=IFCFACEOUTERBOUND(#8046,.T.);
#8048=IFCFACE((#8047));
#8049=IFCCARTESIANPOINT((0.402607601235275,0.0426076012352807,11.6900000000005));
#8050=IFCPOLYLOOP((#8049,#6976,#6980));
#8051=IFCFACEOUTERBOUND(#8050,.T.);
#8052=IFCFACE((#8051));
#8053=IFCPOLYLOOP((#8049,#6980,#7532));
#8054=IFCFACEOUTERBOUND(#8053,.T.);
#8055=IFCFACE((#8054));
#8056=IFCPOLYLOOP((#6954,#6934,#7254));
#8057=IFCFACEOUTERBOUND(#8056,.T.);
#8058=IFCFACE((#8057));
#8059=IFCPOLYLOOP((#6954,#7254,#7548));
#8060=IFCFACEOUTERBOUND(#8059,.T.);
#8061=IFCFACE((#8060));
#8062=IFCCARTESIANPOINT((0.375164184401115,-0.0426076012352828,11.6900000000005));
#8063=IFCPOLYLOOP((#8062,#7570,#7548));
#8064=IFCFACEOUTERBOUND(#8063,.T.);
#8065=IFCFACE((#8064));
#8066=IFCCARTESIANPOINT((0.372490406935412,-0.0553865923461047,11.6900000000005));
#8067=IFCPOLYLOOP((#8066,#8062,#7548));
#8068=IFCFACEOUTERBOUND(#8067,.T.);
#8069=IFCFACE((#8068));
#8070=IFCCARTESIANPOINT((0.370084007216292,-0.0649011320913439,11.6900000000005));
#8071=IFCPOLYLOOP((#8070,#8066,#7548));
#8072=IFCFACEOUTERBOUND(#8071,.T.);
#8073=IFCFACE((#8072));
#8074=IFCCARTESIANPOINT((0.368329741821015,-0.0706511585555216,11.6900000000005));
#8075=IFCPOLYLOOP((#8074,#8070,#7548));
#8076=IFCFACEOUTERBOUND(#8075,.T.);
#8077=IFCFACE((#8076));
#8078=IFCCARTESIANPOINT((0.349157809334599,-0.0682974815734029,11.6900000000005));
#8079=IFCCARTESIANPOINT((0.350122064063783,-0.0712688464500094,11.6900000000005));
#8080=IFCPOLYLOOP((#7254,#8078,#8079));
#8081=IFCFACEOUTERBOUND(#8080,.T.);
#8082=IFCFACE((#8081));
#8083=IFCCARTESIANPOINT((0.347872136362412,-0.0638656026622079,11.6900000000005));
#8084=IFCPOLYLOOP((#7254,#8083,#8078));
#8085=IFCFACEOUTERBOUND(#8084,.T.);
#8086=IFCFACE((#8085));
#8087=IFCCARTESIANPOINT((0.346425754268637,-0.0582376046140318,11.6900000000005));
#8088=IFCPOLYLOOP((#7254,#8087,#8083));
#8089=IFCFACEOUTERBOUND(#8088,.T.);
#8090=IFCFACE((#8089));
#8091=IFCCARTESIANPOINT((0.344752304540634,-0.0508776734483827,11.6900000000005));
#8092=IFCPOLYLOOP((#8091,#8087,#7254));
#8093=IFCFACEOUTERBOUND(#8092,.T.);
#8094=IFCFACE((#8093));
#8095=IFCCARTESIANPOINT((0.343078854812632,-0.0426076012352828,11.6900000000005));
#8096=IFCPOLYLOOP((#8095,#8091,#7254));
#8097=IFCFACEOUTERBOUND(#8096,.T.);
#8098=IFCFACE((#8097));
#8099=IFCPOLYLOOP((#7279,#8095,#7254));
#8100=IFCFACEOUTERBOUND(#8099,.T.);
#8101=IFCFACE((#8100));
#8102=IFCCARTESIANPOINT((0.359121519606845,-0.0844297539616091,11.7000000000007));
#8103=IFCPOLYLOOP((#8102,#7548,#7254));
#8104=IFCFACEOUTERBOUND(#8103,.T.);
#8105=IFCFACE((#8104));
#8106=IFCCARTESIANPOINT((0.367014042774599,-0.074307316644269,11.6900000000005));
#8107=IFCPOLYLOOP((#8102,#8106,#8074));
#8108=IFCFACEOUTERBOUND(#8107,.T.);
#8109=IFCFACE((#8108));
#8110=IFCCARTESIANPOINT((0.366027268489745,-0.0766802317211751,11.6900000000005));
#8111=IFCPOLYLOOP((#8102,#8110,#8106));
#8112=IFCFACEOUTERBOUND(#8111,.T.);
#8113=IFCFACE((#8112));
#8114=IFCCARTESIANPOINT((0.365204956585728,-0.0784159205717992,11.6900000000005));
#8115=IFCPOLYLOOP((#8102,#8114,#8110));
#8116=IFCFACEOUTERBOUND(#8115,.T.);
#8117=IFCFACE((#8116));
#8118=IFCCARTESIANPOINT((0.364538883943453,-0.0796607305538457,11.6900000000005));
#8119=IFCPOLYLOOP((#8102,#8118,#8114));
#8120=IFCFACEOUTERBOUND(#8119,.T.);
#8121=IFCFACE((#8120));
#8122=IFCCARTESIANPOINT((0.363999365103211,-0.0805633302500595,11.6900000000005));
#8123=IFCPOLYLOOP((#8102,#8122,#8118));
#8124=IFCFACEOUTERBOUND(#8123,.T.);
#8125=IFCFACE((#8124));
#8126=IFCCARTESIANPOINT((0.363513798147039,-0.0812947859607726,11.6900000000005));
#8127=IFCPOLYLOOP((#8102,#8126,#8122));
#8128=IFCFACEOUTERBOUND(#8127,.T.);
#8129=IFCFACE((#8128));
#8130=IFCCARTESIANPOINT((0.3631204889125,-0.0818310936916541,11.6900000000005));
#8131=IFCPOLYLOOP((#8102,#8130,#8126));
#8132=IFCFACEOUTERBOUND(#8131,.T.);
#8133=IFCFACE((#8132));
#8134=IFCCARTESIANPOINT((0.362756313695343,-0.0822828481509407,11.6900000000005));
#8135=IFCPOLYLOOP((#8102,#8134,#8130));
#8136=IFCFACEOUTERBOUND(#8135,.T.);
#8137=IFCFACE((#8136));
#8138=IFCCARTESIANPOINT((0.362428555999884,-0.0826525743845636,11.6900000000005));
#8139=IFCPOLYLOOP((#8102,#8138,#8134));
#8140=IFCFACEOUTERBOUND(#8139,.T.);
#8141=IFCFACE((#8140));
#8142=IFCCARTESIANPOINT((0.362133574073994,-0.0829554772432388,11.6900000000005));
#8143=IFCPOLYLOOP((#8102,#8142,#8138));
#8144=IFCFACEOUTERBOUND(#8143,.T.);
#8145=IFCFACE((#8144));
#8146=IFCCARTESIANPOINT((0.361868090340693,-0.0832039107072624,11.6900000000005));
#8147=IFCPOLYLOOP((#8102,#8146,#8142));
#8148=IFCFACEOUTERBOUND(#8147,.T.);
#8149=IFCFACE((#8148));
#8150=IFCCARTESIANPOINT((0.361629154980733,-0.0834079157467684,11.6900000000005));
#8151=IFCPOLYLOOP((#8102,#8150,#8146));
#8152=IFCFACEOUTERBOUND(#8151,.T.);
#8153=IFCFACE((#8152));
#8154=IFCCARTESIANPOINT((0.361390219620773,-0.0835933665017443,11.6900000000005));
#8155=IFCPOLYLOOP((#8102,#8154,#8150));
#8156=IFCFACEOUTERBOUND(#8155,.T.);
#8157=IFCFACE((#8156));
#8158=IFCCARTESIANPOINT((0.361175177796781,-0.0837444082679493,11.6900000000005));
#8159=IFCPOLYLOOP((#8102,#8158,#8154));
#8160=IFCFACEOUTERBOUND(#8159,.T.);
#8161=IFCFACE((#8160));
#8162=IFCCARTESIANPOINT((0.360981640155217,-0.0838674960877824,11.6900000000005));
#8163=IFCPOLYLOOP((#8102,#8162,#8158));
#8164=IFCFACEOUTERBOUND(#8163,.T.);
#8165=IFCFACE((#8164));
#8166=IFCCARTESIANPOINT((0.360788102513595,-0.0839784104415353,11.6900000000005));
#8167=IFCPOLYLOOP((#8102,#8166,#8162));
#8168=IFCFACEOUTERBOUND(#8167,.T.);
#8169=IFCFACE((#8168));
#8170=IFCCARTESIANPOINT((0.360594564872031,-0.084077151329208,11.6900000000005));
#8171=IFCPOLYLOOP((#8102,#8170,#8166));
#8172=IFCFACEOUTERBOUND(#8171,.T.);
#8173=IFCFACE((#8172));
#8174=IFCCARTESIANPOINT((0.360420380994583,-0.0841556098146148,11.6900000000005));
#8175=IFCPOLYLOOP((#8102,#8174,#8170));
#8176=IFCFACEOUTERBOUND(#8175,.T.);
#8177=IFCFACE((#8176));
#8178=IFCCARTESIANPOINT((0.360263615504948,-0.0842177917175471,11.6900000000005));
#8179=IFCPOLYLOOP((#8102,#8178,#8174));
#8180=IFCFACEOUTERBOUND(#8179,.T.);
#8181=IFCFACE((#8180));
#8182=IFCCARTESIANPOINT((0.360106850015256,-0.0842719866093841,11.6900000000005));
#8183=IFCPOLYLOOP((#8102,#8182,#8178));
#8184=IFCFACEOUTERBOUND(#8183,.T.);
#8185=IFCFACE((#8184));
#8186=IFCCARTESIANPOINT((0.359950084525565,-0.0843181944901258,11.6900000000005));
#8187=IFCPOLYLOOP((#8102,#8186,#8182));
#8188=IFCFACEOUTERBOUND(#8187,.T.);
#8189=IFCFACE((#8188));
#8190=IFCCARTESIANPOINT((0.359793319035873,-0.0843564153597724,11.6900000000005));
#8191=IFCPOLYLOOP((#8102,#8190,#8186));
#8192=IFCFACEOUTERBOUND(#8191,.T.);
#8193=IFCFACE((#8192));
#8194=IFCCARTESIANPOINT((0.359636553546181,-0.0843866492183236,11.6900000000005));
#8195=IFCPOLYLOOP((#8102,#8194,#8190));
#8196=IFCFACEOUTERBOUND(#8195,.T.);
#8197=IFCFACE((#8196));
#8198=IFCCARTESIANPOINT((0.359479788056547,-0.0844088960657797,11.6900000000005));
#8199=IFCPOLYLOOP((#8102,#8198,#8194));
#8200=IFCFACEOUTERBOUND(#8199,.T.);
#8201=IFCFACE((#8200));
#8202=IFCCARTESIANPOINT((0.359338699115824,-0.0844220893340037,11.6900000000005));
#8203=IFCPOLYLOOP((#8102,#8202,#8198));
#8204=IFCFACEOUTERBOUND(#8203,.T.);
#8205=IFCFACE((#8204));
#8206=IFCCARTESIANPOINT((0.359211719069151,-0.0844284318708713,11.6900000000005));
#8207=IFCPOLYLOOP((#8102,#8206,#8202));
#8208=IFCFACEOUTERBOUND(#8207,.T.);
#8209=IFCFACE((#8208));
#8210=IFCCARTESIANPOINT((0.359084739022535,-0.0844295341297593,11.6900000000005));
#8211=IFCPOLYLOOP((#8102,#8210,#8206));
#8212=IFCFACEOUTERBOUND(#8211,.T.);
#8213=IFCFACE((#8212));
#8214=IFCCARTESIANPOINT((0.358957758975919,-0.0844253961106677,11.6900000000005));
#8215=IFCPOLYLOOP((#8102,#8214,#8210));
#8216=IFCFACEOUTERBOUND(#8215,.T.);
#8217=IFCFACE((#8216));
#8218=IFCCARTESIANPOINT((0.358830778929246,-0.0844160178135965,11.6900000000005));
#8219=IFCPOLYLOOP((#8102,#8218,#8214));
#8220=IFCFACEOUTERBOUND(#8219,.T.);
#8221=IFCFACE((#8220));
#8222=IFCCARTESIANPOINT((0.35870379888263,-0.0844013992385458,11.6900000000005));
#8223=IFCPOLYLOOP((#8102,#8222,#8218));
#8224=IFCFACEOUTERBOUND(#8223,.T.);
#8225=IFCFACE((#8224));
#8226=IFCCARTESIANPOINT((0.358576818835957,-0.0843815403855154,11.6900000000005));
#8227=IFCPOLYLOOP((#8102,#8226,#8222));
#8228=IFCFACEOUTERBOUND(#8227,.T.);
#8229=IFCFACE((#8228));
#8230=IFCCARTESIANPOINT((0.35844983878934,-0.0843564412545055,11.6900000000005));
#8231=IFCPOLYLOOP((#8102,#8230,#8226));
#8232=IFCFACEOUTERBOUND(#8231,.T.);
#8233=IFCFACE((#8232));
#8234=IFCCARTESIANPOINT((0.358322858742667,-0.0843261018455159,11.6900000000005));
#8235=IFCPOLYLOOP((#8102,#8234,#8230));
#8236=IFCFACEOUTERBOUND(#8235,.T.);
#8237=IFCFACE((#8236));
#8238=IFCCARTESIANPOINT((0.358195878696051,-0.0842905221585468,11.6900000000005));
#8239=IFCPOLYLOOP((#8102,#8238,#8234));
#8240=IFCFACEOUTERBOUND(#8239,.T.);
#8241=IFCFACE((#8240));
#8242=IFCCARTESIANPOINT((0.358068898649378,-0.0842497021935981,11.6900000000005));
#8243=IFCPOLYLOOP((#8102,#8242,#8238));
#8244=IFCFACEOUTERBOUND(#8243,.T.);
#8245=IFCFACE((#8244));
#8246=IFCCARTESIANPOINT((0.357941918602762,-0.0842036419506698,11.6900000000005));
#8247=IFCPOLYLOOP((#8102,#8246,#8242));
#8248=IFCFACEOUTERBOUND(#8247,.T.);
#8249=IFCFACE((#8248));
#8250=IFCCARTESIANPOINT((0.357814938556146,-0.0841523414297619,11.6900000000005));
#8251=IFCPOLYLOOP((#8102,#8250,#8246));
#8252=IFCFACEOUTERBOUND(#8251,.T.);
#8253=IFCFACE((#8252));
#8254=IFCCARTESIANPOINT((0.357687958509473,-0.0840958006308744,11.6900000000005));
#8255=IFCPOLYLOOP((#8102,#8254,#8250));
#8256=IFCFACEOUTERBOUND(#8255,.T.);
#8257=IFCFACE((#8256));
#8258=IFCCARTESIANPOINT((0.357560978462857,-0.0840340195540074,11.6900000000005));
#8259=IFCPOLYLOOP((#8102,#8258,#8254));
#8260=IFCFACEOUTERBOUND(#8259,.T.);
#8261=IFCFACE((#8260));
#8262=IFCPOLYLOOP((#8102,#7254,#8079));
#8263=IFCFACEOUTERBOUND(#8262,.T.);
#8264=IFCFACE((#8263));
#8265=IFCCARTESIANPOINT((0.357433998416184,-0.0839669981991607,11.6900000000005));
#8266=IFCPOLYLOOP((#8102,#8265,#8258));
#8267=IFCFACEOUTERBOUND(#8266,.T.);
#8268=IFCFACE((#8267));
#8269=IFCCARTESIANPOINT((0.357307018369568,-0.0838947365663345,11.6900000000005));
#8270=IFCPOLYLOOP((#8102,#8269,#8265));
#8271=IFCFACEOUTERBOUND(#8270,.T.);
#8272=IFCFACE((#8271));
#8273=IFCCARTESIANPOINT((0.357180038322895,-0.0838172346555286,11.6900000000005));
#8274=IFCPOLYLOOP((#8102,#8273,#8269));
#8275=IFCFACEOUTERBOUND(#8274,.T.);
#8276=IFCFACE((#8275));
#8277=IFCCARTESIANPOINT((0.357053058276279,-0.0837344924667432,11.6900000000005));
#8278=IFCPOLYLOOP((#8102,#8277,#8273));
#8279=IFCFACEOUTERBOUND(#8278,.T.);
#8280=IFCFACE((#8279));
#8281=IFCCARTESIANPOINT((0.356926078229662,-0.0836465099999782,11.6900000000005));
#8282=IFCPOLYLOOP((#8102,#8281,#8277));
#8283=IFCFACEOUTERBOUND(#8282,.T.);
#8284=IFCFACE((#8283));
#8285=IFCCARTESIANPOINT((0.356756771500784,-0.0835210485007677,11.6900000000005));
#8286=IFCPOLYLOOP((#8102,#8285,#8281));
#8287=IFCFACEOUTERBOUND(#8286,.T.);
#8288=IFCFACE((#8287));
#8289=IFCCARTESIANPOINT((0.356566301430803,-0.0833687687234493,11.6900000000005));
#8290=IFCPOLYLOOP((#8102,#8289,#8285));
#8291=IFCFACEOUTERBOUND(#8290,.T.);
#8292=IFCFACE((#8291));
#8293=IFCCARTESIANPOINT((0.356375831360879,-0.0832046983206768,11.6900000000005));
#8294=IFCPOLYLOOP((#8102,#8293,#8289));
#8295=IFCFACEOUTERBOUND(#8294,.T.);
#8296=IFCFACE((#8295));
#8297=IFCCARTESIANPOINT((0.356185361290898,-0.0830288372924503,11.6900000000005));
#8298=IFCPOLYLOOP((#8102,#8297,#8293));
#8299=IFCFACEOUTERBOUND(#8298,.T.);
#8300=IFCFACE((#8299));
#8301=IFCCARTESIANPOINT((0.355994891220917,-0.0828411856387696,11.6900000000005));
#8302=IFCPOLYLOOP((#8102,#8301,#8297));
#8303=IFCFACEOUTERBOUND(#8302,.T.);
#8304=IFCFACE((#8303));
#8305=IFCCARTESIANPOINT((0.355804421150992,-0.0826417433596349,11.6900000000005));
#8306=IFCPOLYLOOP((#8102,#8305,#8301));
#8307=IFCFACEOUTERBOUND(#8306,.T.);
#8308=IFCFACE((#8307));
#8309=IFCCARTESIANPOINT((0.355613951081011,-0.0824305104550461,11.6900000000005));
#8310=IFCPOLYLOOP((#8102,#8309,#8305));
#8311=IFCFACEOUTERBOUND(#8310,.T.);
#8312=IFCFACE((#8311));
#8313=IFCCARTESIANPOINT((0.355359990987722,-0.0821305256093325,11.6900000000005));
#8314=IFCPOLYLOOP((#8102,#8313,#8309));
#8315=IFCFACEOUTERBOUND(#8314,.T.);
#8316=IFCFACE((#8315));
#8317=IFCCARTESIANPOINT((0.355074285882779,-0.0817679875788148,11.6900000000005));
#8318=IFCPOLYLOOP((#8102,#8317,#8313));
#8319=IFCFACEOUTERBOUND(#8318,.T.);
#8320=IFCFACE((#8319));
#8321=IFCCARTESIANPOINT((0.354788580777836,-0.0813789206410254,11.6900000000005));
#8322=IFCPOLYLOOP((#8102,#8321,#8317));
#8323=IFCFACEOUTERBOUND(#8322,.T.);
#8324=IFCFACE((#8323));
#8325=IFCCARTESIANPOINT((0.354502875672893,-0.0809633247959643,11.6900000000005));
#8326=IFCPOLYLOOP((#8102,#8325,#8321));
#8327=IFCFACEOUTERBOUND(#8326,.T.);
#8328=IFCFACE((#8327));
#8329=IFCCARTESIANPOINT((0.354121935532987,-0.0803679298134603,11.6900000000005));
#8330=IFCPOLYLOOP((#8102,#8329,#8325));
#8331=IFCFACEOUTERBOUND(#8330,.T.);
#8332=IFCFACE((#8331));
#8333=IFCCARTESIANPOINT((0.353693377875572,-0.079641736530191,11.6900000000005));
#8334=IFCPOLYLOOP((#8102,#8333,#8329));
#8335=IFCFACEOUTERBOUND(#8334,.T.);
#8336=IFCFACE((#8335));
#8337=IFCCARTESIANPOINT((0.353264820218158,-0.0788558532055604,11.6900000000005));
#8338=IFCPOLYLOOP((#8102,#8337,#8333));
#8339=IFCFACEOUTERBOUND(#8338,.T.);
#8340=IFCFACE((#8339));
#8341=IFCCARTESIANPOINT((0.352836262560743,-0.0780102798395687,11.6900000000005));
#8342=IFCPOLYLOOP((#8102,#8341,#8337));
#8343=IFCFACEOUTERBOUND(#8342,.T.);
#8344=IFCFACE((#8343));
#8345=IFCCARTESIANPOINT((0.352264852350856,-0.0767899975094621,11.6900000000005));
#8346=IFCPOLYLOOP((#8102,#8345,#8341));
#8347=IFCFACEOUTERBOUND(#8346,.T.);
#8348=IFCFACE((#8347));
#8349=IFCCARTESIANPOINT((0.351622015864734,-0.0752903385501996,11.6900000000005));
#8350=IFCPOLYLOOP((#8102,#8349,#8345));
#8351=IFCFACEOUTERBOUND(#8350,.T.);
#8352=IFCFACE((#8351));
#8353=IFCCARTESIANPOINT((0.350979179378612,-0.0736563769978742,11.6900000000005));
#8354=IFCPOLYLOOP((#8102,#8353,#8349));
#8355=IFCFACEOUTERBOUND(#8354,.T.);
#8356=IFCFACE((#8355));
#8357=IFCPOLYLOOP((#8102,#8079,#8353));
#8358=IFCFACEOUTERBOUND(#8357,.T.);
#8359=IFCFACE((#8358));
#8360=IFCPOLYLOOP((#8102,#8074,#7548));
#8361=IFCFACEOUTERBOUND(#8360,.T.);
#8362=IFCFACE((#8361));
#8363=IFCPOLYLOOP((#7387,#7383,#7391));
#8364=IFCFACEOUTERBOUND(#8363,.T.);
#8365=IFCFACE((#8364));
#8366=IFCPOLYLOOP((#7391,#7379,#7395));
#8367=IFCFACEOUTERBOUND(#8366,.T.);
#8368=IFCFACE((#8367));
#8369=IFCPOLYLOOP((#7383,#7379,#7391));
#8370=IFCFACEOUTERBOUND(#8369,.T.);
#8371=IFCFACE((#8370));
#8372=IFCPOLYLOOP((#7395,#7375,#7399));
#8373=IFCFACEOUTERBOUND(#8372,.T.);
#8374=IFCFACE((#8373));
#8375=IFCPOLYLOOP((#7379,#7375,#7395));
#8376=IFCFACEOUTERBOUND(#8375,.T.);
#8377=IFCFACE((#8376));
#8378=IFCPOLYLOOP((#7375,#7371,#7399));
#8379=IFCFACEOUTERBOUND(#8378,.T.);
#8380=IFCFACE((#8379));
#8381=IFCPOLYLOOP((#7399,#7371,#7403));
#8382=IFCFACEOUTERBOUND(#8381,.T.);
#8383=IFCFACE((#8382));
#8384=IFCPOLYLOOP((#7403,#7367,#7407));
#8385=IFCFACEOUTERBOUND(#8384,.T.);
#8386=IFCFACE((#8385));
#8387=IFCPOLYLOOP((#7371,#7367,#7403));
#8388=IFCFACEOUTERBOUND(#8387,.T.);
#8389=IFCFACE((#8388));
#8390=IFCPOLYLOOP((#7407,#7363,#7411));
#8391=IFCFACEOUTERBOUND(#8390,.T.);
#8392=IFCFACE((#8391));
#8393=IFCPOLYLOOP((#7367,#7363,#7407));
#8394=IFCFACEOUTERBOUND(#8393,.T.);
#8395=IFCFACE((#8394));
#8396=IFCPOLYLOOP((#7363,#7359,#7411));
#8397=IFCFACEOUTERBOUND(#8396,.T.);
#8398=IFCFACE((#8397));
#8399=IFCPOLYLOOP((#7411,#7359,#7415));
#8400=IFCFACEOUTERBOUND(#8399,.T.);
#8401=IFCFACE((#8400));
#8402=IFCPOLYLOOP((#7415,#7359,#7419));
#8403=IFCFACEOUTERBOUND(#8402,.T.);
#8404=IFCFACE((#8403));
#8405=IFCPOLYLOOP((#7419,#7355,#7423));
#8406=IFCFACEOUTERBOUND(#8405,.T.);
#8407=IFCFACE((#8406));
#8408=IFCPOLYLOOP((#7359,#7355,#7419));
#8409=IFCFACEOUTERBOUND(#8408,.T.);
#8410=IFCFACE((#8409));
#8411=IFCPOLYLOOP((#7423,#7351,#7427));
#8412=IFCFACEOUTERBOUND(#8411,.T.);
#8413=IFCFACE((#8412));
#8414=IFCPOLYLOOP((#7355,#7351,#7423));
#8415=IFCFACEOUTERBOUND(#8414,.T.);
#8416=IFCFACE((#8415));
#8417=IFCPOLYLOOP((#7427,#7347,#7431));
#8418=IFCFACEOUTERBOUND(#8417,.T.);
#8419=IFCFACE((#8418));
#8420=IFCPOLYLOOP((#7351,#7347,#7427));
#8421=IFCFACEOUTERBOUND(#8420,.T.);
#8422=IFCFACE((#8421));
#8423=IFCPOLYLOOP((#7431,#7343,#7435));
#8424=IFCFACEOUTERBOUND(#8423,.T.);
#8425=IFCFACE((#8424));
#8426=IFCPOLYLOOP((#7435,#7343,#7439));
#8427=IFCFACEOUTERBOUND(#8426,.T.);
#8428=IFCFACE((#8427));
#8429=IFCPOLYLOOP((#7347,#7343,#7431));
#8430=IFCFACEOUTERBOUND(#8429,.T.);
#8431=IFCFACE((#8430));
#8432=IFCPOLYLOOP((#7439,#7339,#7443));
#8433=IFCFACEOUTERBOUND(#8432,.T.);
#8434=IFCFACE((#8433));
#8435=IFCPOLYLOOP((#7343,#7339,#7439));
#8436=IFCFACEOUTERBOUND(#8435,.T.);
#8437=IFCFACE((#8436));
#8438=IFCPOLYLOOP((#7443,#7335,#7450));
#8439=IFCFACEOUTERBOUND(#8438,.T.);
#8440=IFCFACE((#8439));
#8441=IFCPOLYLOOP((#7450,#7335,#7454));
#8442=IFCFACEOUTERBOUND(#8441,.T.);
#8443=IFCFACE((#8442));
#8444=IFCPOLYLOOP((#7339,#7335,#7443));
#8445=IFCFACEOUTERBOUND(#8444,.T.);
#8446=IFCFACE((#8445));
#8447=IFCPOLYLOOP((#7454,#7331,#7458));
#8448=IFCFACEOUTERBOUND(#8447,.T.);
#8449=IFCFACE((#8448));
#8450=IFCPOLYLOOP((#7335,#7331,#7454));
#8451=IFCFACEOUTERBOUND(#8450,.T.);
#8452=IFCFACE((#8451));
#8453=IFCPOLYLOOP((#7458,#7327,#7462));
#8454=IFCFACEOUTERBOUND(#8453,.T.);
#8455=IFCFACE((#8454));
#8456=IFCPOLYLOOP((#7462,#7327,#7466));
#8457=IFCFACEOUTERBOUND(#8456,.T.);
#8458=IFCFACE((#8457));
#8459=IFCPOLYLOOP((#7331,#7327,#7458));
#8460=IFCFACEOUTERBOUND(#8459,.T.);
#8461=IFCFACE((#8460));
#8462=IFCPOLYLOOP((#7327,#7323,#7466));
#8463=IFCFACEOUTERBOUND(#8462,.T.);
#8464=IFCFACE((#8463));
#8465=IFCPOLYLOOP((#7466,#7323,#7470));
#8466=IFCFACEOUTERBOUND(#8465,.T.);
#8467=IFCFACE((#8466));
#8468=IFCPOLYLOOP((#7470,#7319,#7474));
#8469=IFCFACEOUTERBOUND(#8468,.T.);
#8470=IFCFACE((#8469));
#8471=IFCPOLYLOOP((#7323,#7319,#7470));
#8472=IFCFACEOUTERBOUND(#8471,.T.);
#8473=IFCFACE((#8472));
#8474=IFCPOLYLOOP((#7474,#7315,#7478));
#8475=IFCFACEOUTERBOUND(#8474,.T.);
#8476=IFCFACE((#8475));
#8477=IFCPOLYLOOP((#7478,#7315,#7482));
#8478=IFCFACEOUTERBOUND(#8477,.T.);
#8479=IFCFACE((#8478));
#8480=IFCPOLYLOOP((#7319,#7315,#7474));
#8481=IFCFACEOUTERBOUND(#8480,.T.);
#8482=IFCFACE((#8481));
#8483=IFCPOLYLOOP((#7315,#7311,#7482));
#8484=IFCFACEOUTERBOUND(#8483,.T.);
#8485=IFCFACE((#8484));
#8486=IFCPOLYLOOP((#7482,#7311,#7486));
#8487=IFCFACEOUTERBOUND(#8486,.T.);
#8488=IFCFACE((#8487));
#8489=IFCPOLYLOOP((#7311,#7307,#7486));
#8490=IFCFACEOUTERBOUND(#8489,.T.);
#8491=IFCFACE((#8490));
#8492=IFCPOLYLOOP((#7486,#7307,#7490));
#8493=IFCFACEOUTERBOUND(#8492,.T.);
#8494=IFCFACE((#8493));
#8495=IFCPOLYLOOP((#7490,#7307,#7494));
#8496=IFCFACEOUTERBOUND(#8495,.T.);
#8497=IFCFACE((#8496));
#8498=IFCPOLYLOOP((#7307,#7303,#7494));
#8499=IFCFACEOUTERBOUND(#8498,.T.);
#8500=IFCFACE((#8499));
#8501=IFCPOLYLOOP((#7494,#7303,#7498));
#8502=IFCFACEOUTERBOUND(#8501,.T.);
#8503=IFCFACE((#8502));
#8504=IFCPOLYLOOP((#7303,#7299,#7498));
#8505=IFCFACEOUTERBOUND(#8504,.T.);
#8506=IFCFACE((#8505));
#8507=IFCPOLYLOOP((#7498,#7299,#7502));
#8508=IFCFACEOUTERBOUND(#8507,.T.);
#8509=IFCFACE((#8508));
#8510=IFCPOLYLOOP((#7502,#7299,#7506));
#8511=IFCFACEOUTERBOUND(#8510,.T.);
#8512=IFCFACE((#8511));
#8513=IFCPOLYLOOP((#7506,#7295,#7510));
#8514=IFCFACEOUTERBOUND(#8513,.T.);
#8515=IFCFACE((#8514));
#8516=IFCPOLYLOOP((#7299,#7295,#7506));
#8517=IFCFACEOUTERBOUND(#8516,.T.);
#8518=IFCFACE((#8517));
#8519=IFCPOLYLOOP((#7510,#7291,#7514));
#8520=IFCFACEOUTERBOUND(#8519,.T.);
#8521=IFCFACE((#8520));
#8522=IFCPOLYLOOP((#7514,#7291,#7518));
#8523=IFCFACEOUTERBOUND(#8522,.T.);
#8524=IFCFACE((#8523));
#8525=IFCPOLYLOOP((#7295,#7291,#7510));
#8526=IFCFACEOUTERBOUND(#8525,.T.);
#8527=IFCFACE((#8526));
#8528=IFCPOLYLOOP((#7518,#7287,#7522));
#8529=IFCFACEOUTERBOUND(#8528,.T.);
#8530=IFCFACE((#8529));
#8531=IFCPOLYLOOP((#7291,#7287,#7518));
#8532=IFCFACEOUTERBOUND(#8531,.T.);
#8533=IFCFACE((#8532));
#8534=IFCPOLYLOOP((#7522,#7249,#7255));
#8535=IFCFACEOUTERBOUND(#8534,.T.);
#8536=IFCFACE((#8535));
#8537=IFCPOLYLOOP((#7255,#7249,#7253));
#8538=IFCFACEOUTERBOUND(#8537,.T.);
#8539=IFCFACE((#8538));
#8540=IFCPOLYLOOP((#7287,#7249,#7522));
#8541=IFCFACEOUTERBOUND(#8540,.T.);
#8542=IFCFACE((#8541));
#8543=IFCPOLYLOOP((#7249,#7245,#7253));
#8544=IFCFACEOUTERBOUND(#8543,.T.);
#8545=IFCFACE((#8544));
#8546=IFCPOLYLOOP((#7253,#7245,#7259));
#8547=IFCFACEOUTERBOUND(#8546,.T.);
#8548=IFCFACE((#8547));
#8549=IFCPOLYLOOP((#7245,#7241,#7259));
#8550=IFCFACEOUTERBOUND(#8549,.T.);
#8551=IFCFACE((#8550));
#8552=IFCPOLYLOOP((#7259,#7241,#7263));
#8553=IFCFACEOUTERBOUND(#8552,.T.);
#8554=IFCFACE((#8553));
#8555=IFCPOLYLOOP((#7263,#7241,#7267));
#8556=IFCFACEOUTERBOUND(#8555,.T.);
#8557=IFCFACE((#8556));
#8558=IFCPOLYLOOP((#7241,#7237,#7267));
#8559=IFCFACEOUTERBOUND(#8558,.T.);
#8560=IFCFACE((#8559));
#8561=IFCCARTESIANPOINT((0.317392398764696,0.00600963257732012,11.6900000000005));
#8562=IFCPOLYLOOP((#7237,#8561,#7267));
#8563=IFCFACEOUTERBOUND(#8562,.T.);
#8564=IFCFACE((#8563));
#8565=IFCPOLYLOOP((#7267,#8561,#7271));
#8566=IFCFACEOUTERBOUND(#8565,.T.);
#8567=IFCFACE((#8566));
#8568=IFCPOLYLOOP((#7271,#8561,#7275));
#8569=IFCFACEOUTERBOUND(#8568,.T.);
#8570=IFCFACE((#8569));
#8571=IFCPOLYLOOP((#7237,#7233,#8561));
#8572=IFCFACEOUTERBOUND(#8571,.T.);
#8573=IFCFACE((#8572));
#8574=IFCCARTESIANPOINT((0.317392398764696,-0.04260760123528,11.6900000000005));
#8575=IFCPOLYLOOP((#7279,#7275,#8574));
#8576=IFCFACEOUTERBOUND(#8575,.T.);
#8577=IFCFACE((#8576));
#8578=IFCPOLYLOOP((#7279,#8574,#8095));
#8579=IFCFACEOUTERBOUND(#8578,.T.);
#8580=IFCFACE((#8579));
#8581=IFCCARTESIANPOINT((0.402607601235275,-0.00478035217679373,11.6900000000005));
#8582=IFCPOLYLOOP((#7566,#8581,#7562));
#8583=IFCFACEOUTERBOUND(#8582,.T.);
#8584=IFCFACE((#8583));
#8585=IFCPOLYLOOP((#8581,#7558,#7562));
#8586=IFCFACEOUTERBOUND(#8585,.T.);
#8587=IFCFACE((#8586));
#8588=IFCPOLYLOOP((#7532,#7536,#8581));
#8589=IFCFACEOUTERBOUND(#8588,.T.);
#8590=IFCFACE((#8589));
#8591=IFCPOLYLOOP((#8581,#7536,#7558));
#8592=IFCFACEOUTERBOUND(#8591,.T.);
#8593=IFCFACE((#8592));
#8594=IFCPOLYLOOP((#7554,#7540,#7549));
#8595=IFCFACEOUTERBOUND(#8594,.T.);
#8596=IFCFACE((#8595));
#8597=IFCPOLYLOOP((#7558,#7540,#7554));
#8598=IFCFACEOUTERBOUND(#8597,.T.);
#8599=IFCFACE((#8598));
#8600=IFCPOLYLOOP((#7536,#7540,#7558));
#8601=IFCFACEOUTERBOUND(#8600,.T.);
#8602=IFCFACE((#8601));
#8603=IFCPOLYLOOP((#7549,#7544,#7550));
#8604=IFCFACEOUTERBOUND(#8603,.T.);
#8605=IFCFACE((#8604));
#8606=IFCPOLYLOOP((#7540,#7544,#7549));
#8607=IFCFACEOUTERBOUND(#8606,.T.);
#8608=IFCFACE((#8607));
#8609=IFCPOLYLOOP((#7544,#7578,#7550));
#8610=IFCFACEOUTERBOUND(#8609,.T.);
#8611=IFCFACE((#8610));
#8612=IFCPOLYLOOP((#7821,#7578,#7817));
#8613=IFCFACEOUTERBOUND(#8612,.T.);
#8614=IFCFACE((#8613));
#8615=IFCPOLYLOOP((#7550,#7578,#7821));
#8616=IFCFACEOUTERBOUND(#8615,.T.);
#8617=IFCFACE((#8616));
#8618=IFCPOLYLOOP((#7578,#7582,#7817));
#8619=IFCFACEOUTERBOUND(#8618,.T.);
#8620=IFCFACE((#8619));
#8621=IFCPOLYLOOP((#7817,#7582,#7813));
#8622=IFCFACEOUTERBOUND(#8621,.T.);
#8623=IFCFACE((#8622));
#8624=IFCPOLYLOOP((#7582,#7586,#7813));
#8625=IFCFACEOUTERBOUND(#8624,.T.);
#8626=IFCFACE((#8625));
#8627=IFCPOLYLOOP((#7809,#7586,#7805));
#8628=IFCFACEOUTERBOUND(#8627,.T.);
#8629=IFCFACE((#8628));
#8630=IFCPOLYLOOP((#7813,#7586,#7809));
#8631=IFCFACEOUTERBOUND(#8630,.T.);
#8632=IFCFACE((#8631));
#8633=IFCPOLYLOOP((#7686,#7678,#7682));
#8634=IFCFACEOUTERBOUND(#8633,.T.);
#8635=IFCFACE((#8634));
#8636=IFCPOLYLOOP((#7690,#7674,#7686));
#8637=IFCFACEOUTERBOUND(#8636,.T.);
#8638=IFCFACE((#8637));
#8639=IFCPOLYLOOP((#7686,#7674,#7678));
#8640=IFCFACEOUTERBOUND(#8639,.T.);
#8641=IFCFACE((#8640));
#8642=IFCPOLYLOOP((#7694,#7670,#7690));
#8643=IFCFACEOUTERBOUND(#8642,.T.);
#8644=IFCFACE((#8643));
#8645=IFCPOLYLOOP((#7690,#7670,#7674));
#8646=IFCFACEOUTERBOUND(#8645,.T.);
#8647=IFCFACE((#8646));
#8648=IFCPOLYLOOP((#7698,#7666,#7694));
#8649=IFCFACEOUTERBOUND(#8648,.T.);
#8650=IFCFACE((#8649));
#8651=IFCPOLYLOOP((#7694,#7666,#7670));
#8652=IFCFACEOUTERBOUND(#8651,.T.);
#8653=IFCFACE((#8652));
#8654=IFCPOLYLOOP((#7805,#7590,#7801));
#8655=IFCFACEOUTERBOUND(#8654,.T.);
#8656=IFCFACE((#8655));
#8657=IFCPOLYLOOP((#7586,#7590,#7805));
#8658=IFCFACEOUTERBOUND(#8657,.T.);
#8659=IFCFACE((#8658));
#8660=IFCPOLYLOOP((#7702,#7662,#7698));
#8661=IFCFACEOUTERBOUND(#8660,.T.);
#8662=IFCFACE((#8661));
#8663=IFCPOLYLOOP((#7698,#7662,#7666));
#8664=IFCFACEOUTERBOUND(#8663,.T.);
#8665=IFCFACE((#8664));
#8666=IFCPOLYLOOP((#7706,#7658,#7702));
#8667=IFCFACEOUTERBOUND(#8666,.T.);
#8668=IFCFACE((#8667));
#8669=IFCPOLYLOOP((#7702,#7658,#7662));
#8670=IFCFACEOUTERBOUND(#8669,.T.);
#8671=IFCFACE((#8670));
#8672=IFCPOLYLOOP((#7710,#7654,#7706));
#8673=IFCFACEOUTERBOUND(#8672,.T.);
#8674=IFCFACE((#8673));
#8675=IFCPOLYLOOP((#7714,#7654,#7710));
#8676=IFCFACEOUTERBOUND(#8675,.T.);
#8677=IFCFACE((#8676));
#8678=IFCPOLYLOOP((#7706,#7654,#7658));
#8679=IFCFACEOUTERBOUND(#8678,.T.);
#8680=IFCFACE((#8679));
#8681=IFCPOLYLOOP((#7718,#7650,#7714));
#8682=IFCFACEOUTERBOUND(#8681,.T.);
#8683=IFCFACE((#8682));
#8684=IFCPOLYLOOP((#7714,#7650,#7654));
#8685=IFCFACEOUTERBOUND(#8684,.T.);
#8686=IFCFACE((#8685));
#8687=IFCPOLYLOOP((#7797,#7594,#7793));
#8688=IFCFACEOUTERBOUND(#8687,.T.);
#8689=IFCFACE((#8688));
#8690=IFCPOLYLOOP((#7801,#7594,#7797));
#8691=IFCFACEOUTERBOUND(#8690,.T.);
#8692=IFCFACE((#8691));
#8693=IFCPOLYLOOP((#7590,#7594,#7801));
#8694=IFCFACEOUTERBOUND(#8693,.T.);
#8695=IFCFACE((#8694));
#8696=IFCPOLYLOOP((#7722,#7646,#7718));
#8697=IFCFACEOUTERBOUND(#8696,.T.);
#8698=IFCFACE((#8697));
#8699=IFCPOLYLOOP((#7718,#7646,#7650));
#8700=IFCFACEOUTERBOUND(#8699,.T.);
#8701=IFCFACE((#8700));
#8702=IFCPOLYLOOP((#7726,#7642,#7722));
#8703=IFCFACEOUTERBOUND(#8702,.T.);
#8704=IFCFACE((#8703));
#8705=IFCPOLYLOOP((#7722,#7642,#7646));
#8706=IFCFACEOUTERBOUND(#8705,.T.);
#8707=IFCFACE((#8706));
#8708=IFCPOLYLOOP((#7730,#7638,#7726));
#8709=IFCFACEOUTERBOUND(#8708,.T.);
#8710=IFCFACE((#8709));
#8711=IFCPOLYLOOP((#7737,#7638,#7730));
#8712=IFCFACEOUTERBOUND(#8711,.T.);
#8713=IFCFACE((#8712));
#8714=IFCPOLYLOOP((#7726,#7638,#7642));
#8715=IFCFACEOUTERBOUND(#8714,.T.);
#8716=IFCFACE((#8715));
#8717=IFCPOLYLOOP((#7793,#7598,#7789));
#8718=IFCFACEOUTERBOUND(#8717,.T.);
#8719=IFCFACE((#8718));
#8720=IFCPOLYLOOP((#7594,#7598,#7793));
#8721=IFCFACEOUTERBOUND(#8720,.T.);
#8722=IFCFACE((#8721));
#8723=IFCPOLYLOOP((#7737,#7634,#7638));
#8724=IFCFACEOUTERBOUND(#8723,.T.);
#8725=IFCFACE((#8724));
#8726=IFCPOLYLOOP((#7741,#7634,#7737));
#8727=IFCFACEOUTERBOUND(#8726,.T.);
#8728=IFCFACE((#8727));
#8729=IFCPOLYLOOP((#7745,#7630,#7741));
#8730=IFCFACEOUTERBOUND(#8729,.T.);
#8731=IFCFACE((#8730));
#8732=IFCPOLYLOOP((#7741,#7630,#7634));
#8733=IFCFACEOUTERBOUND(#8732,.T.);
#8734=IFCFACE((#8733));
#8735=IFCPOLYLOOP((#7749,#7630,#7745));
#8736=IFCFACEOUTERBOUND(#8735,.T.);
#8737=IFCFACE((#8736));
#8738=IFCPOLYLOOP((#7785,#7602,#7781));
#8739=IFCFACEOUTERBOUND(#8738,.T.);
#8740=IFCFACE((#8739));
#8741=IFCPOLYLOOP((#7789,#7602,#7785));
#8742=IFCFACEOUTERBOUND(#8741,.T.);
#8743=IFCFACE((#8742));
#8744=IFCPOLYLOOP((#7598,#7602,#7789));
#8745=IFCFACEOUTERBOUND(#8744,.T.);
#8746=IFCFACE((#8745));
#8747=IFCPOLYLOOP((#7749,#7626,#7630));
#8748=IFCFACEOUTERBOUND(#8747,.T.);
#8749=IFCFACE((#8748));
#8750=IFCPOLYLOOP((#7753,#7626,#7749));
#8751=IFCFACEOUTERBOUND(#8750,.T.);
#8752=IFCFACE((#8751));
#8753=IFCPOLYLOOP((#7602,#7606,#7781));
#8754=IFCFACEOUTERBOUND(#8753,.T.);
#8755=IFCFACE((#8754));
#8756=IFCPOLYLOOP((#7781,#7606,#7777));
#8757=IFCFACEOUTERBOUND(#8756,.T.);
#8758=IFCFACE((#8757));
#8759=IFCPOLYLOOP((#7753,#7622,#7626));
#8760=IFCFACEOUTERBOUND(#8759,.T.);
#8761=IFCFACE((#8760));
#8762=IFCPOLYLOOP((#7757,#7622,#7753));
#8763=IFCFACEOUTERBOUND(#8762,.T.);
#8764=IFCFACE((#8763));
#8765=IFCPOLYLOOP((#7761,#7622,#7757));
#8766=IFCFACEOUTERBOUND(#8765,.T.);
#8767=IFCFACE((#8766));
#8768=IFCPOLYLOOP((#7761,#7618,#7622));
#8769=IFCFACEOUTERBOUND(#8768,.T.);
#8770=IFCFACE((#8769));
#8771=IFCPOLYLOOP((#7765,#7618,#7761));
#8772=IFCFACEOUTERBOUND(#8771,.T.);
#8773=IFCFACE((#8772));
#8774=IFCPOLYLOOP((#7606,#7610,#7777));
#8775=IFCFACEOUTERBOUND(#8774,.T.);
#8776=IFCFACE((#8775));
#8777=IFCPOLYLOOP((#7773,#7610,#7769));
#8778=IFCFACEOUTERBOUND(#8777,.T.);
#8779=IFCFACE((#8778));
#8780=IFCPOLYLOOP((#7777,#7610,#7773));
#8781=IFCFACEOUTERBOUND(#8780,.T.);
#8782=IFCFACE((#8781));
#8783=IFCPOLYLOOP((#7610,#7614,#7769));
#8784=IFCFACEOUTERBOUND(#8783,.T.);
#8785=IFCFACE((#8784));
#8786=IFCPOLYLOOP((#7765,#7614,#7618));
#8787=IFCFACEOUTERBOUND(#8786,.T.);
#8788=IFCFACE((#8787));
#8789=IFCPOLYLOOP((#7769,#7614,#7765));
#8790=IFCFACEOUTERBOUND(#8789,.T.);
#8791=IFCFACE((#8790));
#8792=IFCCARTESIANPOINT((0.402607601235275,-0.0426076012352801,11.6900000000005));
#8793=IFCPOLYLOOP((#8792,#7570,#8062));
#8794=IFCFACEOUTERBOUND(#8793,.T.);
#8795=IFCFACE((#8794));
#8796=IFCPOLYLOOP((#7566,#7570,#8792));
#8797=IFCFACEOUTERBOUND(#8796,.T.);
#8798=IFCFACE((#8797));
#8799=IFCCARTESIANPOINT((0.27038720421217,0.0796127957878079,11.598189454));
#8800=IFCPOLYLOOP((#8799,#8561,#7233));
#8801=IFCFACEOUTERBOUND(#8800,.T.);
#8802=IFCFACE((#8801));
#8803=IFCPOLYLOOP((#8799,#7233,#7831));
#8804=IFCFACEOUTERBOUND(#8803,.T.);
#8805=IFCFACE((#8804));
#8806=IFCCARTESIANPOINT((0.27038720421217,0.0896127957878079,11.598189454));
#8807=IFCPOLYLOOP((#8799,#7831,#8806));
#8808=IFCFACEOUTERBOUND(#8807,.T.);
#8809=IFCFACE((#8808));
#8810=IFCCARTESIANPOINT((0.27038720421217,-0.0796127957878078,11.598189454));
#8811=IFCPOLYLOOP((#8810,#8574,#7275));
#8812=IFCFACEOUTERBOUND(#8811,.T.);
#8813=IFCFACE((#8812));
#8814=IFCPOLYLOOP((#8810,#7275,#8561));
#8815=IFCFACEOUTERBOUND(#8814,.T.);
#8816=IFCFACE((#8815));
#8817=IFCPOLYLOOP((#8810,#8561,#8799));
#8818=IFCFACEOUTERBOUND(#8817,.T.);
#8819=IFCFACE((#8818));
#8820=IFCCARTESIANPOINT((0.27038720421217,-0.0896127957878078,11.598189454));
#8821=IFCPOLYLOOP((#8820,#8574,#8810));
#8822=IFCFACEOUTERBOUND(#8821,.T.);
#8823=IFCFACE((#8822));
#8824=IFCCARTESIANPOINT((0.439612795787809,0.0896127957878079,11.598189454));
#8825=IFCPOLYLOOP((#8824,#7838,#6976));
#8826=IFCFACEOUTERBOUND(#8825,.T.);
#8827=IFCFACE((#8826));
#8828=IFCPOLYLOOP((#8824,#6976,#8049));
#8829=IFCFACEOUTERBOUND(#8828,.T.);
#8830=IFCFACE((#8829));
#8831=IFCCARTESIANPOINT((0.4496127957878,0.0896127957878079,11.598189454));
#8832=IFCPOLYLOOP((#8824,#8049,#8831));
#8833=IFCFACEOUTERBOUND(#8832,.T.);
#8834=IFCFACE((#8833));
#8835=IFCCARTESIANPOINT((0.280387204212218,0.0896127957878079,11.598189454));
#8836=IFCPOLYLOOP((#8835,#7831,#6932));
#8837=IFCFACEOUTERBOUND(#8836,.T.);
#8838=IFCFACE((#8837));
#8839=IFCPOLYLOOP((#8835,#6932,#7838));
#8840=IFCFACEOUTERBOUND(#8839,.T.);
#8841=IFCFACE((#8840));
#8842=IFCPOLYLOOP((#8835,#7838,#8824));
#8843=IFCFACEOUTERBOUND(#8842,.T.);
#8844=IFCFACE((#8843));
#8845=IFCPOLYLOOP((#8806,#7831,#8835));
#8846=IFCFACEOUTERBOUND(#8845,.T.);
#8847=IFCFACE((#8846));
#8848=IFCCARTESIANPOINT((0.4496127957878,-0.0796127957878078,11.598189454));
#8849=IFCPOLYLOOP((#8848,#8581,#7566));
#8850=IFCFACEOUTERBOUND(#8849,.T.);
#8851=IFCFACE((#8850));
#8852=IFCPOLYLOOP((#8848,#7566,#8792));
#8853=IFCFACEOUTERBOUND(#8852,.T.);
#8854=IFCFACE((#8853));
#8855=IFCCARTESIANPOINT((0.4496127957878,-0.0896127957878078,11.598189454));
#8856=IFCPOLYLOOP((#8848,#8792,#8855));
#8857=IFCFACEOUTERBOUND(#8856,.T.);
#8858=IFCFACE((#8857));
#8859=IFCCARTESIANPOINT((0.4496127957878,0.0796127957878079,11.598189454));
#8860=IFCPOLYLOOP((#8859,#8049,#7532));
#8861=IFCFACEOUTERBOUND(#8860,.T.);
#8862=IFCFACE((#8861));
#8863=IFCPOLYLOOP((#8859,#7532,#8581));
#8864=IFCFACEOUTERBOUND(#8863,.T.);
#8865=IFCFACE((#8864));
#8866=IFCPOLYLOOP((#8859,#8581,#8848));
#8867=IFCFACEOUTERBOUND(#8866,.T.);
#8868=IFCFACE((#8867));
#8869=IFCPOLYLOOP((#8831,#8049,#8859));
#8870=IFCFACEOUTERBOUND(#8869,.T.);
#8871=IFCFACE((#8870));
#8872=IFCPOLYLOOP((#8214,#8206,#8210));
#8873=IFCFACEOUTERBOUND(#8872,.T.);
#8874=IFCFACE((#8873));
#8875=IFCPOLYLOOP((#8214,#8202,#8206));
#8876=IFCFACEOUTERBOUND(#8875,.T.);
#8877=IFCFACE((#8876));
#8878=IFCPOLYLOOP((#8218,#8202,#8214));
#8879=IFCFACEOUTERBOUND(#8878,.T.);
#8880=IFCFACE((#8879));
#8881=IFCPOLYLOOP((#8218,#8198,#8202));
#8882=IFCFACEOUTERBOUND(#8881,.T.);
#8883=IFCFACE((#8882));
#8884=IFCPOLYLOOP((#8222,#8198,#8218));
#8885=IFCFACEOUTERBOUND(#8884,.T.);
#8886=IFCFACE((#8885));
#8887=IFCPOLYLOOP((#8226,#8194,#8222));
#8888=IFCFACEOUTERBOUND(#8887,.T.);
#8889=IFCFACE((#8888));
#8890=IFCPOLYLOOP((#8222,#8194,#8198));
#8891=IFCFACEOUTERBOUND(#8890,.T.);
#8892=IFCFACE((#8891));
#8893=IFCPOLYLOOP((#8230,#8190,#8226));
#8894=IFCFACEOUTERBOUND(#8893,.T.);
#8895=IFCFACE((#8894));
#8896=IFCPOLYLOOP((#8234,#8190,#8230));
#8897=IFCFACEOUTERBOUND(#8896,.T.);
#8898=IFCFACE((#8897));
#8899=IFCPOLYLOOP((#8226,#8190,#8194));
#8900=IFCFACEOUTERBOUND(#8899,.T.);
#8901=IFCFACE((#8900));
#8902=IFCPOLYLOOP((#8238,#8186,#8234));
#8903=IFCFACEOUTERBOUND(#8902,.T.);
#8904=IFCFACE((#8903));
#8905=IFCPOLYLOOP((#8234,#8186,#8190));
#8906=IFCFACEOUTERBOUND(#8905,.T.);
#8907=IFCFACE((#8906));
#8908=IFCPOLYLOOP((#8238,#8182,#8186));
#8909=IFCFACEOUTERBOUND(#8908,.T.);
#8910=IFCFACE((#8909));
#8911=IFCPOLYLOOP((#8242,#8182,#8238));
#8912=IFCFACEOUTERBOUND(#8911,.T.);
#8913=IFCFACE((#8912));
#8914=IFCPOLYLOOP((#8246,#8178,#8242));
#8915=IFCFACEOUTERBOUND(#8914,.T.);
#8916=IFCFACE((#8915));
#8917=IFCPOLYLOOP((#8242,#8178,#8182));
#8918=IFCFACEOUTERBOUND(#8917,.T.);
#8919=IFCFACE((#8918));
#8920=IFCPOLYLOOP((#8250,#8174,#8246));
#8921=IFCFACEOUTERBOUND(#8920,.T.);
#8922=IFCFACE((#8921));
#8923=IFCPOLYLOOP((#8254,#8174,#8250));
#8924=IFCFACEOUTERBOUND(#8923,.T.);
#8925=IFCFACE((#8924));
#8926=IFCPOLYLOOP((#8246,#8174,#8178));
#8927=IFCFACEOUTERBOUND(#8926,.T.);
#8928=IFCFACE((#8927));
#8929=IFCPOLYLOOP((#8258,#8170,#8254));
#8930=IFCFACEOUTERBOUND(#8929,.T.);
#8931=IFCFACE((#8930));
#8932=IFCPOLYLOOP((#8254,#8170,#8174));
#8933=IFCFACEOUTERBOUND(#8932,.T.);
#8934=IFCFACE((#8933));
#8935=IFCPOLYLOOP((#8258,#8166,#8170));
#8936=IFCFACEOUTERBOUND(#8935,.T.);
#8937=IFCFACE((#8936));
#8938=IFCPOLYLOOP((#8265,#8166,#8258));
#8939=IFCFACEOUTERBOUND(#8938,.T.);
#8940=IFCFACE((#8939));
#8941=IFCPOLYLOOP((#8269,#8166,#8265));
#8942=IFCFACEOUTERBOUND(#8941,.T.);
#8943=IFCFACE((#8942));
#8944=IFCPOLYLOOP((#8273,#8162,#8269));
#8945=IFCFACEOUTERBOUND(#8944,.T.);
#8946=IFCFACE((#8945));
#8947=IFCPOLYLOOP((#8269,#8162,#8166));
#8948=IFCFACEOUTERBOUND(#8947,.T.);
#8949=IFCFACE((#8948));
#8950=IFCPOLYLOOP((#8277,#8158,#8273));
#8951=IFCFACEOUTERBOUND(#8950,.T.);
#8952=IFCFACE((#8951));
#8953=IFCPOLYLOOP((#8281,#8158,#8277));
#8954=IFCFACEOUTERBOUND(#8953,.T.);
#8955=IFCFACE((#8954));
#8956=IFCPOLYLOOP((#8273,#8158,#8162));
#8957=IFCFACEOUTERBOUND(#8956,.T.);
#8958=IFCFACE((#8957));
#8959=IFCPOLYLOOP((#8281,#8154,#8158));
#8960=IFCFACEOUTERBOUND(#8959,.T.);
#8961=IFCFACE((#8960));
#8962=IFCPOLYLOOP((#8285,#8154,#8281));
#8963=IFCFACEOUTERBOUND(#8962,.T.);
#8964=IFCFACE((#8963));
#8965=IFCPOLYLOOP((#8289,#8150,#8285));
#8966=IFCFACEOUTERBOUND(#8965,.T.);
#8967=IFCFACE((#8966));
#8968=IFCPOLYLOOP((#8285,#8150,#8154));
#8969=IFCFACEOUTERBOUND(#8968,.T.);
#8970=IFCFACE((#8969));
#8971=IFCPOLYLOOP((#8293,#8146,#8289));
#8972=IFCFACEOUTERBOUND(#8971,.T.);
#8973=IFCFACE((#8972));
#8974=IFCPOLYLOOP((#8297,#8146,#8293));
#8975=IFCFACEOUTERBOUND(#8974,.T.);
#8976=IFCFACE((#8975));
#8977=IFCPOLYLOOP((#8289,#8146,#8150));
#8978=IFCFACEOUTERBOUND(#8977,.T.);
#8979=IFCFACE((#8978));
#8980=IFCPOLYLOOP((#8301,#8142,#8297));
#8981=IFCFACEOUTERBOUND(#8980,.T.);
#8982=IFCFACE((#8981));
#8983=IFCPOLYLOOP((#8297,#8142,#8146));
#8984=IFCFACEOUTERBOUND(#8983,.T.);
#8985=IFCFACE((#8984));
#8986=IFCPOLYLOOP((#8305,#8138,#8301));
#8987=IFCFACEOUTERBOUND(#8986,.T.);
#8988=IFCFACE((#8987));
#8989=IFCPOLYLOOP((#8309,#8138,#8305));
#8990=IFCFACEOUTERBOUND(#8989,.T.);
#8991=IFCFACE((#8990));
#8992=IFCPOLYLOOP((#8301,#8138,#8142));
#8993=IFCFACEOUTERBOUND(#8992,.T.);
#8994=IFCFACE((#8993));
#8995=IFCPOLYLOOP((#8309,#8134,#8138));
#8996=IFCFACEOUTERBOUND(#8995,.T.);
#8997=IFCFACE((#8996));
#8998=IFCPOLYLOOP((#8313,#8134,#8309));
#8999=IFCFACEOUTERBOUND(#8998,.T.);
#9000=IFCFACE((#8999));
#9001=IFCPOLYLOOP((#8317,#8130,#8313));
#9002=IFCFACEOUTERBOUND(#9001,.T.);
#9003=IFCFACE((#9002));
#9004=IFCPOLYLOOP((#8321,#8130,#8317));
#9005=IFCFACEOUTERBOUND(#9004,.T.);
#9006=IFCFACE((#9005));
#9007=IFCPOLYLOOP((#8313,#8130,#8134));
#9008=IFCFACEOUTERBOUND(#9007,.T.);
#9009=IFCFACE((#9008));
#9010=IFCPOLYLOOP((#8321,#8126,#8130));
#9011=IFCFACEOUTERBOUND(#9010,.T.);
#9012=IFCFACE((#9011));
#9013=IFCPOLYLOOP((#8325,#8126,#8321));
#9014=IFCFACEOUTERBOUND(#9013,.T.);
#9015=IFCFACE((#9014));
#9016=IFCPOLYLOOP((#8325,#8122,#8126));
#9017=IFCFACEOUTERBOUND(#9016,.T.);
#9018=IFCFACE((#9017));
#9019=IFCPOLYLOOP((#8329,#8122,#8325));
#9020=IFCFACEOUTERBOUND(#9019,.T.);
#9021=IFCFACE((#9020));
#9022=IFCPOLYLOOP((#8329,#8118,#8122));
#9023=IFCFACEOUTERBOUND(#9022,.T.);
#9024=IFCFACE((#9023));
#9025=IFCPOLYLOOP((#8333,#8118,#8329));
#9026=IFCFACEOUTERBOUND(#9025,.T.);
#9027=IFCFACE((#9026));
#9028=IFCPOLYLOOP((#8337,#8118,#8333));
#9029=IFCFACEOUTERBOUND(#9028,.T.);
#9030=IFCFACE((#9029));
#9031=IFCPOLYLOOP((#8337,#8114,#8118));
#9032=IFCFACEOUTERBOUND(#9031,.T.);
#9033=IFCFACE((#9032));
#9034=IFCPOLYLOOP((#8341,#8114,#8337));
#9035=IFCFACEOUTERBOUND(#9034,.T.);
#9036=IFCFACE((#9035));
#9037=IFCPOLYLOOP((#8341,#8110,#8114));
#9038=IFCFACEOUTERBOUND(#9037,.T.);
#9039=IFCFACE((#9038));
#9040=IFCPOLYLOOP((#8345,#8110,#8341));
#9041=IFCFACEOUTERBOUND(#9040,.T.);
#9042=IFCFACE((#9041));
#9043=IFCPOLYLOOP((#8349,#8110,#8345));
#9044=IFCFACEOUTERBOUND(#9043,.T.);
#9045=IFCFACE((#9044));
#9046=IFCPOLYLOOP((#8349,#8106,#8110));
#9047=IFCFACEOUTERBOUND(#9046,.T.);
#9048=IFCFACE((#9047));
#9049=IFCPOLYLOOP((#8353,#8106,#8349));
#9050=IFCFACEOUTERBOUND(#9049,.T.);
#9051=IFCFACE((#9050));
#9052=IFCPOLYLOOP((#8353,#8074,#8106));
#9053=IFCFACEOUTERBOUND(#9052,.T.);
#9054=IFCFACE((#9053));
#9055=IFCPOLYLOOP((#8079,#8074,#8353));
#9056=IFCFACEOUTERBOUND(#9055,.T.);
#9057=IFCFACE((#9056));
#9058=IFCPOLYLOOP((#8078,#8074,#8079));
#9059=IFCFACEOUTERBOUND(#9058,.T.);
#9060=IFCFACE((#9059));
#9061=IFCPOLYLOOP((#8078,#8070,#8074));
#9062=IFCFACEOUTERBOUND(#9061,.T.);
#9063=IFCFACE((#9062));
#9064=IFCPOLYLOOP((#8083,#8070,#8078));
#9065=IFCFACEOUTERBOUND(#9064,.T.);
#9066=IFCFACE((#9065));
#9067=IFCPOLYLOOP((#8087,#8070,#8083));
#9068=IFCFACEOUTERBOUND(#9067,.T.);
#9069=IFCFACE((#9068));
#9070=IFCCARTESIANPOINT((0.353773964675497,-0.04260760123528,11.6900000000005));
#9071=IFCPOLYLOOP((#8091,#9070,#8087));
#9072=IFCFACEOUTERBOUND(#9071,.T.);
#9073=IFCFACE((#9072));
#9074=IFCPOLYLOOP((#8095,#9070,#8091));
#9075=IFCFACEOUTERBOUND(#9074,.T.);
#9076=IFCFACE((#9075));
#9077=IFCPOLYLOOP((#8087,#8066,#8070));
#9078=IFCFACEOUTERBOUND(#9077,.T.);
#9079=IFCFACE((#9078));
#9080=IFCPOLYLOOP((#9070,#8066,#8087));
#9081=IFCFACEOUTERBOUND(#9080,.T.);
#9082=IFCFACE((#9081));
#9083=IFCPOLYLOOP((#9070,#8062,#8066));
#9084=IFCFACEOUTERBOUND(#9083,.T.);
#9085=IFCFACE((#9084));
#9086=IFCCARTESIANPOINT((0.280387204212218,-0.0896127957878078,11.598189454));
#9087=IFCPOLYLOOP((#9086,#9070,#8095));
#9088=IFCFACEOUTERBOUND(#9087,.T.);
#9089=IFCFACE((#9088));
#9090=IFCPOLYLOOP((#9086,#8095,#8574));
#9091=IFCFACEOUTERBOUND(#9090,.T.);
#9092=IFCFACE((#9091));
#9093=IFCPOLYLOOP((#9086,#8574,#8820));
#9094=IFCFACEOUTERBOUND(#9093,.T.);
#9095=IFCFACE((#9094));
#9096=IFCCARTESIANPOINT((0.439612795787809,-0.0896127957878078,11.598189454));
#9097=IFCPOLYLOOP((#9096,#8792,#8062));
#9098=IFCFACEOUTERBOUND(#9097,.T.);
#9099=IFCFACE((#9098));
#9100=IFCPOLYLOOP((#9096,#8062,#9070));
#9101=IFCFACEOUTERBOUND(#9100,.T.);
#9102=IFCFACE((#9101));
#9103=IFCPOLYLOOP((#9096,#9070,#9086));
#9104=IFCFACEOUTERBOUND(#9103,.T.);
#9105=IFCFACE((#9104));
#9106=IFCPOLYLOOP((#8855,#8792,#9096));
#9107=IFCFACEOUTERBOUND(#9106,.T.);
#9108=IFCFACE((#9107));
#9109=IFCCARTESIANPOINT((0.280387204212218,-0.0796127957878078,11.598189454));
#9110=IFCPOLYLOOP((#9109,#9086,#8820));
#9111=IFCFACEOUTERBOUND(#9110,.T.);
#9112=IFCFACE((#9111));
#9113=IFCPOLYLOOP((#9109,#8820,#8810));
#9114=IFCFACEOUTERBOUND(#9113,.T.);
#9115=IFCFACE((#9114));
#9116=IFCPOLYLOOP((#9109,#8810,#8799));
#9117=IFCFACEOUTERBOUND(#9116,.T.);
#9118=IFCFACE((#9117));
#9119=IFCCARTESIANPOINT((0.280387204212218,0.0796127957878079,11.598189454));
#9120=IFCPOLYLOOP((#9109,#8799,#9119));
#9121=IFCFACEOUTERBOUND(#9120,.T.);
#9122=IFCFACE((#9121));
#9123=IFCPOLYLOOP((#8799,#8806,#8835));
#9124=IFCFACEOUTERBOUND(#9123,.T.);
#9125=IFCFACE((#9124));
#9126=IFCPOLYLOOP((#8799,#8835,#9119));
#9127=IFCFACEOUTERBOUND(#9126,.T.);
#9128=IFCFACE((#9127));
#9129=IFCCARTESIANPOINT((0.439612795787809,0.0796127957878079,11.598189454));
#9130=IFCPOLYLOOP((#8835,#8824,#9129));
#9131=IFCFACEOUTERBOUND(#9130,.T.);
#9132=IFCFACE((#9131));
#9133=IFCPOLYLOOP((#9119,#8835,#9129));
#9134=IFCFACEOUTERBOUND(#9133,.T.);
#9135=IFCFACE((#9134));
#9136=IFCPOLYLOOP((#9129,#8824,#8831));
#9137=IFCFACEOUTERBOUND(#9136,.T.);
#9138=IFCFACE((#9137));
#9139=IFCPOLYLOOP((#9129,#8831,#8859));
#9140=IFCFACEOUTERBOUND(#9139,.T.);
#9141=IFCFACE((#9140));
#9142=IFCPOLYLOOP((#9129,#8859,#8848));
#9143=IFCFACEOUTERBOUND(#9142,.T.);
#9144=IFCFACE((#9143));
#9145=IFCCARTESIANPOINT((0.439612795787809,-0.0796127957878078,11.598189454));
#9146=IFCPOLYLOOP((#9129,#8848,#9145));
#9147=IFCFACEOUTERBOUND(#9146,.T.);
#9148=IFCFACE((#9147));
#9149=IFCPOLYLOOP((#9145,#8855,#9096));
#9150=IFCFACEOUTERBOUND(#9149,.T.);
#9151=IFCFACE((#9150));
#9152=IFCPOLYLOOP((#8848,#8855,#9145));
#9153=IFCFACEOUTERBOUND(#9152,.T.);
#9154=IFCFACE((#9153));
#9155=IFCPOLYLOOP((#9096,#9086,#9109));
#9156=IFCFACEOUTERBOUND(#9155,.T.);
#9157=IFCFACE((#9156));
#9158=IFCPOLYLOOP((#9145,#9096,#9109));
#9159=IFCFACEOUTERBOUND(#9158,.T.);
#9160=IFCFACE((#9159));
#9161=IFCCARTESIANPOINT((0.230387204212207,0.119612795787808,11.4581894540006));
#9162=IFCCARTESIANPOINT((0.230387204212207,0.129612795787808,11.4581894540006));
#9163=IFCPOLYLOOP((#9161,#9119,#9162));
#9164=IFCFACEOUTERBOUND(#9163,.T.);
#9165=IFCFACE((#9164));
#9166=IFCPOLYLOOP((#9109,#9119,#9161));
#9167=IFCFACEOUTERBOUND(#9166,.T.);
#9168=IFCFACE((#9167));
#9169=IFCCARTESIANPOINT((0.230387204212207,-0.119612795787808,11.4581894540006));
#9170=IFCPOLYLOOP((#9169,#9109,#9161));
#9171=IFCFACEOUTERBOUND(#9170,.T.);
#9172=IFCFACE((#9171));
#9173=IFCCARTESIANPOINT((0.230387204212207,-0.129612795787808,11.4581894540006));
#9174=IFCPOLYLOOP((#9173,#9109,#9169));
#9175=IFCFACEOUTERBOUND(#9174,.T.);
#9176=IFCFACE((#9175));
#9177=IFCCARTESIANPOINT((0.47961279578783,0.129612795787808,11.4581894540006));
#9178=IFCCARTESIANPOINT((0.489612795787821,0.129612795787808,11.4581894540006));
#9179=IFCPOLYLOOP((#9177,#9129,#9178));
#9180=IFCFACEOUTERBOUND(#9179,.T.);
#9181=IFCFACE((#9180));
#9182=IFCPOLYLOOP((#9119,#9129,#9177));
#9183=IFCFACEOUTERBOUND(#9182,.T.);
#9184=IFCFACE((#9183));
#9185=IFCCARTESIANPOINT((0.240387204212198,0.129612795787808,11.4581894540006));
#9186=IFCPOLYLOOP((#9185,#9119,#9177));
#9187=IFCFACEOUTERBOUND(#9186,.T.);
#9188=IFCFACE((#9187));
#9189=IFCPOLYLOOP((#9162,#9119,#9185));
#9190=IFCFACEOUTERBOUND(#9189,.T.);
#9191=IFCFACE((#9190));
#9192=IFCCARTESIANPOINT((0.489612795787821,-0.119612795787808,11.4581894540006));
#9193=IFCCARTESIANPOINT((0.489612795787821,-0.129612795787808,11.4581894540006));
#9194=IFCPOLYLOOP((#9192,#9145,#9193));
#9195=IFCFACEOUTERBOUND(#9194,.T.);
#9196=IFCFACE((#9195));
#9197=IFCPOLYLOOP((#9129,#9145,#9192));
#9198=IFCFACEOUTERBOUND(#9197,.T.);
#9199=IFCFACE((#9198));
#9200=IFCCARTESIANPOINT((0.489612795787821,0.119612795787808,11.4581894540006));
#9201=IFCPOLYLOOP((#9200,#9129,#9192));
#9202=IFCFACEOUTERBOUND(#9201,.T.);
#9203=IFCFACE((#9202));
#9204=IFCPOLYLOOP((#9178,#9129,#9200));
#9205=IFCFACEOUTERBOUND(#9204,.T.);
#9206=IFCFACE((#9205));
#9207=IFCCARTESIANPOINT((0.240387204212198,-0.129612795787808,11.4581894540006));
#9208=IFCPOLYLOOP((#9207,#9109,#9173));
#9209=IFCFACEOUTERBOUND(#9208,.T.);
#9210=IFCFACE((#9209));
#9211=IFCPOLYLOOP((#9145,#9109,#9207));
#9212=IFCFACEOUTERBOUND(#9211,.T.);
#9213=IFCFACE((#9212));
#9214=IFCCARTESIANPOINT((0.47961279578783,-0.129612795787808,11.4581894540006));
#9215=IFCPOLYLOOP((#9214,#9145,#9207));
#9216=IFCFACEOUTERBOUND(#9215,.T.);
#9217=IFCFACE((#9216));
#9218=IFCPOLYLOOP((#9193,#9145,#9214));
#9219=IFCFACEOUTERBOUND(#9218,.T.);
#9220=IFCFACE((#9219));
#9221=IFCCARTESIANPOINT((0.240387204212198,-0.119612795787808,11.4581894540006));
#9222=IFCPOLYLOOP((#9221,#9207,#9173));
#9223=IFCFACEOUTERBOUND(#9222,.T.);
#9224=IFCFACE((#9223));
#9225=IFCPOLYLOOP((#9221,#9173,#9169));
#9226=IFCFACEOUTERBOUND(#9225,.T.);
#9227=IFCFACE((#9226));
#9228=IFCCARTESIANPOINT((0.240387204212198,0.119612795787808,11.4581894540006));
#9229=IFCPOLYLOOP((#9169,#9161,#9228));
#9230=IFCFACEOUTERBOUND(#9229,.T.);
#9231=IFCFACE((#9230));
#9232=IFCPOLYLOOP((#9221,#9169,#9228));
#9233=IFCFACEOUTERBOUND(#9232,.T.);
#9234=IFCFACE((#9233));
#9235=IFCPOLYLOOP((#9228,#9162,#9185));
#9236=IFCFACEOUTERBOUND(#9235,.T.);
#9237=IFCFACE((#9236));
#9238=IFCPOLYLOOP((#9161,#9162,#9228));
#9239=IFCFACEOUTERBOUND(#9238,.T.);
#9240=IFCFACE((#9239));
#9241=IFCPOLYLOOP((#9228,#9185,#9177));
#9242=IFCFACEOUTERBOUND(#9241,.T.);
#9243=IFCFACE((#9242));
#9244=IFCCARTESIANPOINT((0.47961279578783,0.119612795787808,11.4581894540006));
#9245=IFCPOLYLOOP((#9228,#9177,#9244));
#9246=IFCFACEOUTERBOUND(#9245,.T.);
#9247=IFCFACE((#9246));
#9248=IFCPOLYLOOP((#9244,#9177,#9178));
#9249=IFCFACEOUTERBOUND(#9248,.T.);
#9250=IFCFACE((#9249));
#9251=IFCPOLYLOOP((#9244,#9178,#9200));
#9252=IFCFACEOUTERBOUND(#9251,.T.);
#9253=IFCFACE((#9252));
#9254=IFCCARTESIANPOINT((0.47961279578783,-0.119612795787808,11.4581894540006));
#9255=IFCPOLYLOOP((#9200,#9192,#9254));
#9256=IFCFACEOUTERBOUND(#9255,.T.);
#9257=IFCFACE((#9256));
#9258=IFCPOLYLOOP((#9244,#9200,#9254));
#9259=IFCFACEOUTERBOUND(#9258,.T.);
#9260=IFCFACE((#9259));
#9261=IFCPOLYLOOP((#9192,#9193,#9214));
#9262=IFCFACEOUTERBOUND(#9261,.T.);
#9263=IFCFACE((#9262));
#9264=IFCPOLYLOOP((#9192,#9214,#9254));
#9265=IFCFACEOUTERBOUND(#9264,.T.);
#9266=IFCFACE((#9265));
#9267=IFCPOLYLOOP((#9254,#9214,#9207));
#9268=IFCFACEOUTERBOUND(#9267,.T.);
#9269=IFCFACE((#9268));
#9270=IFCPOLYLOOP((#9254,#9207,#9221));
#9271=IFCFACEOUTERBOUND(#9270,.T.);
#9272=IFCFACE((#9271));
#9273=IFCCARTESIANPOINT((0.170387204212204,0.179612795787808,11.3181894539994));
#9274=IFCCARTESIANPOINT((0.170387204212204,0.189612795787808,11.3181894539994));
#9275=IFCPOLYLOOP((#9273,#9228,#9274));
#9276=IFCFACEOUTERBOUND(#9275,.T.);
#9277=IFCFACE((#9276));
#9278=IFCPOLYLOOP((#9221,#9228,#9273));
#9279=IFCFACEOUTERBOUND(#9278,.T.);
#9280=IFCFACE((#9279));
#9281=IFCCARTESIANPOINT((0.170387204212204,-0.179612795787808,11.3181894539994));
#9282=IFCPOLYLOOP((#9281,#9221,#9273));
#9283=IFCFACEOUTERBOUND(#9282,.T.);
#9284=IFCFACE((#9283));
#9285=IFCCARTESIANPOINT((0.170387204212204,-0.189612795787808,11.3181894539994));
#9286=IFCPOLYLOOP((#9285,#9221,#9281));
#9287=IFCFACEOUTERBOUND(#9286,.T.);
#9288=IFCFACE((#9287));
#9289=IFCCARTESIANPOINT((0.539612795787832,0.189612795787808,11.3181894539994));
#9290=IFCCARTESIANPOINT((0.549612795787823,0.189612795787808,11.3181894539994));
#9291=IFCPOLYLOOP((#9289,#9244,#9290));
#9292=IFCFACEOUTERBOUND(#9291,.T.);
#9293=IFCFACE((#9292));
#9294=IFCCARTESIANPOINT((0.180387204212195,0.189612795787808,11.3181894539994));
#9295=IFCPOLYLOOP((#9294,#9228,#9244));
#9296=IFCFACEOUTERBOUND(#9295,.T.);
#9297=IFCFACE((#9296));
#9298=IFCPOLYLOOP((#9294,#9244,#9289));
#9299=IFCFACEOUTERBOUND(#9298,.T.);
#9300=IFCFACE((#9299));
#9301=IFCPOLYLOOP((#9274,#9228,#9294));
#9302=IFCFACEOUTERBOUND(#9301,.T.);
#9303=IFCFACE((#9302));
#9304=IFCCARTESIANPOINT((0.549612795787823,-0.179612795787808,11.3181894539994));
#9305=IFCCARTESIANPOINT((0.549612795787823,-0.189612795787808,11.3181894539994));
#9306=IFCPOLYLOOP((#9304,#9254,#9305));
#9307=IFCFACEOUTERBOUND(#9306,.T.);
#9308=IFCFACE((#9307));
#9309=IFCCARTESIANPOINT((0.549612795787823,0.179612795787808,11.3181894539994));
#9310=IFCPOLYLOOP((#9309,#9244,#9254));
#9311=IFCFACEOUTERBOUND(#9310,.T.);
#9312=IFCFACE((#9311));
#9313=IFCPOLYLOOP((#9309,#9254,#9304));
#9314=IFCFACEOUTERBOUND(#9313,.T.);
#9315=IFCFACE((#9314));
#9316=IFCPOLYLOOP((#9290,#9244,#9309));
#9317=IFCFACEOUTERBOUND(#9316,.T.);
#9318=IFCFACE((#9317));
#9319=IFCCARTESIANPOINT((0.180387204212195,-0.189612795787808,11.3181894539994));
#9320=IFCPOLYLOOP((#9319,#9221,#9285));
#9321=IFCFACEOUTERBOUND(#9320,.T.);
#9322=IFCFACE((#9321));
#9323=IFCPOLYLOOP((#9254,#9221,#9319));
#9324=IFCFACEOUTERBOUND(#9323,.T.);
#9325=IFCFACE((#9324));
#9326=IFCCARTESIANPOINT((0.539612795787832,-0.189612795787808,11.3181894539994));
#9327=IFCPOLYLOOP((#9326,#9254,#9319));
#9328=IFCFACEOUTERBOUND(#9327,.T.);
#9329=IFCFACE((#9328));
#9330=IFCPOLYLOOP((#9305,#9254,#9326));
#9331=IFCFACEOUTERBOUND(#9330,.T.);
#9332=IFCFACE((#9331));
#9333=IFCPOLYLOOP((#9281,#9319,#9285));
#9334=IFCFACEOUTERBOUND(#9333,.T.);
#9335=IFCFACE((#9334));
#9336=IFCCARTESIANPOINT((0.180387204212195,-0.179612795787808,11.3181894539994));
#9337=IFCPOLYLOOP((#9336,#9319,#9281));
#9338=IFCFACEOUTERBOUND(#9337,.T.);
#9339=IFCFACE((#9338));
#9340=IFCCARTESIANPOINT((0.180387204212195,0.179612795787808,11.3181894539994));
#9341=IFCPOLYLOOP((#9281,#9273,#9340));
#9342=IFCFACEOUTERBOUND(#9341,.T.);
#9343=IFCFACE((#9342));
#9344=IFCPOLYLOOP((#9336,#9281,#9340));
#9345=IFCFACEOUTERBOUND(#9344,.T.);
#9346=IFCFACE((#9345));
#9347=IFCPOLYLOOP((#9340,#9274,#9294));
#9348=IFCFACEOUTERBOUND(#9347,.T.);
#9349=IFCFACE((#9348));
#9350=IFCPOLYLOOP((#9273,#9274,#9340));
#9351=IFCFACEOUTERBOUND(#9350,.T.);
#9352=IFCFACE((#9351));
#9353=IFCPOLYLOOP((#9340,#9294,#9289));
#9354=IFCFACEOUTERBOUND(#9353,.T.);
#9355=IFCFACE((#9354));
#9356=IFCCARTESIANPOINT((0.539612795787832,0.179612795787808,11.3181894539994));
#9357=IFCPOLYLOOP((#9340,#9289,#9356));
#9358=IFCFACEOUTERBOUND(#9357,.T.);
#9359=IFCFACE((#9358));
#9360=IFCPOLYLOOP((#9309,#9289,#9290));
#9361=IFCFACEOUTERBOUND(#9360,.T.);
#9362=IFCFACE((#9361));
#9363=IFCPOLYLOOP((#9356,#9289,#9309));
#9364=IFCFACEOUTERBOUND(#9363,.T.);
#9365=IFCFACE((#9364));
#9366=IFCCARTESIANPOINT((0.539612795787832,-0.179612795787808,11.3181894539994));
#9367=IFCPOLYLOOP((#9309,#9304,#9366));
#9368=IFCFACEOUTERBOUND(#9367,.T.);
#9369=IFCFACE((#9368));
#9370=IFCPOLYLOOP((#9356,#9309,#9366));
#9371=IFCFACEOUTERBOUND(#9370,.T.);
#9372=IFCFACE((#9371));
#9373=IFCPOLYLOOP((#9366,#9305,#9326));
#9374=IFCFACEOUTERBOUND(#9373,.T.);
#9375=IFCFACE((#9374));
#9376=IFCPOLYLOOP((#9304,#9305,#9366));
#9377=IFCFACEOUTERBOUND(#9376,.T.);
#9378=IFCFACE((#9377));
#9379=IFCPOLYLOOP((#9326,#9319,#9336));
#9380=IFCFACEOUTERBOUND(#9379,.T.);
#9381=IFCFACE((#9380));
#9382=IFCPOLYLOOP((#9366,#9326,#9336));
#9383=IFCFACEOUTERBOUND(#9382,.T.);
#9384=IFCFACE((#9383));
#9385=IFCCARTESIANPOINT((0.100387204212211,-0.259612795787808,11.2181894540008));
#9386=IFCPOLYLOOP((#9385,#9336,#9340));
#9387=IFCFACEOUTERBOUND(#9386,.T.);
#9388=IFCFACE((#9387));
#9389=IFCCARTESIANPOINT((0.100387204212211,0.259612795787808,11.2181894540008));
#9390=IFCPOLYLOOP((#9385,#9340,#9389));
#9391=IFCFACEOUTERBOUND(#9390,.T.);
#9392=IFCFACE((#9391));
#9393=IFCPOLYLOOP((#9389,#9340,#9356));
#9394=IFCFACEOUTERBOUND(#9393,.T.);
#9395=IFCFACE((#9394));
#9396=IFCCARTESIANPOINT((0.619612795787816,0.259612795787808,11.2181894540008));
#9397=IFCPOLYLOOP((#9389,#9356,#9396));
#9398=IFCFACEOUTERBOUND(#9397,.T.);
#9399=IFCFACE((#9398));
#9400=IFCPOLYLOOP((#9396,#9356,#9366));
#9401=IFCFACEOUTERBOUND(#9400,.T.);
#9402=IFCFACE((#9401));
#9403=IFCCARTESIANPOINT((0.619612795787816,-0.259612795787808,11.2181894540008));
#9404=IFCPOLYLOOP((#9396,#9366,#9403));
#9405=IFCFACEOUTERBOUND(#9404,.T.);
#9406=IFCFACE((#9405));
#9407=IFCPOLYLOOP((#9403,#9366,#9336));
#9408=IFCFACEOUTERBOUND(#9407,.T.);
#9409=IFCFACE((#9408));
#9410=IFCPOLYLOOP((#9403,#9336,#9385));
#9411=IFCFACEOUTERBOUND(#9410,.T.);
#9412=IFCFACE((#9411));
#9413=IFCCARTESIANPOINT((0.0803872042121725,-0.259612795787808,11.2181894540008));
#9414=IFCPOLYLOOP((#9413,#9385,#9389));
#9415=IFCFACEOUTERBOUND(#9414,.T.);
#9416=IFCFACE((#9415));
#9417=IFCCARTESIANPOINT((0.0803872042121725,0.259612795787808,11.2181894540008));
#9418=IFCPOLYLOOP((#9413,#9389,#9417));
#9419=IFCFACEOUTERBOUND(#9418,.T.);
#9420=IFCFACE((#9419));
#9421=IFCCARTESIANPOINT((0.619612795787816,0.279612795787808,11.2181894540008));
#9422=IFCPOLYLOOP((#9389,#9396,#9421));
#9423=IFCFACEOUTERBOUND(#9422,.T.);
#9424=IFCFACE((#9423));
#9425=IFCCARTESIANPOINT((0.100387204212211,0.279612795787808,11.2181894540008));
#9426=IFCPOLYLOOP((#9425,#9389,#9421));
#9427=IFCFACEOUTERBOUND(#9426,.T.);
#9428=IFCFACE((#9427));
#9429=IFCCARTESIANPOINT((0.639612795787798,0.259612795787808,11.2181894540008));
#9430=IFCPOLYLOOP((#9429,#9396,#9403));
#9431=IFCFACEOUTERBOUND(#9430,.T.);
#9432=IFCFACE((#9431));
#9433=IFCCARTESIANPOINT((0.639612795787798,-0.259612795787808,11.2181894540008));
#9434=IFCPOLYLOOP((#9429,#9403,#9433));
#9435=IFCFACEOUTERBOUND(#9434,.T.);
#9436=IFCFACE((#9435));
#9437=IFCCARTESIANPOINT((0.619612795787816,-0.279612795787808,11.2181894540008));
#9438=IFCPOLYLOOP((#9437,#9403,#9385));
#9439=IFCFACEOUTERBOUND(#9438,.T.);
#9440=IFCFACE((#9439));
#9441=IFCCARTESIANPOINT((0.100387204212211,-0.279612795787808,11.2181894540008));
#9442=IFCPOLYLOOP((#9437,#9385,#9441));
#9443=IFCFACEOUTERBOUND(#9442,.T.);
#9444=IFCFACE((#9443));
#9445=IFCPOLYLOOP((#9441,#9385,#9413));
#9446=IFCFACEOUTERBOUND(#9445,.T.);
#9447=IFCFACE((#9446));
#9448=IFCCARTESIANPOINT((0.0803872042121725,-0.279612795787808,11.2181894540008));
#9449=IFCPOLYLOOP((#9441,#9413,#9448));
#9450=IFCFACEOUTERBOUND(#9449,.T.);
#9451=IFCFACE((#9450));
#9452=IFCCARTESIANPOINT((-0.0096127957878025,0.30179849801815,11.1681894539997));
#9453=IFCCARTESIANPOINT((0.0803872042121725,0.279612795787808,11.2181894540008));
#9454=IFCPOLYLOOP((#9452,#9417,#9453));
#9455=IFCFACEOUTERBOUND(#9454,.T.);
#9456=IFCFACE((#9455));
#9457=IFCCARTESIANPOINT((0.0283645189042545,0.33163548109572,11.1892879621628));
#9458=IFCPOLYLOOP((#9452,#9453,#9457));
#9459=IFCFACEOUTERBOUND(#9458,.T.);
#9460=IFCFACE((#9459));
#9461=IFCPOLYLOOP((#9413,#9417,#9452));
#9462=IFCFACEOUTERBOUND(#9461,.T.);
#9463=IFCFACE((#9462));
#9464=IFCCARTESIANPOINT((-0.0096127957878025,-0.304492144452721,11.1681894539997));
#9465=IFCCARTESIANPOINT((0.0274380622392982,-0.332561937760709,11.1887732640153));
#9466=IFCPOLYLOOP((#9464,#9465,#9448));
#9467=IFCFACEOUTERBOUND(#9466,.T.);
#9468=IFCFACE((#9467));
#9469=IFCPOLYLOOP((#9464,#9448,#9413));
#9470=IFCFACEOUTERBOUND(#9469,.T.);
#9471=IFCFACE((#9470));
#9472=IFCPOLYLOOP((#9464,#9413,#9452));
#9473=IFCFACEOUTERBOUND(#9472,.T.);
#9474=IFCFACE((#9473));
#9475=IFCPOLYLOOP((#9417,#9389,#9425));
#9476=IFCFACEOUTERBOUND(#9475,.T.);
#9477=IFCFACE((#9476));
#9478=IFCPOLYLOOP((#9453,#9417,#9425));
#9479=IFCFACEOUTERBOUND(#9478,.T.);
#9480=IFCFACE((#9479));
#9481=IFCCARTESIANPOINT((0.653064301427435,0.369612795787808,11.1681894539997));
#9482=IFCCARTESIANPOINT((0.639612795787798,0.279612795787808,11.2181894540008));
#9483=IFCPOLYLOOP((#9481,#9421,#9482));
#9484=IFCFACEOUTERBOUND(#9483,.T.);
#9485=IFCFACE((#9484));
#9486=IFCCARTESIANPOINT((0.686336390812471,0.326336390812459,11.1922319012083));
#9487=IFCPOLYLOOP((#9481,#9482,#9486));
#9488=IFCFACEOUTERBOUND(#9487,.T.);
#9489=IFCFACE((#9488));
#9490=IFCPOLYLOOP((#9425,#9421,#9481));
#9491=IFCFACEOUTERBOUND(#9490,.T.);
#9492=IFCFACE((#9491));
#9493=IFCCARTESIANPOINT((0.0556842303749363,0.369612795787808,11.1681894539997));
#9494=IFCPOLYLOOP((#9493,#9457,#9453));
#9495=IFCFACEOUTERBOUND(#9494,.T.);
#9496=IFCFACE((#9495));
#9497=IFCPOLYLOOP((#9493,#9453,#9425));
#9498=IFCFACEOUTERBOUND(#9497,.T.);
#9499=IFCFACE((#9498));
#9500=IFCPOLYLOOP((#9493,#9425,#9481));
#9501=IFCFACEOUTERBOUND(#9500,.T.);
#9502=IFCFACE((#9501));
#9503=IFCPOLYLOOP((#9482,#9396,#9429));
#9504=IFCFACEOUTERBOUND(#9503,.T.);
#9505=IFCFACE((#9504));
#9506=IFCPOLYLOOP((#9421,#9396,#9482));
#9507=IFCFACEOUTERBOUND(#9506,.T.);
#9508=IFCFACE((#9507));
#9509=IFCCARTESIANPOINT((0.72961279578783,-0.297657357589453,11.1681894539997));
#9510=IFCCARTESIANPOINT((0.639612795787798,-0.279612795787808,11.2181894540008));
#9511=IFCPOLYLOOP((#9509,#9433,#9510));
#9512=IFCFACEOUTERBOUND(#9511,.T.);
#9513=IFCFACE((#9512));
#9514=IFCCARTESIANPOINT((0.687214238711761,-0.327214238711776,11.1917442079302));
#9515=IFCPOLYLOOP((#9509,#9510,#9514));
#9516=IFCFACEOUTERBOUND(#9515,.T.);
#9517=IFCFACE((#9516));
#9518=IFCCARTESIANPOINT((0.72961279578783,0.296322685253789,11.1681894539997));
#9519=IFCPOLYLOOP((#9518,#9486,#9482));
#9520=IFCFACEOUTERBOUND(#9519,.T.);
#9521=IFCFACE((#9520));
#9522=IFCPOLYLOOP((#9518,#9482,#9429));
#9523=IFCFACEOUTERBOUND(#9522,.T.);
#9524=IFCFACE((#9523));
#9525=IFCPOLYLOOP((#9518,#9429,#9433));
#9526=IFCFACEOUTERBOUND(#9525,.T.);
#9527=IFCFACE((#9526));
#9528=IFCPOLYLOOP((#9518,#9433,#9509));
#9529=IFCFACEOUTERBOUND(#9528,.T.);
#9530=IFCFACE((#9529));
#9531=IFCPOLYLOOP((#9510,#9433,#9403));
#9532=IFCFACEOUTERBOUND(#9531,.T.);
#9533=IFCFACE((#9532));
#9534=IFCPOLYLOOP((#9510,#9403,#9437));
#9535=IFCFACEOUTERBOUND(#9534,.T.);
#9536=IFCFACE((#9535));
#9537=IFCCARTESIANPOINT((0.0555221571380002,-0.369612795787808,11.1681894539997));
#9538=IFCPOLYLOOP((#9537,#9441,#9448));
#9539=IFCFACEOUTERBOUND(#9538,.T.);
#9540=IFCFACE((#9539));
#9541=IFCPOLYLOOP((#9537,#9448,#9465));
#9542=IFCFACEOUTERBOUND(#9541,.T.);
#9543=IFCFACE((#9542));
#9544=IFCCARTESIANPOINT((0.654802138749176,-0.369612795787808,11.1681894539997));
#9545=IFCPOLYLOOP((#9544,#9514,#9510));
#9546=IFCFACEOUTERBOUND(#9545,.T.);
#9547=IFCFACE((#9546));
#9548=IFCPOLYLOOP((#9544,#9510,#9437));
#9549=IFCFACEOUTERBOUND(#9548,.T.);
#9550=IFCFACE((#9549));
#9551=IFCPOLYLOOP((#9544,#9437,#9441));
#9552=IFCFACEOUTERBOUND(#9551,.T.);
#9553=IFCFACE((#9552));
#9554=IFCPOLYLOOP((#9544,#9441,#9537));
#9555=IFCFACEOUTERBOUND(#9554,.T.);
#9556=IFCFACE((#9555));
#9557=IFCCARTESIANPOINT((-0.0353699953546425,-0.290943860026478,11.1541571463185));
#9558=IFCCARTESIANPOINT((-0.0353699953546425,-0.290943860026478,11.1299999999992));
#9559=IFCPOLYLOOP((#9557,#9558,#9464));
#9560=IFCFACEOUTERBOUND(#9559,.T.);
#9561=IFCFACE((#9560));
#9562=IFCCARTESIANPOINT((0.0646300046453803,-0.390943860026478,11.1299999999992));
#9563=IFCCARTESIANPOINT((0.0646300046453803,-0.390943860026478,11.1565684679608));
#9564=IFCPOLYLOOP((#9537,#9562,#9563));
#9565=IFCFACEOUTERBOUND(#9564,.T.);
#9566=IFCFACE((#9565));
#9567=IFCCARTESIANPOINT((0.0291082784999048,-0.334208930445457,11.1593866320072));
#9568=IFCPOLYLOOP((#9562,#9567,#9558));
#9569=IFCFACEOUTERBOUND(#9568,.T.);
#9570=IFCFACE((#9569));
#9571=IFCPOLYLOOP((#9464,#9567,#9465));
#9572=IFCFACEOUTERBOUND(#9571,.T.);
#9573=IFCFACE((#9572));
#9574=IFCPOLYLOOP((#9465,#9567,#9537));
#9575=IFCFACEOUTERBOUND(#9574,.T.);
#9576=IFCFACE((#9575));
#9577=IFCPOLYLOOP((#9558,#9567,#9464));
#9578=IFCFACEOUTERBOUND(#9577,.T.);
#9579=IFCFACE((#9578));
#9580=IFCPOLYLOOP((#9537,#9567,#9562));
#9581=IFCFACEOUTERBOUND(#9580,.T.);
#9582=IFCFACE((#9581));
#9583=IFCPOLYLOOP((#9557,#9464,#9452));
#9584=IFCFACEOUTERBOUND(#9583,.T.);
#9585=IFCFACE((#9584));
#9586=IFCCARTESIANPOINT((-0.0353699953546425,0.289056139973522,11.1541571463185));
#9587=IFCPOLYLOOP((#9557,#9452,#9586));
#9588=IFCFACEOUTERBOUND(#9587,.T.);
#9589=IFCFACE((#9588));
#9590=IFCCARTESIANPOINT((-0.0353699953546425,0.289056139973522,11.1299999999992));
#9591=IFCPOLYLOOP((#9590,#9586,#9452));
#9592=IFCFACEOUTERBOUND(#9591,.T.);
#9593=IFCFACE((#9592));
#9594=IFCCARTESIANPOINT((0.0646300046453803,0.389056139973522,11.1299999999992));
#9595=IFCCARTESIANPOINT((0.0646300046453803,0.389056139973522,11.1575968821162));
#9596=IFCPOLYLOOP((#9594,#9493,#9595));
#9597=IFCFACEOUTERBOUND(#9596,.T.);
#9598=IFCFACE((#9597));
#9599=IFCCARTESIANPOINT((0.0257798843707064,0.328992816263285,11.1596439810819));
#9600=IFCPOLYLOOP((#9599,#9594,#9590));
#9601=IFCFACEOUTERBOUND(#9600,.T.);
#9602=IFCFACE((#9601));
#9603=IFCPOLYLOOP((#9599,#9452,#9457));
#9604=IFCFACEOUTERBOUND(#9603,.T.);
#9605=IFCFACE((#9604));
#9606=IFCPOLYLOOP((#9599,#9457,#9493));
#9607=IFCFACEOUTERBOUND(#9606,.T.);
#9608=IFCFACE((#9607));
#9609=IFCPOLYLOOP((#9599,#9590,#9452));
#9610=IFCFACEOUTERBOUND(#9609,.T.);
#9611=IFCFACE((#9610));
#9612=IFCPOLYLOOP((#9599,#9493,#9594));
#9613=IFCFACEOUTERBOUND(#9612,.T.);
#9614=IFCFACE((#9613));
#9615=IFCPOLYLOOP((#9595,#9493,#9481));
#9616=IFCFACEOUTERBOUND(#9615,.T.);
#9617=IFCFACE((#9616));
#9618=IFCCARTESIANPOINT((0.644630004645364,0.389056139973522,11.1575968821162));
#9619=IFCPOLYLOOP((#9595,#9481,#9618));
#9620=IFCFACEOUTERBOUND(#9619,.T.);
#9621=IFCFACE((#9620));
#9622=IFCCARTESIANPOINT((0.644630004645364,0.389056139973522,11.1299999999992));
#9623=IFCPOLYLOOP((#9622,#9618,#9481));
#9624=IFCFACEOUTERBOUND(#9623,.T.);
#9625=IFCFACE((#9624));
#9626=IFCCARTESIANPOINT((0.744630004645387,0.289056139973522,11.1299999999992));
#9627=IFCCARTESIANPOINT((0.744630004645387,0.289056139973522,11.1600082037585));
#9628=IFCPOLYLOOP((#9626,#9518,#9627));
#9629=IFCFACEOUTERBOUND(#9628,.T.);
#9630=IFCFACE((#9629));
#9631=IFCCARTESIANPOINT((0.68135838282933,0.331114558353963,11.1611159505865));
#9632=IFCPOLYLOOP((#9631,#9626,#9622));
#9633=IFCFACEOUTERBOUND(#9632,.T.);
#9634=IFCFACE((#9633));
#9635=IFCPOLYLOOP((#9631,#9481,#9486));
#9636=IFCFACEOUTERBOUND(#9635,.T.);
#9637=IFCFACE((#9636));
#9638=IFCPOLYLOOP((#9631,#9486,#9518));
#9639=IFCFACEOUTERBOUND(#9638,.T.);
#9640=IFCFACE((#9639));
#9641=IFCPOLYLOOP((#9631,#9622,#9481));
#9642=IFCFACEOUTERBOUND(#9641,.T.);
#9643=IFCFACE((#9642));
#9644=IFCPOLYLOOP((#9631,#9518,#9626));
#9645=IFCFACEOUTERBOUND(#9644,.T.);
#9646=IFCFACE((#9645));
#9647=IFCPOLYLOOP((#9627,#9518,#9509));
#9648=IFCFACEOUTERBOUND(#9647,.T.);
#9649=IFCFACE((#9648));
#9650=IFCCARTESIANPOINT((0.744630004645387,-0.290943860026478,11.1600082037585));
#9651=IFCPOLYLOOP((#9627,#9509,#9650));
#9652=IFCFACEOUTERBOUND(#9651,.T.);
#9653=IFCFACE((#9652));
#9654=IFCCARTESIANPOINT((0.744630004645387,-0.290943860026478,11.1299999999992));
#9655=IFCPOLYLOOP((#9654,#9650,#9509));
#9656=IFCFACEOUTERBOUND(#9655,.T.);
#9657=IFCFACE((#9656));
#9658=IFCCARTESIANPOINT((0.644630004645364,-0.390943860026478,11.1299999999992));
#9659=IFCCARTESIANPOINT((0.644630004645364,-0.390943860026478,11.1565684679608));
#9660=IFCPOLYLOOP((#9658,#9544,#9659));
#9661=IFCFACEOUTERBOUND(#9660,.T.);
#9662=IFCFACE((#9661));
#9663=IFCCARTESIANPOINT((0.684354338093442,-0.330006323142794,11.1608721039647));
#9664=IFCPOLYLOOP((#9663,#9658,#9654));
#9665=IFCFACEOUTERBOUND(#9664,.T.);
#9666=IFCFACE((#9665));
#9667=IFCPOLYLOOP((#9663,#9509,#9514));
#9668=IFCFACEOUTERBOUND(#9667,.T.);
#9669=IFCFACE((#9668));
#9670=IFCPOLYLOOP((#9663,#9514,#9544));
#9671=IFCFACEOUTERBOUND(#9670,.T.);
#9672=IFCFACE((#9671));
#9673=IFCPOLYLOOP((#9663,#9654,#9509));
#9674=IFCFACEOUTERBOUND(#9673,.T.);
#9675=IFCFACE((#9674));
#9676=IFCPOLYLOOP((#9663,#9544,#9658));
#9677=IFCFACEOUTERBOUND(#9676,.T.);
#9678=IFCFACE((#9677));
#9679=IFCPOLYLOOP((#9659,#9544,#9537));
#9680=IFCFACEOUTERBOUND(#9679,.T.);
#9681=IFCFACE((#9680));
#9682=IFCPOLYLOOP((#9659,#9537,#9563));
#9683=IFCFACEOUTERBOUND(#9682,.T.);
#9684=IFCFACE((#9683));
#9685=IFCCARTESIANPOINT((0.0175177809368847,-0.297573593128807,11.1299999999992));
#9686=IFCPOLYLOOP((#9558,#9685,#9562));
#9687=IFCFACEOUTERBOUND(#9686,.T.);
#9688=IFCFACE((#9687));
#9689=IFCCARTESIANPOINT((0.0599441878080711,-0.34,11.1299999999992));
#9690=IFCPOLYLOOP((#9562,#9685,#9689));
#9691=IFCFACEOUTERBOUND(#9690,.T.);
#9692=IFCFACE((#9691));
#9693=IFCCARTESIANPOINT((0.0999441878080347,-0.3,11.1299999999992));
#9694=IFCPOLYLOOP((#9689,#9693,#9562));
#9695=IFCFACEOUTERBOUND(#9694,.T.);
#9696=IFCFACE((#9695));
#9697=IFCCARTESIANPOINT((0.0575177809368483,-0.257573593128807,11.1299999999992));
#9698=IFCPOLYLOOP((#9558,#9697,#9685));
#9699=IFCFACEOUTERBOUND(#9698,.T.);
#9700=IFCFACE((#9699));
#9701=IFCPOLYLOOP((#9693,#9658,#9562));
#9702=IFCFACEOUTERBOUND(#9701,.T.);
#9703=IFCFACE((#9702));
#9704=IFCCARTESIANPOINT((0.0575177809368483,0.252,11.1299999999992));
#9705=IFCPOLYLOOP((#9590,#9704,#9558));
#9706=IFCFACEOUTERBOUND(#9705,.T.);
#9707=IFCFACE((#9706));
#9708=IFCPOLYLOOP((#9558,#9704,#9697));
#9709=IFCFACEOUTERBOUND(#9708,.T.);
#9710=IFCFACE((#9709));
#9711=IFCCARTESIANPOINT((0.0175177809368847,0.282,11.1299999999992));
#9712=IFCPOLYLOOP((#9711,#9704,#9590));
#9713=IFCFACEOUTERBOUND(#9712,.T.);
#9714=IFCFACE((#9713));
#9715=IFCCARTESIANPOINT((0.615091374065685,-0.3,11.1299999999992));
#9716=IFCPOLYLOOP((#9693,#9715,#9658));
#9717=IFCFACEOUTERBOUND(#9716,.T.);
#9718=IFCFACE((#9717));
#9719=IFCCARTESIANPOINT((0.655091374065648,-0.34,11.1299999999992));
#9720=IFCPOLYLOOP((#9715,#9719,#9658));
#9721=IFCFACEOUTERBOUND(#9720,.T.);
#9722=IFCFACE((#9721));
#9723=IFCCARTESIANPOINT((0.0535177809368861,0.33,11.1299999999992));
#9724=IFCPOLYLOOP((#9590,#9723,#9711));
#9725=IFCFACEOUTERBOUND(#9724,.T.);
#9726=IFCFACE((#9725));
#9727=IFCCARTESIANPOINT((0.0935177809368497,0.3,11.1299999999992));
#9728=IFCPOLYLOOP((#9723,#9594,#9727));
#9729=IFCFACEOUTERBOUND(#9728,.T.);
#9730=IFCFACE((#9729));
#9731=IFCPOLYLOOP((#9590,#9594,#9723));
#9732=IFCFACEOUTERBOUND(#9731,.T.);
#9733=IFCFACE((#9732));
#9734=IFCCARTESIANPOINT((0.657517780936871,-0.2575735931288,11.1299999999992));
#9735=IFCCARTESIANPOINT((0.697517780936892,-0.2975735931288,11.1299999999992));
#9736=IFCPOLYLOOP((#9734,#9654,#9735));
#9737=IFCFACEOUTERBOUND(#9736,.T.);
#9738=IFCFACE((#9737));
#9739=IFCPOLYLOOP((#9735,#9654,#9719));
#9740=IFCFACEOUTERBOUND(#9739,.T.);
#9741=IFCFACE((#9740));
#9742=IFCPOLYLOOP((#9719,#9654,#9658));
#9743=IFCFACEOUTERBOUND(#9742,.T.);
#9744=IFCFACE((#9743));
#9745=IFCCARTESIANPOINT((0.615091374065685,0.3,11.1299999999992));
#9746=IFCPOLYLOOP((#9594,#9745,#9727));
#9747=IFCFACEOUTERBOUND(#9746,.T.);
#9748=IFCFACE((#9747));
#9749=IFCCARTESIANPOINT((0.655091374065648,0.34,11.1299999999992));
#9750=IFCPOLYLOOP((#9745,#9622,#9749));
#9751=IFCFACEOUTERBOUND(#9750,.T.);
#9752=IFCFACE((#9751));
#9753=IFCPOLYLOOP((#9594,#9622,#9745));
#9754=IFCFACEOUTERBOUND(#9753,.T.);
#9755=IFCFACE((#9754));
#9756=IFCCARTESIANPOINT((0.697517780936892,0.297573593128807,11.1299999999992));
#9757=IFCPOLYLOOP((#9749,#9626,#9756));
#9758=IFCFACEOUTERBOUND(#9757,.T.);
#9759=IFCFACE((#9758));
#9760=IFCCARTESIANPOINT((0.657517780936871,0.257573593128807,11.1299999999992));
#9761=IFCPOLYLOOP((#9756,#9626,#9760));
#9762=IFCFACEOUTERBOUND(#9761,.T.);
#9763=IFCFACE((#9762));
#9764=IFCPOLYLOOP((#9760,#9626,#9734));
#9765=IFCFACEOUTERBOUND(#9764,.T.);
#9766=IFCFACE((#9765));
#9767=IFCPOLYLOOP((#9734,#9626,#9654));
#9768=IFCFACEOUTERBOUND(#9767,.T.);
#9769=IFCFACE((#9768));
#9770=IFCPOLYLOOP((#9622,#9626,#9749));
#9771=IFCFACEOUTERBOUND(#9770,.T.);
#9772=IFCFACE((#9771));
#9773=IFCPOLYLOOP((#9563,#9658,#9659));
#9774=IFCFACEOUTERBOUND(#9773,.T.);
#9775=IFCFACE((#9774));
#9776=IFCPOLYLOOP((#9562,#9658,#9563));
#9777=IFCFACEOUTERBOUND(#9776,.T.);
#9778=IFCFACE((#9777));
#9779=IFCPOLYLOOP((#9586,#9558,#9557));
#9780=IFCFACEOUTERBOUND(#9779,.T.);
#9781=IFCFACE((#9780));
#9782=IFCPOLYLOOP((#9590,#9558,#9586));
#9783=IFCFACEOUTERBOUND(#9782,.T.);
#9784=IFCFACE((#9783));
#9785=IFCPOLYLOOP((#9618,#9594,#9595));
#9786=IFCFACEOUTERBOUND(#9785,.T.);
#9787=IFCFACE((#9786));
#9788=IFCPOLYLOOP((#9622,#9594,#9618));
#9789=IFCFACEOUTERBOUND(#9788,.T.);
#9790=IFCFACE((#9789));
#9791=IFCPOLYLOOP((#9650,#9626,#9627));
#9792=IFCFACEOUTERBOUND(#9791,.T.);
#9793=IFCFACE((#9792));
#9794=IFCPOLYLOOP((#9654,#9626,#9650));
#9795=IFCFACEOUTERBOUND(#9794,.T.);
#9796=IFCFACE((#9795));
#9797=IFCCARTESIANPOINT((0.0935177809368497,0.3,10.0900000000001));
#9798=IFCCARTESIANPOINT((0.0535177809368861,0.33,10.0900000000001));
#9799=IFCPOLYLOOP((#9797,#9798,#9723));
#9800=IFCFACEOUTERBOUND(#9799,.T.);
#9801=IFCFACE((#9800));
#9802=IFCPOLYLOOP((#9797,#9723,#9727));
#9803=IFCFACEOUTERBOUND(#9802,.T.);
#9804=IFCFACE((#9803));
#9805=IFCCARTESIANPOINT((0.0175177809368847,0.282,10.0900000000001));
#9806=IFCPOLYLOOP((#9798,#9805,#9711));
#9807=IFCFACEOUTERBOUND(#9806,.T.);
#9808=IFCFACE((#9807));
#9809=IFCPOLYLOOP((#9798,#9711,#9723));
#9810=IFCFACEOUTERBOUND(#9809,.T.);
#9811=IFCFACE((#9810));
#9812=IFCCARTESIANPOINT((0.0575177809368483,0.252,10.0900000000001));
#9813=IFCPOLYLOOP((#9805,#9812,#9704));
#9814=IFCFACEOUTERBOUND(#9813,.T.);
#9815=IFCFACE((#9814));
#9816=IFCPOLYLOOP((#9805,#9704,#9711));
#9817=IFCFACEOUTERBOUND(#9816,.T.);
#9818=IFCFACE((#9817));
#9819=IFCCARTESIANPOINT((0.0575177809368483,-0.25,10.8465000366105));
#9820=IFCCARTESIANPOINT((0.0575177809368483,-0.156220882561063,10.9641562763954));
#9821=IFCPOLYLOOP((#9819,#9697,#9820));
#9822=IFCFACEOUTERBOUND(#9821,.T.);
#9823=IFCFACE((#9822));
#9824=IFCCARTESIANPOINT((0.0575177809368483,-0.0117719329852093,11.0089245722938));
#9825=IFCPOLYLOOP((#9824,#9820,#9697));
#9826=IFCFACEOUTERBOUND(#9825,.T.);
#9827=IFCFACE((#9826));
#9828=IFCPOLYLOOP((#9704,#9824,#9697));
#9829=IFCFACEOUTERBOUND(#9828,.T.);
#9830=IFCFACE((#9829));
#9831=IFCCARTESIANPOINT((0.0575177809368483,0.150860532712707,10.967574443901));
#9832=IFCPOLYLOOP((#9831,#9824,#9704));
#9833=IFCFACEOUTERBOUND(#9832,.T.);
#9834=IFCFACE((#9833));
#9835=IFCCARTESIANPOINT((0.0575177809368483,0.25,10.8465000366105));
#9836=IFCPOLYLOOP((#9835,#9831,#9704));
#9837=IFCFACEOUTERBOUND(#9836,.T.);
#9838=IFCFACE((#9837));
#9839=IFCCARTESIANPOINT((0.0575177809368483,-0.25,10.3465000366105));
#9840=IFCCARTESIANPOINT((0.0575177809368483,0.25,10.3465000366105));
#9841=IFCPOLYLOOP((#9812,#9839,#9840));
#9842=IFCFACEOUTERBOUND(#9841,.T.);
#9843=IFCFACE((#9842));
#9844=IFCCARTESIANPOINT((0.0575177809368483,-0.257573593128807,10.0900000000001));
#9845=IFCPOLYLOOP((#9812,#9844,#9839));
#9846=IFCFACEOUTERBOUND(#9845,.T.);
#9847=IFCFACE((#9846));
#9848=IFCPOLYLOOP((#9844,#9697,#9819));
#9849=IFCFACEOUTERBOUND(#9848,.T.);
#9850=IFCFACE((#9849));
#9851=IFCPOLYLOOP((#9844,#9819,#9839));
#9852=IFCFACEOUTERBOUND(#9851,.T.);
#9853=IFCFACE((#9852));
#9854=IFCPOLYLOOP((#9704,#9812,#9840));
#9855=IFCFACEOUTERBOUND(#9854,.T.);
#9856=IFCFACE((#9855));
#9857=IFCPOLYLOOP((#9704,#9840,#9835));
#9858=IFCFACEOUTERBOUND(#9857,.T.);
#9859=IFCFACE((#9858));
#9860=IFCCARTESIANPOINT((0.0175177809368847,-0.297573593128807,10.0900000000001));
#9861=IFCPOLYLOOP((#9844,#9860,#9685));
#9862=IFCFACEOUTERBOUND(#9861,.T.);
#9863=IFCFACE((#9862));
#9864=IFCPOLYLOOP((#9844,#9685,#9697));
#9865=IFCFACEOUTERBOUND(#9864,.T.);
#9866=IFCFACE((#9865));
#9867=IFCCARTESIANPOINT((0.0599441878080711,-0.34,10.0900000000001));
#9868=IFCPOLYLOOP((#9860,#9867,#9689));
#9869=IFCFACEOUTERBOUND(#9868,.T.);
#9870=IFCFACE((#9869));
#9871=IFCPOLYLOOP((#9860,#9689,#9685));
#9872=IFCFACEOUTERBOUND(#9871,.T.);
#9873=IFCFACE((#9872));
#9874=IFCCARTESIANPOINT((0.0999441878080347,-0.3,10.09));
#9875=IFCPOLYLOOP((#9867,#9874,#9693));
#9876=IFCFACEOUTERBOUND(#9875,.T.);
#9877=IFCFACE((#9876));
#9878=IFCPOLYLOOP((#9867,#9693,#9689));
#9879=IFCFACEOUTERBOUND(#9878,.T.);
#9880=IFCFACE((#9879));
#9881=IFCCARTESIANPOINT((0.612349731999984,-0.3,10.8465000366105));
#9882=IFCCARTESIANPOINT((0.513210264656493,-0.3,10.9675744439373));
#9883=IFCPOLYLOOP((#9881,#9715,#9882));
#9884=IFCFACEOUTERBOUND(#9883,.T.);
#9885=IFCFACE((#9884));
#9886=IFCCARTESIANPOINT((0.350577799014161,-0.3,11.0089245722938));
#9887=IFCPOLYLOOP((#9886,#9882,#9715));
#9888=IFCFACEOUTERBOUND(#9887,.T.);
#9889=IFCFACE((#9888));
#9890=IFCPOLYLOOP((#9693,#9886,#9715));
#9891=IFCFACEOUTERBOUND(#9890,.T.);
#9892=IFCFACE((#9891));
#9893=IFCCARTESIANPOINT((0.206128849439153,-0.3,10.9641562763954));
#9894=IFCPOLYLOOP((#9893,#9886,#9693));
#9895=IFCFACEOUTERBOUND(#9894,.T.);
#9896=IFCFACE((#9895));
#9897=IFCCARTESIANPOINT((0.112349731999984,-0.3,10.8465000366105));
#9898=IFCPOLYLOOP((#9897,#9893,#9693));
#9899=IFCFACEOUTERBOUND(#9898,.T.);
#9900=IFCFACE((#9899));
#9901=IFCCARTESIANPOINT((0.112349731999984,-0.3,10.3465000366105));
#9902=IFCCARTESIANPOINT((0.615091374065685,-0.3,10.0900000000001));
#9903=IFCCARTESIANPOINT((0.612349731999984,-0.3,10.3465000366105));
#9904=IFCPOLYLOOP((#9901,#9902,#9903));
#9905=IFCFACEOUTERBOUND(#9904,.T.);
#9906=IFCFACE((#9905));
#9907=IFCPOLYLOOP((#9874,#9902,#9901));
#9908=IFCFACEOUTERBOUND(#9907,.T.);
#9909=IFCFACE((#9908));
#9910=IFCPOLYLOOP((#9902,#9715,#9881));
#9911=IFCFACEOUTERBOUND(#9910,.T.);
#9912=IFCFACE((#9911));
#9913=IFCPOLYLOOP((#9902,#9881,#9903));
#9914=IFCFACEOUTERBOUND(#9913,.T.);
#9915=IFCFACE((#9914));
#9916=IFCPOLYLOOP((#9693,#9874,#9897));
#9917=IFCFACEOUTERBOUND(#9916,.T.);
#9918=IFCFACE((#9917));
#9919=IFCPOLYLOOP((#9897,#9874,#9901));
#9920=IFCFACEOUTERBOUND(#9919,.T.);
#9921=IFCFACE((#9920));
#9922=IFCCARTESIANPOINT((0.655091374065648,-0.34,10.09));
#9923=IFCPOLYLOOP((#9902,#9922,#9719));
#9924=IFCFACEOUTERBOUND(#9923,.T.);
#9925=IFCFACE((#9924));
#9926=IFCPOLYLOOP((#9902,#9719,#9715));
#9927=IFCFACEOUTERBOUND(#9926,.T.);
#9928=IFCFACE((#9927));
#9929=IFCCARTESIANPOINT((0.697517780936892,-0.2975735931288,10.09));
#9930=IFCPOLYLOOP((#9922,#9929,#9735));
#9931=IFCFACEOUTERBOUND(#9930,.T.);
#9932=IFCFACE((#9931));
#9933=IFCPOLYLOOP((#9922,#9735,#9719));
#9934=IFCFACEOUTERBOUND(#9933,.T.);
#9935=IFCFACE((#9934));
#9936=IFCCARTESIANPOINT((0.657517780936871,-0.2575735931288,10.0900000000001));
#9937=IFCPOLYLOOP((#9929,#9936,#9734));
#9938=IFCFACEOUTERBOUND(#9937,.T.);
#9939=IFCFACE((#9938));
#9940=IFCPOLYLOOP((#9929,#9734,#9735));
#9941=IFCFACEOUTERBOUND(#9940,.T.);
#9942=IFCFACE((#9941));
#9943=IFCCARTESIANPOINT((0.657517780936871,0.25,10.8465000366105));
#9944=IFCCARTESIANPOINT((0.657517780936871,0.150860532711082,10.9675744439028));
#9945=IFCPOLYLOOP((#9943,#9760,#9944));
#9946=IFCFACEOUTERBOUND(#9945,.T.);
#9947=IFCFACE((#9946));
#9948=IFCCARTESIANPOINT((0.657517780936871,-0.0117719329855678,11.0089245722938));
#9949=IFCPOLYLOOP((#9948,#9944,#9760));
#9950=IFCFACEOUTERBOUND(#9949,.T.);
#9951=IFCFACE((#9950));
#9952=IFCPOLYLOOP((#9734,#9948,#9760));
#9953=IFCFACEOUTERBOUND(#9952,.T.);
#9954=IFCFACE((#9953));
#9955=IFCCARTESIANPOINT((0.657517780936871,-0.156220882561381,10.9641562763954));
#9956=IFCPOLYLOOP((#9955,#9948,#9734));
#9957=IFCFACEOUTERBOUND(#9956,.T.);
#9958=IFCFACE((#9957));
#9959=IFCCARTESIANPOINT((0.657517780936871,-0.25,10.8465000366105));
#9960=IFCPOLYLOOP((#9959,#9955,#9734));
#9961=IFCFACEOUTERBOUND(#9960,.T.);
#9962=IFCFACE((#9961));
#9963=IFCCARTESIANPOINT((0.657517780936871,0.25,10.3465000366105));
#9964=IFCCARTESIANPOINT((0.657517780936871,-0.25,10.3465000366105));
#9965=IFCPOLYLOOP((#9936,#9963,#9964));
#9966=IFCFACEOUTERBOUND(#9965,.T.);
#9967=IFCFACE((#9966));
#9968=IFCCARTESIANPOINT((0.657517780936871,0.257573593128807,10.0900000000001));
#9969=IFCPOLYLOOP((#9936,#9968,#9963));
#9970=IFCFACEOUTERBOUND(#9969,.T.);
#9971=IFCFACE((#9970));
#9972=IFCPOLYLOOP((#9968,#9760,#9943));
#9973=IFCFACEOUTERBOUND(#9972,.T.);
#9974=IFCFACE((#9973));
#9975=IFCPOLYLOOP((#9968,#9943,#9963));
#9976=IFCFACEOUTERBOUND(#9975,.T.);
#9977=IFCFACE((#9976));
#9978=IFCPOLYLOOP((#9734,#9936,#9964));
#9979=IFCFACEOUTERBOUND(#9978,.T.);
#9980=IFCFACE((#9979));
#9981=IFCPOLYLOOP((#9734,#9964,#9959));
#9982=IFCFACEOUTERBOUND(#9981,.T.);
#9983=IFCFACE((#9982));
#9984=IFCCARTESIANPOINT((0.697517780936892,0.297573593128807,10.09));
#9985=IFCPOLYLOOP((#9968,#9984,#9756));
#9986=IFCFACEOUTERBOUND(#9985,.T.);
#9987=IFCFACE((#9986));
#9988=IFCPOLYLOOP((#9968,#9756,#9760));
#9989=IFCFACEOUTERBOUND(#9988,.T.);
#9990=IFCFACE((#9989));
#9991=IFCCARTESIANPOINT((0.655091374065648,0.34,10.09));
#9992=IFCPOLYLOOP((#9984,#9991,#9749));
#9993=IFCFACEOUTERBOUND(#9992,.T.);
#9994=IFCFACE((#9993));
#9995=IFCPOLYLOOP((#9984,#9749,#9756));
#9996=IFCFACEOUTERBOUND(#9995,.T.);
#9997=IFCFACE((#9996));
#9998=IFCCARTESIANPOINT((0.615091374065685,0.3,10.0900000000001));
#9999=IFCPOLYLOOP((#9991,#9998,#9745));
#10000=IFCFACEOUTERBOUND(#9999,.T.);
#10001=IFCFACE((#10000));
#10002=IFCPOLYLOOP((#9991,#9745,#9749));
#10003=IFCFACEOUTERBOUND(#10002,.T.);
#10004=IFCFACE((#10003));
#10005=IFCCARTESIANPOINT((0.112349731999984,0.3,10.8465000366105));
#10006=IFCCARTESIANPOINT((0.206128849439551,0.3,10.9641562763973));
#10007=IFCPOLYLOOP((#10005,#9727,#10006));
#10008=IFCFACEOUTERBOUND(#10007,.T.);
#10009=IFCFACE((#10008));
#10010=IFCCARTESIANPOINT((0.35057779901598,0.3,11.0089245722938));
#10011=IFCPOLYLOOP((#10010,#10006,#9727));
#10012=IFCFACEOUTERBOUND(#10011,.T.);
#10013=IFCFACE((#10012));
#10014=IFCPOLYLOOP((#9745,#10010,#9727));
#10015=IFCFACEOUTERBOUND(#10014,.T.);
#10016=IFCFACE((#10015));
#10017=IFCCARTESIANPOINT((0.513210264627787,0.3,10.9675744439537));
#10018=IFCPOLYLOOP((#10017,#10010,#9745));
#10019=IFCFACEOUTERBOUND(#10018,.T.);
#10020=IFCFACE((#10019));
#10021=IFCCARTESIANPOINT((0.612349731999984,0.3,10.8465000366105));
#10022=IFCPOLYLOOP((#10021,#10017,#9745));
#10023=IFCFACEOUTERBOUND(#10022,.T.);
#10024=IFCFACE((#10023));
#10025=IFCCARTESIANPOINT((0.112349731999984,0.3,10.3465000366105));
#10026=IFCCARTESIANPOINT((0.612349731999984,0.3,10.3465000366105));
#10027=IFCPOLYLOOP((#9998,#10025,#10026));
#10028=IFCFACEOUTERBOUND(#10027,.T.);
#10029=IFCFACE((#10028));
#10030=IFCPOLYLOOP((#9998,#9797,#10025));
#10031=IFCFACEOUTERBOUND(#10030,.T.);
#10032=IFCFACE((#10031));
#10033=IFCPOLYLOOP((#9797,#9727,#10025));
#10034=IFCFACEOUTERBOUND(#10033,.T.);
#10035=IFCFACE((#10034));
#10036=IFCPOLYLOOP((#10025,#9727,#10005));
#10037=IFCFACEOUTERBOUND(#10036,.T.);
#10038=IFCFACE((#10037));
#10039=IFCPOLYLOOP((#9745,#9998,#10021));
#10040=IFCFACEOUTERBOUND(#10039,.T.);
#10041=IFCFACE((#10040));
#10042=IFCPOLYLOOP((#10021,#9998,#10026));
#10043=IFCFACEOUTERBOUND(#10042,.T.);
#10044=IFCFACE((#10043));
#10045=IFCCARTESIANPOINT((0.077517780936887,-0.28,10.0900000000001));
#10046=IFCPOLYLOOP((#9860,#10045,#9867));
#10047=IFCFACEOUTERBOUND(#10046,.T.);
#10048=IFCFACE((#10047));
#10049=IFCPOLYLOOP((#10045,#9874,#9867));
#10050=IFCFACEOUTERBOUND(#10049,.T.);
#10051=IFCFACE((#10050));
#10052=IFCPOLYLOOP((#9860,#9844,#10045));
#10053=IFCFACEOUTERBOUND(#10052,.T.);
#10054=IFCFACE((#10053));
#10055=IFCCARTESIANPOINT((0.077517780936887,0.28,10.09));
#10056=IFCPOLYLOOP((#9805,#10055,#9812));
#10057=IFCFACEOUTERBOUND(#10056,.T.);
#10058=IFCFACE((#10057));
#10059=IFCCARTESIANPOINT((0.637517780936889,-0.28,10.09));
#10060=IFCPOLYLOOP((#9902,#10059,#9922));
#10061=IFCFACEOUTERBOUND(#10060,.T.);
#10062=IFCFACE((#10061));
#10063=IFCPOLYLOOP((#9805,#9798,#10055));
#10064=IFCFACEOUTERBOUND(#10063,.T.);
#10065=IFCFACE((#10064));
#10066=IFCPOLYLOOP((#9798,#9797,#10055));
#10067=IFCFACEOUTERBOUND(#10066,.T.);
#10068=IFCFACE((#10067));
#10069=IFCPOLYLOOP((#10059,#9929,#9922));
#10070=IFCFACEOUTERBOUND(#10069,.T.);
#10071=IFCFACE((#10070));
#10072=IFCPOLYLOOP((#9936,#9929,#10059));
#10073=IFCFACEOUTERBOUND(#10072,.T.);
#10074=IFCFACE((#10073));
#10075=IFCPOLYLOOP((#9797,#9998,#10055));
#10076=IFCFACEOUTERBOUND(#10075,.T.);
#10077=IFCFACE((#10076));
#10078=IFCCARTESIANPOINT((0.637517780936889,0.28,10.09));
#10079=IFCPOLYLOOP((#9998,#9991,#10078));
#10080=IFCFACEOUTERBOUND(#10079,.T.);
#10081=IFCFACE((#10080));
#10082=IFCPOLYLOOP((#10078,#9984,#9968));
#10083=IFCFACEOUTERBOUND(#10082,.T.);
#10084=IFCFACE((#10083));
#10085=IFCPOLYLOOP((#9991,#9984,#10078));
#10086=IFCFACEOUTERBOUND(#10085,.T.);
#10087=IFCFACE((#10086));
#10088=IFCPOLYLOOP((#10078,#10055,#9998));
#10089=IFCFACEOUTERBOUND(#10088,.T.);
#10090=IFCFACE((#10089));
#10091=IFCPOLYLOOP((#10059,#10078,#9968));
#10092=IFCFACEOUTERBOUND(#10091,.T.);
#10093=IFCFACE((#10092));
#10094=IFCPOLYLOOP((#10059,#9968,#9936));
#10095=IFCFACEOUTERBOUND(#10094,.T.);
#10096=IFCFACE((#10095));
#10097=IFCPOLYLOOP((#10045,#10059,#9874));
#10098=IFCFACEOUTERBOUND(#10097,.T.);
#10099=IFCFACE((#10098));
#10100=IFCPOLYLOOP((#9874,#10059,#9902));
#10101=IFCFACEOUTERBOUND(#10100,.T.);
#10102=IFCFACE((#10101));
#10103=IFCPOLYLOOP((#10055,#10045,#9812));
#10104=IFCFACEOUTERBOUND(#10103,.T.);
#10105=IFCFACE((#10104));
#10106=IFCPOLYLOOP((#9812,#10045,#9844));
#10107=IFCFACEOUTERBOUND(#10106,.T.);
#10108=IFCFACE((#10107));
#10109=IFCCARTESIANPOINT((0.077517780936887,-0.25,10.8465000366105));
#10110=IFCPOLYLOOP((#9819,#9820,#10109));
#10111=IFCFACEOUTERBOUND(#10110,.T.);
#10112=IFCFACE((#10111));
#10113=IFCCARTESIANPOINT((0.0775177809368301,-0.156220882560868,10.9641562763954));
#10114=IFCPOLYLOOP((#10109,#9820,#10113));
#10115=IFCFACEOUTERBOUND(#10114,.T.);
#10116=IFCFACE((#10115));
#10117=IFCCARTESIANPOINT((0.077517780936887,0.25,10.8465000366105));
#10118=IFCCARTESIANPOINT((0.0775177809368301,0.150860532636882,10.9675744439483));
#10119=IFCPOLYLOOP((#9831,#10117,#10118));
#10120=IFCFACEOUTERBOUND(#10119,.T.);
#10121=IFCFACE((#10120));
#10122=IFCPOLYLOOP((#9831,#9835,#10117));
#10123=IFCFACEOUTERBOUND(#10122,.T.);
#10124=IFCFACE((#10123));
#10125=IFCCARTESIANPOINT((0.0708511142702264,-0.102592592592592,10.9910794388707));
#10126=IFCPOLYLOOP((#9824,#10125,#9820));
#10127=IFCFACEOUTERBOUND(#10126,.T.);
#10128=IFCFACE((#10127));
#10129=IFCCARTESIANPOINT((0.0775177809368301,-0.0117719329850891,11.0089245722938));
#10130=IFCPOLYLOOP((#10113,#10125,#10129));
#10131=IFCFACEOUTERBOUND(#10130,.T.);
#10132=IFCFACE((#10131));
#10133=IFCPOLYLOOP((#9820,#10125,#10113));
#10134=IFCFACEOUTERBOUND(#10133,.T.);
#10135=IFCFACE((#10134));
#10136=IFCPOLYLOOP((#10129,#10125,#9824));
#10137=IFCFACEOUTERBOUND(#10136,.T.);
#10138=IFCFACE((#10137));
#10139=IFCCARTESIANPOINT((0.0708511142702264,0.102592592592593,10.9910794388707));
#10140=IFCPOLYLOOP((#9831,#10139,#9824));
#10141=IFCFACEOUTERBOUND(#10140,.T.);
#10142=IFCFACE((#10141));
#10143=IFCPOLYLOOP((#10129,#10139,#10118));
#10144=IFCFACEOUTERBOUND(#10143,.T.);
#10145=IFCFACE((#10144));
#10146=IFCPOLYLOOP((#9824,#10139,#10129));
#10147=IFCFACEOUTERBOUND(#10146,.T.);
#10148=IFCFACE((#10147));
#10149=IFCPOLYLOOP((#10118,#10139,#9831));
#10150=IFCFACEOUTERBOUND(#10149,.T.);
#10151=IFCFACE((#10150));
#10152=IFCCARTESIANPOINT((0.077517780936887,0.25,10.3465000366105));
#10153=IFCPOLYLOOP((#9835,#9840,#10152));
#10154=IFCFACEOUTERBOUND(#10153,.T.);
#10155=IFCFACE((#10154));
#10156=IFCPOLYLOOP((#9835,#10152,#10117));
#10157=IFCFACEOUTERBOUND(#10156,.T.);
#10158=IFCFACE((#10157));
#10159=IFCCARTESIANPOINT((0.077517780936887,-0.25,10.3465000366105));
#10160=IFCPOLYLOOP((#9840,#9839,#10159));
#10161=IFCFACEOUTERBOUND(#10160,.T.);
#10162=IFCFACE((#10161));
#10163=IFCPOLYLOOP((#9840,#10159,#10152));
#10164=IFCFACEOUTERBOUND(#10163,.T.);
#10165=IFCFACE((#10164));
#10166=IFCPOLYLOOP((#10159,#9819,#10109));
#10167=IFCFACEOUTERBOUND(#10166,.T.);
#10168=IFCFACE((#10167));
#10169=IFCPOLYLOOP((#9839,#9819,#10159));
#10170=IFCFACEOUTERBOUND(#10169,.T.);
#10171=IFCFACE((#10170));
#10172=IFCCARTESIANPOINT((0.112349731999984,-0.28,10.3465000366105));
#10173=IFCPOLYLOOP((#9903,#10172,#9901));
#10174=IFCFACEOUTERBOUND(#10173,.T.);
#10175=IFCFACE((#10174));
#10176=IFCCARTESIANPOINT((0.612349731999984,-0.28,10.3465000366105));
#10177=IFCPOLYLOOP((#10176,#10172,#9903));
#10178=IFCFACEOUTERBOUND(#10177,.T.);
#10179=IFCFACE((#10178));
#10180=IFCCARTESIANPOINT((0.612349731999984,-0.28,10.8465000366105));
#10181=IFCPOLYLOOP((#10180,#10176,#9903));
#10182=IFCFACEOUTERBOUND(#10181,.T.);
#10183=IFCFACE((#10182));
#10184=IFCPOLYLOOP((#10180,#9903,#9881));
#10185=IFCFACEOUTERBOUND(#10184,.T.);
#10186=IFCFACE((#10185));
#10187=IFCCARTESIANPOINT((0.112349731999984,-0.28,10.8465000366105));
#10188=IFCPOLYLOOP((#10187,#9893,#9897));
#10189=IFCFACEOUTERBOUND(#10188,.T.);
#10190=IFCFACE((#10189));
#10191=IFCCARTESIANPOINT((0.206128849439551,-0.28,10.9641562763973));
#10192=IFCPOLYLOOP((#10187,#10191,#9893));
#10193=IFCFACEOUTERBOUND(#10192,.T.);
#10194=IFCFACE((#10193));
#10195=IFCCARTESIANPOINT((0.513210264627787,-0.28,10.9675744439537));
#10196=IFCPOLYLOOP((#9886,#10195,#9882));
#10197=IFCFACEOUTERBOUND(#10196,.T.);
#10198=IFCFACE((#10197));
#10199=IFCCARTESIANPOINT((0.35057779901598,-0.28,11.0089245722938));
#10200=IFCPOLYLOOP((#10199,#10195,#9886));
#10201=IFCFACEOUTERBOUND(#10200,.T.);
#10202=IFCFACE((#10201));
#10203=IFCPOLYLOOP((#9882,#10180,#9881));
#10204=IFCFACEOUTERBOUND(#10203,.T.);
#10205=IFCFACE((#10204));
#10206=IFCPOLYLOOP((#10195,#10180,#9882));
#10207=IFCFACEOUTERBOUND(#10206,.T.);
#10208=IFCFACE((#10207));
#10209=IFCCARTESIANPOINT((0.259757139407384,-0.293333333333333,10.9910794388707));
#10210=IFCPOLYLOOP((#10199,#10209,#10191));
#10211=IFCFACEOUTERBOUND(#10210,.T.);
#10212=IFCFACE((#10211));
#10213=IFCPOLYLOOP((#9893,#10209,#9886));
#10214=IFCFACEOUTERBOUND(#10213,.T.);
#10215=IFCFACE((#10214));
#10216=IFCPOLYLOOP((#10191,#10209,#9893));
#10217=IFCFACEOUTERBOUND(#10216,.T.);
#10218=IFCFACE((#10217));
#10219=IFCPOLYLOOP((#9886,#10209,#10199));
#10220=IFCFACEOUTERBOUND(#10219,.T.);
#10221=IFCFACE((#10220));
#10222=IFCPOLYLOOP((#9901,#10187,#9897));
#10223=IFCFACEOUTERBOUND(#10222,.T.);
#10224=IFCFACE((#10223));
#10225=IFCPOLYLOOP((#10172,#10187,#9901));
#10226=IFCFACEOUTERBOUND(#10225,.T.);
#10227=IFCFACE((#10226));
#10228=IFCCARTESIANPOINT((0.637517780936889,0.25,10.3465000366105));
#10229=IFCCARTESIANPOINT((0.637517780936889,-0.25,10.3465000366105));
#10230=IFCPOLYLOOP((#10228,#10229,#9964));
#10231=IFCFACEOUTERBOUND(#10230,.T.);
#10232=IFCFACE((#10231));
#10233=IFCPOLYLOOP((#10228,#9964,#9963));
#10234=IFCFACEOUTERBOUND(#10233,.T.);
#10235=IFCFACE((#10234));
#10236=IFCCARTESIANPOINT((0.637517780936889,0.25,10.8465000366105));
#10237=IFCPOLYLOOP((#10236,#10228,#9963));
#10238=IFCFACEOUTERBOUND(#10237,.T.);
#10239=IFCFACE((#10238));
#10240=IFCPOLYLOOP((#10236,#9963,#9943));
#10241=IFCFACEOUTERBOUND(#10240,.T.);
#10242=IFCFACE((#10241));
#10243=IFCCARTESIANPOINT((0.637517780936889,-0.25,10.8465000366105));
#10244=IFCPOLYLOOP((#10243,#9955,#9959));
#10245=IFCFACEOUTERBOUND(#10244,.T.);
#10246=IFCFACE((#10245));
#10247=IFCCARTESIANPOINT((0.637517780936832,-0.156220882561101,10.9641562763954));
#10248=IFCPOLYLOOP((#10243,#10247,#9955));
#10249=IFCFACEOUTERBOUND(#10248,.T.);
#10250=IFCFACE((#10249));
#10251=IFCCARTESIANPOINT((0.637517780936832,0.150860532710132,10.9675744439028));
#10252=IFCPOLYLOOP((#9948,#10251,#9944));
#10253=IFCFACEOUTERBOUND(#10252,.T.);
#10254=IFCFACE((#10253));
#10255=IFCCARTESIANPOINT((0.637517780936832,-0.0117719329854646,11.0089245722938));
#10256=IFCPOLYLOOP((#10255,#10251,#9948));
#10257=IFCFACEOUTERBOUND(#10256,.T.);
#10258=IFCFACE((#10257));
#10259=IFCPOLYLOOP((#9944,#10236,#9943));
#10260=IFCFACEOUTERBOUND(#10259,.T.);
#10261=IFCFACE((#10260));
#10262=IFCPOLYLOOP((#10251,#10236,#9944));
#10263=IFCFACEOUTERBOUND(#10262,.T.);
#10264=IFCFACE((#10263));
#10265=IFCCARTESIANPOINT((0.650851114270154,-0.102592592592592,10.9910794388707));
#10266=IFCPOLYLOOP((#10255,#10265,#10247));
#10267=IFCFACEOUTERBOUND(#10266,.T.);
#10268=IFCFACE((#10267));
#10269=IFCPOLYLOOP((#9955,#10265,#9948));
#10270=IFCFACEOUTERBOUND(#10269,.T.);
#10271=IFCFACE((#10270));
#10272=IFCPOLYLOOP((#10247,#10265,#9955));
#10273=IFCFACEOUTERBOUND(#10272,.T.);
#10274=IFCFACE((#10273));
#10275=IFCPOLYLOOP((#9948,#10265,#10255));
#10276=IFCFACEOUTERBOUND(#10275,.T.);
#10277=IFCFACE((#10276));
#10278=IFCPOLYLOOP((#9964,#10243,#9959));
#10279=IFCFACEOUTERBOUND(#10278,.T.);
#10280=IFCFACE((#10279));
#10281=IFCPOLYLOOP((#10229,#10243,#9964));
#10282=IFCFACEOUTERBOUND(#10281,.T.);
#10283=IFCFACE((#10282));
#10284=IFCCARTESIANPOINT((0.206128849439153,0.28,10.9641562763954));
#10285=IFCCARTESIANPOINT((0.112349731999984,0.28,10.8465000366105));
#10286=IFCPOLYLOOP((#10005,#10284,#10285));
#10287=IFCFACEOUTERBOUND(#10286,.T.);
#10288=IFCFACE((#10287));
#10289=IFCPOLYLOOP((#10005,#10006,#10284));
#10290=IFCFACEOUTERBOUND(#10289,.T.);
#10291=IFCFACE((#10290));
#10292=IFCCARTESIANPOINT((0.350577799014161,0.28,11.0089245722938));
#10293=IFCCARTESIANPOINT((0.513210264656493,0.28,10.9675744439373));
#10294=IFCPOLYLOOP((#10292,#10017,#10293));
#10295=IFCFACEOUTERBOUND(#10294,.T.);
#10296=IFCFACE((#10295));
#10297=IFCPOLYLOOP((#10010,#10017,#10292));
#10298=IFCFACEOUTERBOUND(#10297,.T.);
#10299=IFCFACE((#10298));
#10300=IFCCARTESIANPOINT((0.612349731999984,0.28,10.8465000366105));
#10301=IFCPOLYLOOP((#10293,#10021,#10300));
#10302=IFCFACEOUTERBOUND(#10301,.T.);
#10303=IFCFACE((#10302));
#10304=IFCPOLYLOOP((#10017,#10021,#10293));
#10305=IFCFACEOUTERBOUND(#10304,.T.);
#10306=IFCFACE((#10305));
#10307=IFCCARTESIANPOINT((0.259757139407384,0.286666666666667,10.9910794388707));
#10308=IFCPOLYLOOP((#10010,#10307,#10006));
#10309=IFCFACEOUTERBOUND(#10308,.T.);
#10310=IFCFACE((#10309));
#10311=IFCPOLYLOOP((#10284,#10307,#10292));
#10312=IFCFACEOUTERBOUND(#10311,.T.);
#10313=IFCFACE((#10312));
#10314=IFCPOLYLOOP((#10006,#10307,#10284));
#10315=IFCFACEOUTERBOUND(#10314,.T.);
#10316=IFCFACE((#10315));
#10317=IFCPOLYLOOP((#10292,#10307,#10010));
#10318=IFCFACEOUTERBOUND(#10317,.T.);
#10319=IFCFACE((#10318));
#10320=IFCCARTESIANPOINT((0.612349731999984,0.28,10.3465000366105));
#10321=IFCPOLYLOOP((#10021,#10026,#10320));
#10322=IFCFACEOUTERBOUND(#10321,.T.);
#10323=IFCFACE((#10322));
#10324=IFCPOLYLOOP((#10021,#10320,#10300));
#10325=IFCFACEOUTERBOUND(#10324,.T.);
#10326=IFCFACE((#10325));
#10327=IFCCARTESIANPOINT((0.112349731999984,0.28,10.3465000366105));
#10328=IFCPOLYLOOP((#10320,#10025,#10327));
#10329=IFCFACEOUTERBOUND(#10328,.T.);
#10330=IFCFACE((#10329));
#10331=IFCPOLYLOOP((#10026,#10025,#10320));
#10332=IFCFACEOUTERBOUND(#10331,.T.);
#10333=IFCFACE((#10332));
#10334=IFCPOLYLOOP((#10327,#10005,#10285));
#10335=IFCFACEOUTERBOUND(#10334,.T.);
#10336=IFCFACE((#10335));
#10337=IFCPOLYLOOP((#10025,#10005,#10327));
#10338=IFCFACEOUTERBOUND(#10337,.T.);
#10339=IFCFACE((#10338));
#10340=IFCCARTESIANPOINT((0.077517780936887,0.28,11.1299999999992));
#10341=IFCPOLYLOOP((#10117,#10340,#10118));
#10342=IFCFACEOUTERBOUND(#10341,.T.);
#10343=IFCFACE((#10342));
#10344=IFCPOLYLOOP((#10129,#10118,#10340));
#10345=IFCFACEOUTERBOUND(#10344,.T.);
#10346=IFCFACE((#10345));
#10347=IFCCARTESIANPOINT((0.077517780936887,-0.28,11.1299999999992));
#10348=IFCPOLYLOOP((#10347,#10129,#10340));
#10349=IFCFACEOUTERBOUND(#10348,.T.);
#10350=IFCFACE((#10349));
#10351=IFCPOLYLOOP((#10113,#10129,#10347));
#10352=IFCFACEOUTERBOUND(#10351,.T.);
#10353=IFCFACE((#10352));
#10354=IFCPOLYLOOP((#10109,#10113,#10347));
#10355=IFCFACEOUTERBOUND(#10354,.T.);
#10356=IFCFACE((#10355));
#10357=IFCPOLYLOOP((#10045,#10152,#10159));
#10358=IFCFACEOUTERBOUND(#10357,.T.);
#10359=IFCFACE((#10358));
#10360=IFCPOLYLOOP((#10045,#10055,#10152));
#10361=IFCFACEOUTERBOUND(#10360,.T.);
#10362=IFCFACE((#10361));
#10363=IFCPOLYLOOP((#10055,#10340,#10117));
#10364=IFCFACEOUTERBOUND(#10363,.T.);
#10365=IFCFACE((#10364));
#10366=IFCPOLYLOOP((#10055,#10117,#10152));
#10367=IFCFACEOUTERBOUND(#10366,.T.);
#10368=IFCFACE((#10367));
#10369=IFCPOLYLOOP((#10347,#10045,#10159));
#10370=IFCFACEOUTERBOUND(#10369,.T.);
#10371=IFCFACE((#10370));
#10372=IFCPOLYLOOP((#10347,#10159,#10109));
#10373=IFCFACEOUTERBOUND(#10372,.T.);
#10374=IFCFACE((#10373));
#10375=IFCPOLYLOOP((#10187,#10347,#10191));
#10376=IFCFACEOUTERBOUND(#10375,.T.);
#10377=IFCFACE((#10376));
#10378=IFCPOLYLOOP((#10199,#10191,#10347));
#10379=IFCFACEOUTERBOUND(#10378,.T.);
#10380=IFCFACE((#10379));
#10381=IFCCARTESIANPOINT((0.637517780936889,-0.28,11.1299999999992));
#10382=IFCPOLYLOOP((#10381,#10199,#10347));
#10383=IFCFACEOUTERBOUND(#10382,.T.);
#10384=IFCFACE((#10383));
#10385=IFCPOLYLOOP((#10195,#10199,#10381));
#10386=IFCFACEOUTERBOUND(#10385,.T.);
#10387=IFCFACE((#10386));
#10388=IFCPOLYLOOP((#10180,#10195,#10381));
#10389=IFCFACEOUTERBOUND(#10388,.T.);
#10390=IFCFACE((#10389));
#10391=IFCPOLYLOOP((#10059,#10172,#10176));
#10392=IFCFACEOUTERBOUND(#10391,.T.);
#10393=IFCFACE((#10392));
#10394=IFCPOLYLOOP((#10059,#10045,#10172));
#10395=IFCFACEOUTERBOUND(#10394,.T.);
#10396=IFCFACE((#10395));
#10397=IFCPOLYLOOP((#10045,#10347,#10187));
#10398=IFCFACEOUTERBOUND(#10397,.T.);
#10399=IFCFACE((#10398));
#10400=IFCPOLYLOOP((#10045,#10187,#10172));
#10401=IFCFACEOUTERBOUND(#10400,.T.);
#10402=IFCFACE((#10401));
#10403=IFCPOLYLOOP((#10381,#10059,#10176));
#10404=IFCFACEOUTERBOUND(#10403,.T.);
#10405=IFCFACE((#10404));
#10406=IFCPOLYLOOP((#10381,#10176,#10180));
#10407=IFCFACEOUTERBOUND(#10406,.T.);
#10408=IFCFACE((#10407));
#10409=IFCPOLYLOOP((#10243,#10381,#10247));
#10410=IFCFACEOUTERBOUND(#10409,.T.);
#10411=IFCFACE((#10410));
#10412=IFCPOLYLOOP((#10255,#10247,#10381));
#10413=IFCFACEOUTERBOUND(#10412,.T.);
#10414=IFCFACE((#10413));
#10415=IFCCARTESIANPOINT((0.637517780936889,0.28,11.1299999999992));
#10416=IFCPOLYLOOP((#10415,#10255,#10381));
#10417=IFCFACEOUTERBOUND(#10416,.T.);
#10418=IFCFACE((#10417));
#10419=IFCPOLYLOOP((#10251,#10255,#10415));
#10420=IFCFACEOUTERBOUND(#10419,.T.);
#10421=IFCFACE((#10420));
#10422=IFCPOLYLOOP((#10236,#10251,#10415));
#10423=IFCFACEOUTERBOUND(#10422,.T.);
#10424=IFCFACE((#10423));
#10425=IFCPOLYLOOP((#10078,#10229,#10228));
#10426=IFCFACEOUTERBOUND(#10425,.T.);
#10427=IFCFACE((#10426));
#10428=IFCPOLYLOOP((#10078,#10059,#10229));
#10429=IFCFACEOUTERBOUND(#10428,.T.);
#10430=IFCFACE((#10429));
#10431=IFCPOLYLOOP((#10059,#10381,#10243));
#10432=IFCFACEOUTERBOUND(#10431,.T.);
#10433=IFCFACE((#10432));
#10434=IFCPOLYLOOP((#10059,#10243,#10229));
#10435=IFCFACEOUTERBOUND(#10434,.T.);
#10436=IFCFACE((#10435));
#10437=IFCPOLYLOOP((#10415,#10078,#10228));
#10438=IFCFACEOUTERBOUND(#10437,.T.);
#10439=IFCFACE((#10438));
#10440=IFCPOLYLOOP((#10415,#10228,#10236));
#10441=IFCFACEOUTERBOUND(#10440,.T.);
#10442=IFCFACE((#10441));
#10443=IFCPOLYLOOP((#10300,#10415,#10293));
#10444=IFCFACEOUTERBOUND(#10443,.T.);
#10445=IFCFACE((#10444));
#10446=IFCPOLYLOOP((#10292,#10293,#10415));
#10447=IFCFACEOUTERBOUND(#10446,.T.);
#10448=IFCFACE((#10447));
#10449=IFCPOLYLOOP((#10340,#10292,#10415));
#10450=IFCFACEOUTERBOUND(#10449,.T.);
#10451=IFCFACE((#10450));
#10452=IFCPOLYLOOP((#10284,#10292,#10340));
#10453=IFCFACEOUTERBOUND(#10452,.T.);
#10454=IFCFACE((#10453));
#10455=IFCPOLYLOOP((#10285,#10284,#10340));
#10456=IFCFACEOUTERBOUND(#10455,.T.);
#10457=IFCFACE((#10456));
#10458=IFCPOLYLOOP((#10327,#10078,#10320));
#10459=IFCFACEOUTERBOUND(#10458,.T.);
#10460=IFCFACE((#10459));
#10461=IFCPOLYLOOP((#10055,#10078,#10327));
#10462=IFCFACEOUTERBOUND(#10461,.T.);
#10463=IFCFACE((#10462));
#10464=IFCPOLYLOOP((#10078,#10415,#10300));
#10465=IFCFACEOUTERBOUND(#10464,.T.);
#10466=IFCFACE((#10465));
#10467=IFCPOLYLOOP((#10078,#10300,#10320));
#10468=IFCFACEOUTERBOUND(#10467,.T.);
#10469=IFCFACE((#10468));
#10470=IFCPOLYLOOP((#10340,#10055,#10327));
#10471=IFCFACEOUTERBOUND(#10470,.T.);
#10472=IFCFACE((#10471));
#10473=IFCPOLYLOOP((#10340,#10327,#10285));
#10474=IFCFACEOUTERBOUND(#10473,.T.);
#10475=IFCFACE((#10474));
#10476=IFCPOLYLOOP((#10340,#10415,#10347));
#10477=IFCFACEOUTERBOUND(#10476,.T.);
#10478=IFCFACE((#10477));
#10479=IFCPOLYLOOP((#10347,#10415,#10381));
#10480=IFCFACEOUTERBOUND(#10479,.T.);
#10481=IFCFACE((#10480));
#10482=IFCCLOSEDSHELL((#6937,#6941,#6945,#6949,#6953,#6959,#6963,#6967,#6971,#6975,#6979,#6983,#6987,#6991,#6995,#6999,#7003,#7007,#7011,#7015,#7019,#7023,#7027,#7031,#7035,#7039,#7043,#7047,#7051,#7055,#7059,#7063,#7067,#7071,#7075,#7079,#7083,#7087,#7091,#7095,#7099,#7103,#7107,#7111,#7115,#7119,#7123,#7127,#7131,#7135,#7139,#7143,#7147,#7150,#7154,#7158,#7162,#7166,#7170,#7174,#7178,#7182,#7186,#7190,#7194,#7198,#7202,#7206,#7210,#7214,#7218,#7222,#7226,#7229,#7232,#7236,#7240,#7244,#7248,#7252,#7258,#7262,#7266,#7270,#7274,#7278,#7282,#7286,#7290,#7294,#7298,#7302,#7306,#7310,#7314,#7318,#7322,#7326,#7330,#7334,#7338,#7342,#7346,#7350,#7354,#7358,#7362,#7366,#7370,#7374,#7378,#7382,#7386,#7390,#7394,#7398,#7402,#7406,#7410,#7414,#7418,#7422,#7426,#7430,#7434,#7438,#7442,#7446,#7449,#7453,#7457,#7461,#7465,#7469,#7473,#7477,#7481,#7485,#7489,#7493,#7497,#7501,#7505,#7509,#7513,#7517,#7521,#7525,#7528,#7531,#7535,#7539,#7543,#7547,#7553,#7557,#7561,#7565,#7569,#7573,#7577,#7581,#7585,#7589,#7593,#7597,#7601,#7605,#7609,#7613,#7617,#7621,#7625,#7629,#7633,#7637,#7641,#7645,#7649,#7653,#7657,#7661,#7665,#7669,#7673,#7677,#7681,#7685,#7689,#7693,#7697,#7701,#7705,#7709,#7713,#7717,#7721,#7725,#7729,#7733,#7736,#7740,#7744,#7748,#7752,#7756,#7760,#7764,#7768,#7772,#7776,#7780,#7784,#7788,#7792,#7796,#7800,#7804,#7808,#7812,#7816,#7820,#7824,#7827,#7830,#7834,#7837,#7841,#7844,#7847,#7850,#7853,#7856,#7859,#7862,#7865,#7868,#7871,#7874,#7877,#7880,#7883,#7886,#7889,#7892,#7895,#7898,#7901,#7904,#7907,#7910,#7913,#7916,#7919,#7922,#7925,#7928,#7931,#7934,#7937,#7940,#7943,#7946,#7949,#7952,#7955,#7958,#7961,#7964,#7967,#7970,#7973,#7976,#7979,#7982,#7985,#7988,#7991,#7994,#7997,#8000,#8003,#8006,#8009,#8012,#8015,#8018,#8021,#8024,#8027,#8030,#8033,#8036,#8039,#8042,#8045,#8048,#8052,#8055,#8058,#8061,#8065,#8069,#8073,#8077,#8082,#8086,#8090,#8094,#8098,#8101,#8105,#8109,#8113,#8117,#8121,#8125,#8129,#8133,#8137,#8141,#8145,#8149,#8153,#8157,#8161,#8165,#8169,#8173,#8177,#8181,#8185,#8189,#8193,#8197,#8201,#8205,#8209,#8213,#8217,#8221,#8225,#8229,#8233,#8237,#8241,#8245,#8249,#8253,#8257,#8261,#8264,#8268,#8272,#8276,#8280,#8284,#8288,#8292,#8296,#8300,#8304,#8308,#8312,#8316,#8320,#8324,#8328,#8332,#8336,#8340,#8344,#8348,#8352,#8356,#8359,#8362,#8365,#8368,#8371,#8374,#8377,#8380,#8383,#8386,#8389,#8392,#8395,#8398,#8401,#8404,#8407,#8410,#8413,#8416,#8419,#8422,#8425,#8428,#8431,#8434,#8437,#8440,#8443,#8446,#8449,#8452,#8455,#8458,#8461,#8464,#8467,#8470,#8473,#8476,#8479,#8482,#8485,#8488,#8491,#8494,#8497,#8500,#8503,#8506,#8509,#8512,#8515,#8518,#8521,#8524,#8527,#8530,#8533,#8536,#8539,#8542,#8545,#8548,#8551,#8554,#8557,#8560,#8564,#8567,#8570,#8573,#8577,#8580,#8584,#8587,#8590,#8593,#8596,#8599,#8602,#8605,#8608,#8611,#8614,#8617,#8620,#8623,#8626,#8629,#8632,#8635,#8638,#8641,#8644,#8647,#8650,#8653,#8656,#8659,#8662,#8665,#8668,#8671,#8674,#8677,#8680,#8683,#8686,#8689,#8692,#8695,#8698,#8701,#8704,#8707,#8710,#8713,#8716,#8719,#8722,#8725,#8728,#8731,#8734,#8737,#8740,#8743,#8746,#8749,#8752,#8755,#8758,#8761,#8764,#8767,#8770,#8773,#8776,#8779,#8782,#8785,#8788,#8791,#8795,#8798,#8802,#8805,#8809,#8813,#8816,#8819,#8823,#8827,#8830,#8834,#8838,#8841,#8844,#8847,#8851,#8854,#8858,#8862,#8865,#8868,#8871,#8874,#8877,#8880,#8883,#8886,#8889,#8892,#8895,#8898,#8901,#8904,#8907,#8910,#8913,#8916,#8919,#8922,#8925,#8928,#8931,#8934,#8937,#8940,#8943,#8946,#8949,#8952,#8955,#8958,#8961,#8964,#8967,#8970,#8973,#8976,#8979,#8982,#8985,#8988,#8991,#8994,#8997,#9000,#9003,#9006,#9009,#9012,#9015,#9018,#9021,#9024,#9027,#9030,#9033,#9036,#9039,#9042,#9045,#9048,#9051,#9054,#9057,#9060,#9063,#9066,#9069,#9073,#9076,#9079,#9082,#9085,#9089,#9092,#9095,#9099,#9102,#9105,#9108,#9112,#9115,#9118,#9122,#9125,#9128,#9132,#9135,#9138,#9141,#9144,#9148,#9151,#9154,#9157,#9160,#9165,#9168,#9172,#9176,#9181,#9184,#9188,#9191,#9196,#9199,#9203,#9206,#9210,#9213,#9217,#9220,#9224,#9227,#9231,#9234,#9237,#9240,#9243,#9247,#9250,#9253,#9257,#9260,#9263,#9266,#9269,#9272,#9277,#9280,#9284,#9288,#9293,#9297,#9300,#9303,#9308,#9312,#9315,#9318,#9322,#9325,#9329,#9332,#9335,#9339,#9343,#9346,#9349,#9352,#9355,#9359,#9362,#9365,#9369,#9372,#9375,#9378,#9381,#9384,#9388,#9392,#9395,#9399,#9402,#9406,#9409,#9412,#9416,#9420,#9424,#9428,#9432,#9436,#9440,#9444,#9447,#9451,#9456,#9460,#9463,#9468,#9471,#9474,#9477,#9480,#9485,#9489,#9492,#9496,#9499,#9502,#9505,#9508,#9513,#9517,#9521,#9524,#9527,#9530,#9533,#9536,#9540,#9543,#9547,#9550,#9553,#9556,#9561,#9566,#9570,#9573,#9576,#9579,#9582,#9585,#9589,#9593,#9598,#9602,#9605,#9608,#9611,#9614,#9617,#9621,#9625,#9630,#9634,#9637,#9640,#9643,#9646,#9649,#9653,#9657,#9662,#9666,#9669,#9672,#9675,#9678,#9681,#9684,#9688,#9692,#9696,#9700,#9703,#9707,#9710,#9714,#9718,#9722,#9726,#9730,#9733,#9738,#9741,#9744,#9748,#9752,#9755,#9759,#9763,#9766,#9769,#9772,#9775,#9778,#9781,#9784,#9787,#9790,#9793,#9796,#9801,#9804,#9808,#9811,#9815,#9818,#9823,#9827,#9830,#9834,#9838,#9843,#9847,#9850,#9853,#9856,#9859,#9863,#9866,#9870,#9873,#9877,#9880,#9885,#9889,#9892,#9896,#9900,#9906,#9909,#9912,#9915,#9918,#9921,#9925,#9928,#9932,#9935,#9939,#9942,#9947,#9951,#9954,#9958,#9962,#9967,#9971,#9974,#9977,#9980,#9983,#9987,#9990,#9994,#9997,#10001,#10004,#10009,#10013,#10016,#10020,#10024,#10029,#10032,#10035,#10038,#10041,#10044,#10048,#10051,#10054,#10058,#10062,#10065,#10068,#10071,#10074,#10077,#10081,#10084,#10087,#10090,#10093,#10096,#10099,#10102,#10105,#10108,#10112,#10116,#10121,#10124,#10128,#10132,#10135,#10138,#10142,#10145,#10148,#10151,#10155,#10158,#10162,#10165,#10168,#10171,#10175,#10179,#10183,#10186,#10190,#10194,#10198,#10202,#10205,#10208,#10212,#10215,#10218,#10221,#10224,#10227,#10232,#10235,#10239,#10242,#10246,#10250,#10254,#10258,#10261,#10264,#10268,#10271,#10274,#10277,#10280,#10283,#10288,#10291,#10296,#10299,#10303,#10306,#10310,#10313,#10316,#10319,#10323,#10326,#10330,#10333,#10336,#10339,#10343,#10346,#10350,#10353,#10356,#10359,#10362,#10365,#10368,#10371,#10374,#10377,#10380,#10384,#10387,#10390,#10393,#10396,#10399,#10402,#10405,#10408,#10411,#10414,#10418,#10421,#10424,#10427,#10430,#10433,#10436,#10439,#10442,#10445,#10448,#10451,#10454,#10457,#10460,#10463,#10466,#10469,#10472,#10475,#10478,#10481));
#10483=IFCFACETEDBREP(#10482);
#10484=IFCSTYLEDITEM(#10483,(#591),$);
#10485=IFCSHAPEREPRESENTATION(#22,'Body','Brep',(#10483));
#10486=IFCPRODUCTDEFINITIONSHAPE($,$,(#10485));
#10487=IFCBUILDINGELEMENTPROXY('0bsux_I$1CVOzhTJwFCJ_M',#13888,'Bellcote','',$,#593,#10486,$,$);
#10488=IFCCARTESIANPOINT((8.09,-3.49070950560298E-31,7.2));
#10489=IFCCARTESIANPOINT((8.09000000000015,-0.8192,6.5856));
#10490=IFCCARTESIANPOINT((8.21000000000004,-0.8192,6.5856));
#10491=IFCPOLYLOOP((#10488,#10489,#10490));
#10492=IFCFACEOUTERBOUND(#10491,.T.);
#10493=IFCFACE((#10492));
#10494=IFCCARTESIANPOINT((8.21000000000004,2.66453525909677E-17,7.19999999999999));
#10495=IFCPOLYLOOP((#10488,#10490,#10494));
#10496=IFCFACEOUTERBOUND(#10495,.T.);
#10497=IFCFACE((#10496));
#10498=IFCCARTESIANPOINT((8.09000000000015,-0.892205936706967,6.51944193301813));
#10499=IFCPOLYLOOP((#10489,#10498,#10490));
#10500=IFCFACEOUTERBOUND(#10499,.T.);
#10501=IFCFACE((#10500));
#10502=IFCCARTESIANPOINT((8.21000000000004,-0.892205936706967,6.51944193301813));
#10503=IFCPOLYLOOP((#10490,#10498,#10502));
#10504=IFCFACEOUTERBOUND(#10503,.T.);
#10505=IFCFACE((#10504));
#10506=IFCCARTESIANPOINT((8.09000000000015,-0.951760549239943,6.44095623529373));
#10507=IFCCARTESIANPOINT((8.21000000000004,-0.951760549239943,6.44095623529373));
#10508=IFCPOLYLOOP((#10502,#10506,#10507));
#10509=IFCFACEOUTERBOUND(#10508,.T.);
#10510=IFCFACE((#10509));
#10511=IFCPOLYLOOP((#10498,#10506,#10502));
#10512=IFCFACEOUTERBOUND(#10511,.T.);
#10513=IFCFACE((#10512));
#10514=IFCCARTESIANPOINT((8.09000000000015,-0.995821317778949,6.35283469821572));
#10515=IFCCARTESIANPOINT((8.21000000000004,-0.995821317778949,6.3528346982157));
#10516=IFCPOLYLOOP((#10507,#10514,#10515));
#10517=IFCFACEOUTERBOUND(#10516,.T.);
#10518=IFCFACE((#10517));
#10519=IFCPOLYLOOP((#10506,#10514,#10507));
#10520=IFCFACEOUTERBOUND(#10519,.T.);
#10521=IFCFACE((#10520));
#10522=IFCCARTESIANPOINT((8.09000000000015,-1.02287710843869,6.25809958955469));
#10523=IFCCARTESIANPOINT((8.21000000000004,-1.02287710843869,6.25809958955469));
#10524=IFCPOLYLOOP((#10515,#10522,#10523));
#10525=IFCFACEOUTERBOUND(#10524,.T.);
#10526=IFCFACE((#10525));
#10527=IFCPOLYLOOP((#10514,#10522,#10515));
#10528=IFCFACEOUTERBOUND(#10527,.T.);
#10529=IFCFACE((#10528));
#10530=IFCCARTESIANPOINT((8.09000000000015,-1.032,6.16));
#10531=IFCCARTESIANPOINT((8.21000000000004,-1.032,6.16));
#10532=IFCPOLYLOOP((#10523,#10530,#10531));
#10533=IFCFACEOUTERBOUND(#10532,.T.);
#10534=IFCFACE((#10533));
#10535=IFCPOLYLOOP((#10522,#10530,#10523));
#10536=IFCFACEOUTERBOUND(#10535,.T.);
#10537=IFCFACE((#10536));
#10538=IFCCARTESIANPOINT((8.21000000000004,0.819200000000001,6.5856));
#10539=IFCPOLYLOOP((#10538,#10488,#10494));
#10540=IFCFACEOUTERBOUND(#10539,.T.);
#10541=IFCFACE((#10540));
#10542=IFCCARTESIANPOINT((8.09000000000015,0.819200000000001,6.5856));
#10543=IFCPOLYLOOP((#10542,#10488,#10538));
#10544=IFCFACEOUTERBOUND(#10543,.T.);
#10545=IFCFACE((#10544));
#10546=IFCCARTESIANPOINT((8.09,1.,3.16));
#10547=IFCCARTESIANPOINT((8.09,1.032,3.12));
#10548=IFCCARTESIANPOINT((8.09,-1.032,3.12));
#10549=IFCPOLYLOOP((#10546,#10547,#10548));
#10550=IFCFACEOUTERBOUND(#10549,.T.);
#10551=IFCFACE((#10550));
#10552=IFCCARTESIANPOINT((8.09,-1.,3.16));
#10553=IFCPOLYLOOP((#10546,#10548,#10552));
#10554=IFCFACEOUTERBOUND(#10553,.T.);
#10555=IFCFACE((#10554));
#10556=IFCPOLYLOOP((#10530,#10552,#10548));
#10557=IFCFACEOUTERBOUND(#10556,.T.);
#10558=IFCFACE((#10557));
#10559=IFCCARTESIANPOINT((8.09,-1.,6.16));
#10560=IFCPOLYLOOP((#10559,#10552,#10530));
#10561=IFCFACEOUTERBOUND(#10560,.T.);
#10562=IFCFACE((#10561));
#10563=IFCCARTESIANPOINT((8.09000000000015,-0.991425853795757,6.25219886236343));
#10564=IFCPOLYLOOP((#10563,#10530,#10522));
#10565=IFCFACEOUTERBOUND(#10564,.T.);
#10566=IFCFACE((#10565));
#10567=IFCPOLYLOOP((#10563,#10559,#10530));
#10568=IFCFACEOUTERBOUND(#10567,.T.);
#10569=IFCFACE((#10568));
#10570=IFCCARTESIANPOINT((8.09000000000015,-0.965997479115554,6.34123561862378));
#10571=IFCPOLYLOOP((#10570,#10522,#10514));
#10572=IFCFACEOUTERBOUND(#10571,.T.);
#10573=IFCFACE((#10572));
#10574=IFCPOLYLOOP((#10570,#10563,#10522));
#10575=IFCFACEOUTERBOUND(#10574,.T.);
#10576=IFCFACE((#10575));
#10577=IFCPOLYLOOP((#10506,#10570,#10514));
#10578=IFCFACEOUTERBOUND(#10577,.T.);
#10579=IFCFACE((#10578));
#10580=IFCCARTESIANPOINT((8.09000000000015,-0.924586982368368,6.42405661211816));
#10581=IFCPOLYLOOP((#10580,#10570,#10506));
#10582=IFCFACEOUTERBOUND(#10581,.T.);
#10583=IFCFACE((#10582));
#10584=IFCCARTESIANPOINT((8.09000000000015,-0.868614602168203,6.49782136561853));
#10585=IFCPOLYLOOP((#10584,#10506,#10498));
#10586=IFCFACEOUTERBOUND(#10585,.T.);
#10587=IFCFACE((#10586));
#10588=IFCPOLYLOOP((#10584,#10580,#10506));
#10589=IFCFACEOUTERBOUND(#10588,.T.);
#10590=IFCFACE((#10589));
#10591=IFCCARTESIANPOINT((8.09,-0.8,6.56));
#10592=IFCPOLYLOOP((#10489,#10591,#10584));
#10593=IFCFACEOUTERBOUND(#10592,.T.);
#10594=IFCFACE((#10593));
#10595=IFCPOLYLOOP((#10489,#10584,#10498));
#10596=IFCFACEOUTERBOUND(#10595,.T.);
#10597=IFCFACE((#10596));
#10598=IFCCARTESIANPOINT((8.09,-3.47098798297245E-31,7.16));
#10599=IFCPOLYLOOP((#10598,#10591,#10489));
#10600=IFCFACEOUTERBOUND(#10599,.T.);
#10601=IFCFACE((#10600));
#10602=IFCCARTESIANPOINT((8.09,1.032,6.16));
#10603=IFCCARTESIANPOINT((8.09,1.,6.16));
#10604=IFCPOLYLOOP((#10602,#10546,#10603));
#10605=IFCFACEOUTERBOUND(#10604,.T.);
#10606=IFCFACE((#10605));
#10607=IFCPOLYLOOP((#10488,#10598,#10489));
#10608=IFCFACEOUTERBOUND(#10607,.T.);
#10609=IFCFACE((#10608));
#10610=IFCCARTESIANPOINT((8.09000000000015,1.02287710843869,6.25809958955469));
#10611=IFCCARTESIANPOINT((8.09000000000015,0.991425853795757,6.25219886236343));
#10612=IFCPOLYLOOP((#10610,#10603,#10611));
#10613=IFCFACEOUTERBOUND(#10612,.T.);
#10614=IFCFACE((#10613));
#10615=IFCPOLYLOOP((#10610,#10602,#10603));
#10616=IFCFACEOUTERBOUND(#10615,.T.);
#10617=IFCFACE((#10616));
#10618=IFCCARTESIANPOINT((8.09000000000015,0.995821317778949,6.35283469821572));
#10619=IFCCARTESIANPOINT((8.09000000000015,0.965997479115554,6.34123561862378));
#10620=IFCPOLYLOOP((#10618,#10611,#10619));
#10621=IFCFACEOUTERBOUND(#10620,.T.);
#10622=IFCFACE((#10621));
#10623=IFCPOLYLOOP((#10618,#10610,#10611));
#10624=IFCFACEOUTERBOUND(#10623,.T.);
#10625=IFCFACE((#10624));
#10626=IFCCARTESIANPOINT((8.09000000000015,0.951760549239943,6.44095623529373));
#10627=IFCCARTESIANPOINT((8.09000000000015,0.924586982368368,6.42405661211816));
#10628=IFCPOLYLOOP((#10626,#10619,#10627));
#10629=IFCFACEOUTERBOUND(#10628,.T.);
#10630=IFCFACE((#10629));
#10631=IFCPOLYLOOP((#10626,#10618,#10619));
#10632=IFCFACEOUTERBOUND(#10631,.T.);
#10633=IFCFACE((#10632));
#10634=IFCCARTESIANPOINT((8.09,0.8,6.56));
#10635=IFCPOLYLOOP((#10542,#10634,#10598));
#10636=IFCFACEOUTERBOUND(#10635,.T.);
#10637=IFCFACE((#10636));
#10638=IFCPOLYLOOP((#10542,#10598,#10488));
#10639=IFCFACEOUTERBOUND(#10638,.T.);
#10640=IFCFACE((#10639));
#10641=IFCCARTESIANPOINT((8.09000000000015,0.892205936706967,6.51944193301813));
#10642=IFCCARTESIANPOINT((8.09000000000015,0.868614602168202,6.49782136561853));
#10643=IFCPOLYLOOP((#10641,#10627,#10642));
#10644=IFCFACEOUTERBOUND(#10643,.T.);
#10645=IFCFACE((#10644));
#10646=IFCPOLYLOOP((#10641,#10642,#10634));
#10647=IFCFACEOUTERBOUND(#10646,.T.);
#10648=IFCFACE((#10647));
#10649=IFCPOLYLOOP((#10641,#10626,#10627));
#10650=IFCFACEOUTERBOUND(#10649,.T.);
#10651=IFCFACE((#10650));
#10652=IFCPOLYLOOP((#10641,#10634,#10542));
#10653=IFCFACEOUTERBOUND(#10652,.T.);
#10654=IFCFACE((#10653));
#10655=IFCPOLYLOOP((#10602,#10547,#10546));
#10656=IFCFACEOUTERBOUND(#10655,.T.);
#10657=IFCFACE((#10656));
#10658=IFCCARTESIANPOINT((8.21000000000004,1.032,3.12));
#10659=IFCCARTESIANPOINT((8.21,1.,3.16));
#10660=IFCCARTESIANPOINT((8.21,-1.032,3.12));
#10661=IFCPOLYLOOP((#10658,#10659,#10660));
#10662=IFCFACEOUTERBOUND(#10661,.T.);
#10663=IFCFACE((#10662));
#10664=IFCCARTESIANPOINT((8.21,-1.,3.16));
#10665=IFCPOLYLOOP((#10660,#10659,#10664));
#10666=IFCFACEOUTERBOUND(#10665,.T.);
#10667=IFCFACE((#10666));
#10668=IFCPOLYLOOP((#10664,#10531,#10660));
#10669=IFCFACEOUTERBOUND(#10668,.T.);
#10670=IFCFACE((#10669));
#10671=IFCCARTESIANPOINT((8.21,-1.,6.16));
#10672=IFCPOLYLOOP((#10664,#10671,#10531));
#10673=IFCFACEOUTERBOUND(#10672,.T.);
#10674=IFCFACE((#10673));
#10675=IFCPOLYLOOP((#10671,#10523,#10531));
#10676=IFCFACEOUTERBOUND(#10675,.T.);
#10677=IFCFACE((#10676));
#10678=IFCCARTESIANPOINT((8.21000000000004,-0.991425853795757,6.25219886236343));
#10679=IFCPOLYLOOP((#10671,#10678,#10523));
#10680=IFCFACEOUTERBOUND(#10679,.T.);
#10681=IFCFACE((#10680));
#10682=IFCCARTESIANPOINT((8.21000000000004,-0.965997479115554,6.34123561862378));
#10683=IFCPOLYLOOP((#10523,#10682,#10515));
#10684=IFCFACEOUTERBOUND(#10683,.T.);
#10685=IFCFACE((#10684));
#10686=IFCPOLYLOOP((#10678,#10682,#10523));
#10687=IFCFACEOUTERBOUND(#10686,.T.);
#10688=IFCFACE((#10687));
#10689=IFCPOLYLOOP((#10682,#10507,#10515));
#10690=IFCFACEOUTERBOUND(#10689,.T.);
#10691=IFCFACE((#10690));
#10692=IFCCARTESIANPOINT((8.21000000000004,-0.924586982368368,6.42405661211816));
#10693=IFCPOLYLOOP((#10682,#10692,#10507));
#10694=IFCFACEOUTERBOUND(#10693,.T.);
#10695=IFCFACE((#10694));
#10696=IFCCARTESIANPOINT((8.21000000000004,-0.868614602168203,6.49782136561853));
#10697=IFCPOLYLOOP((#10507,#10696,#10502));
#10698=IFCFACEOUTERBOUND(#10697,.T.);
#10699=IFCFACE((#10698));
#10700=IFCPOLYLOOP((#10692,#10696,#10507));
#10701=IFCFACEOUTERBOUND(#10700,.T.);
#10702=IFCFACE((#10701));
#10703=IFCCARTESIANPOINT((8.21,-0.8,6.56));
#10704=IFCPOLYLOOP((#10703,#10490,#10696));
#10705=IFCFACEOUTERBOUND(#10704,.T.);
#10706=IFCFACE((#10705));
#10707=IFCPOLYLOOP((#10696,#10490,#10502));
#10708=IFCFACEOUTERBOUND(#10707,.T.);
#10709=IFCFACE((#10708));
#10710=IFCCARTESIANPOINT((8.21000000000004,2.66453525909677E-17,7.16));
#10711=IFCPOLYLOOP((#10703,#10710,#10490));
#10712=IFCFACEOUTERBOUND(#10711,.T.);
#10713=IFCFACE((#10712));
#10714=IFCCARTESIANPOINT((8.21,1.032,6.16));
#10715=IFCCARTESIANPOINT((8.21000000000004,1.,6.16));
#10716=IFCPOLYLOOP((#10659,#10714,#10715));
#10717=IFCFACEOUTERBOUND(#10716,.T.);
#10718=IFCFACE((#10717));
#10719=IFCPOLYLOOP((#10710,#10494,#10490));
#10720=IFCFACEOUTERBOUND(#10719,.T.);
#10721=IFCFACE((#10720));
#10722=IFCCARTESIANPOINT((8.21000000000004,1.02287710843869,6.25809958955469));
#10723=IFCCARTESIANPOINT((8.21000000000004,0.991425853795757,6.25219886236343));
#10724=IFCPOLYLOOP((#10715,#10722,#10723));
#10725=IFCFACEOUTERBOUND(#10724,.T.);
#10726=IFCFACE((#10725));
#10727=IFCPOLYLOOP((#10714,#10722,#10715));
#10728=IFCFACEOUTERBOUND(#10727,.T.);
#10729=IFCFACE((#10728));
#10730=IFCCARTESIANPOINT((8.21000000000004,0.995821317778949,6.3528346982157));
#10731=IFCCARTESIANPOINT((8.21000000000004,0.965997479115554,6.34123561862378));
#10732=IFCPOLYLOOP((#10723,#10730,#10731));
#10733=IFCFACEOUTERBOUND(#10732,.T.);
#10734=IFCFACE((#10733));
#10735=IFCCARTESIANPOINT((8.21000000000004,0.924586982368368,6.42405661211816));
#10736=IFCPOLYLOOP((#10731,#10730,#10735));
#10737=IFCFACEOUTERBOUND(#10736,.T.);
#10738=IFCFACE((#10737));
#10739=IFCPOLYLOOP((#10722,#10730,#10723));
#10740=IFCFACEOUTERBOUND(#10739,.T.);
#10741=IFCFACE((#10740));
#10742=IFCCARTESIANPOINT((8.21000000000004,0.951760549239943,6.44095623529373));
#10743=IFCPOLYLOOP((#10730,#10742,#10735));
#10744=IFCFACEOUTERBOUND(#10743,.T.);
#10745=IFCFACE((#10744));
#10746=IFCCARTESIANPOINT((8.21,0.8,6.56));
#10747=IFCPOLYLOOP((#10746,#10538,#10710));
#10748=IFCFACEOUTERBOUND(#10747,.T.);
#10749=IFCFACE((#10748));
#10750=IFCPOLYLOOP((#10710,#10538,#10494));
#10751=IFCFACEOUTERBOUND(#10750,.T.);
#10752=IFCFACE((#10751));
#10753=IFCCARTESIANPOINT((8.21000000000004,0.892205936706967,6.51944193301813));
#10754=IFCCARTESIANPOINT((8.21000000000004,0.868614602168202,6.49782136561853));
#10755=IFCPOLYLOOP((#10735,#10753,#10754));
#10756=IFCFACEOUTERBOUND(#10755,.T.);
#10757=IFCFACE((#10756));
#10758=IFCPOLYLOOP((#10754,#10753,#10746));
#10759=IFCFACEOUTERBOUND(#10758,.T.);
#10760=IFCFACE((#10759));
#10761=IFCPOLYLOOP((#10742,#10753,#10735));
#10762=IFCFACEOUTERBOUND(#10761,.T.);
#10763=IFCFACE((#10762));
#10764=IFCPOLYLOOP((#10746,#10753,#10538));
#10765=IFCFACEOUTERBOUND(#10764,.T.);
#10766=IFCFACE((#10765));
#10767=IFCPOLYLOOP((#10658,#10714,#10659));
#10768=IFCFACEOUTERBOUND(#10767,.T.);
#10769=IFCFACE((#10768));
#10770=IFCCARTESIANPOINT((8.15,-1.032,3.12));
#10771=IFCPOLYLOOP((#10531,#10770,#10660));
#10772=IFCFACEOUTERBOUND(#10771,.T.);
#10773=IFCFACE((#10772));
#10774=IFCPOLYLOOP((#10530,#10548,#10770));
#10775=IFCFACEOUTERBOUND(#10774,.T.);
#10776=IFCFACE((#10775));
#10777=IFCPOLYLOOP((#10530,#10770,#10531));
#10778=IFCFACEOUTERBOUND(#10777,.T.);
#10779=IFCFACE((#10778));
#10780=IFCPOLYLOOP((#10602,#10610,#10714));
#10781=IFCFACEOUTERBOUND(#10780,.T.);
#10782=IFCFACE((#10781));
#10783=IFCPOLYLOOP((#10714,#10610,#10722));
#10784=IFCFACEOUTERBOUND(#10783,.T.);
#10785=IFCFACE((#10784));
#10786=IFCPOLYLOOP((#10722,#10618,#10730));
#10787=IFCFACEOUTERBOUND(#10786,.T.);
#10788=IFCFACE((#10787));
#10789=IFCPOLYLOOP((#10610,#10618,#10722));
#10790=IFCFACEOUTERBOUND(#10789,.T.);
#10791=IFCFACE((#10790));
#10792=IFCPOLYLOOP((#10730,#10626,#10742));
#10793=IFCFACEOUTERBOUND(#10792,.T.);
#10794=IFCFACE((#10793));
#10795=IFCPOLYLOOP((#10618,#10626,#10730));
#10796=IFCFACEOUTERBOUND(#10795,.T.);
#10797=IFCFACE((#10796));
#10798=IFCPOLYLOOP((#10742,#10641,#10753));
#10799=IFCFACEOUTERBOUND(#10798,.T.);
#10800=IFCFACE((#10799));
#10801=IFCPOLYLOOP((#10626,#10641,#10742));
#10802=IFCFACEOUTERBOUND(#10801,.T.);
#10803=IFCFACE((#10802));
#10804=IFCPOLYLOOP((#10753,#10542,#10538));
#10805=IFCFACEOUTERBOUND(#10804,.T.);
#10806=IFCFACE((#10805));
#10807=IFCPOLYLOOP((#10641,#10542,#10753));
#10808=IFCFACEOUTERBOUND(#10807,.T.);
#10809=IFCFACE((#10808));
#10810=IFCCARTESIANPOINT((8.15,1.032,3.12));
#10811=IFCPOLYLOOP((#10810,#10602,#10714));
#10812=IFCFACEOUTERBOUND(#10811,.T.);
#10813=IFCFACE((#10812));
#10814=IFCPOLYLOOP((#10810,#10714,#10658));
#10815=IFCFACEOUTERBOUND(#10814,.T.);
#10816=IFCFACE((#10815));
#10817=IFCPOLYLOOP((#10547,#10602,#10810));
#10818=IFCFACEOUTERBOUND(#10817,.T.);
#10819=IFCFACE((#10818));
#10820=IFCCARTESIANPOINT((8.09000000000015,-1.42046,2.92));
#10821=IFCCARTESIANPOINT((8.09000000000015,-1.04,3.12));
#10822=IFCPOLYLOOP((#10548,#10820,#10821));
#10823=IFCFACEOUTERBOUND(#10822,.T.);
#10824=IFCFACE((#10823));
#10825=IFCCARTESIANPOINT((8.09000000000015,-1.46181,3.61));
#10826=IFCPOLYLOOP((#10825,#10821,#10820));
#10827=IFCFACEOUTERBOUND(#10826,.T.);
#10828=IFCFACE((#10827));
#10829=IFCCARTESIANPOINT((8.09000000000015,-1.16078,3.61));
#10830=IFCPOLYLOOP((#10829,#10821,#10825));
#10831=IFCFACEOUTERBOUND(#10830,.T.);
#10832=IFCFACE((#10831));
#10833=IFCCARTESIANPOINT((8.09,-1.4452,4.72));
#10834=IFCCARTESIANPOINT((8.09000000000015,-1.23037,4.));
#10835=IFCCARTESIANPOINT((8.09,-1.48279,4.));
#10836=IFCPOLYLOOP((#10833,#10834,#10835));
#10837=IFCFACEOUTERBOUND(#10836,.T.);
#10838=IFCFACE((#10837));
#10839=IFCCARTESIANPOINT((8.09,-1.21647,4.72));
#10840=IFCPOLYLOOP((#10839,#10834,#10833));
#10841=IFCFACEOUTERBOUND(#10840,.T.);
#10842=IFCFACE((#10841));
#10843=IFCCARTESIANPOINT((8.09000000000015,1.33285,2.92));
#10844=IFCPOLYLOOP((#10843,#10548,#10547));
#10845=IFCFACEOUTERBOUND(#10844,.T.);
#10846=IFCFACE((#10845));
#10847=IFCCARTESIANPOINT((8.09000000000015,1.04,3.12));
#10848=IFCPOLYLOOP((#10843,#10547,#10847));
#10849=IFCFACEOUTERBOUND(#10848,.T.);
#10850=IFCFACE((#10849));
#10851=IFCPOLYLOOP((#10843,#10820,#10548));
#10852=IFCFACEOUTERBOUND(#10851,.T.);
#10853=IFCFACE((#10852));
#10854=IFCCARTESIANPOINT((8.09000000000015,-1.39887,6.16));
#10855=IFCCARTESIANPOINT((8.09000000000015,-1.17137,5.34999999999999));
#10856=IFCCARTESIANPOINT((8.09000000000015,-1.46921,5.34999999999999));
#10857=IFCPOLYLOOP((#10854,#10855,#10856));
#10858=IFCFACEOUTERBOUND(#10857,.T.);
#10859=IFCFACE((#10858));
#10860=IFCCARTESIANPOINT((8.09000000000015,-1.04,6.16));
#10861=IFCPOLYLOOP((#10860,#10855,#10854));
#10862=IFCFACEOUTERBOUND(#10861,.T.);
#10863=IFCFACE((#10862));
#10864=IFCCARTESIANPOINT((8.09,1.43946,3.79));
#10865=IFCPOLYLOOP((#10864,#10843,#10847));
#10866=IFCFACEOUTERBOUND(#10865,.T.);
#10867=IFCFACE((#10866));
#10868=IFCCARTESIANPOINT((8.09,1.20312,3.79));
#10869=IFCPOLYLOOP((#10864,#10847,#10868));
#10870=IFCFACEOUTERBOUND(#10869,.T.);
#10871=IFCFACE((#10870));
#10872=IFCCARTESIANPOINT((8.09000000000015,1.19488,5.11));
#10873=IFCCARTESIANPOINT((8.09,1.41276,4.39));
#10874=IFCCARTESIANPOINT((8.09,1.25855,4.39));
#10875=IFCPOLYLOOP((#10872,#10873,#10874));
#10876=IFCFACEOUTERBOUND(#10875,.T.);
#10877=IFCFACE((#10876));
#10878=IFCCARTESIANPOINT((8.09,1.48026,5.11));
#10879=IFCPOLYLOOP((#10878,#10873,#10872));
#10880=IFCFACEOUTERBOUND(#10879,.T.);
#10881=IFCFACE((#10880));
#10882=IFCCARTESIANPOINT((8.09,1.38921,6.16));
#10883=IFCCARTESIANPOINT((8.09,1.31567,5.62));
#10884=IFCCARTESIANPOINT((8.09,1.15729,5.62));
#10885=IFCPOLYLOOP((#10882,#10883,#10884));
#10886=IFCFACEOUTERBOUND(#10885,.T.);
#10887=IFCFACE((#10886));
#10888=IFCCARTESIANPOINT((8.09,1.04,6.16));
#10889=IFCPOLYLOOP((#10882,#10884,#10888));
#10890=IFCFACEOUTERBOUND(#10889,.T.);
#10891=IFCFACE((#10890));
#10892=IFCPOLYLOOP((#10860,#10821,#10829));
#10893=IFCFACEOUTERBOUND(#10892,.T.);
#10894=IFCFACE((#10893));
#10895=IFCPOLYLOOP((#10860,#10829,#10834));
#10896=IFCFACEOUTERBOUND(#10895,.T.);
#10897=IFCFACE((#10896));
#10898=IFCPOLYLOOP((#10860,#10834,#10839));
#10899=IFCFACEOUTERBOUND(#10898,.T.);
#10900=IFCFACE((#10899));
#10901=IFCPOLYLOOP((#10860,#10839,#10855));
#10902=IFCFACEOUTERBOUND(#10901,.T.);
#10903=IFCFACE((#10902));
#10904=IFCPOLYLOOP((#10847,#10888,#10884));
#10905=IFCFACEOUTERBOUND(#10904,.T.);
#10906=IFCFACE((#10905));
#10907=IFCPOLYLOOP((#10847,#10884,#10872));
#10908=IFCFACEOUTERBOUND(#10907,.T.);
#10909=IFCFACE((#10908));
#10910=IFCPOLYLOOP((#10847,#10872,#10868));
#10911=IFCFACEOUTERBOUND(#10910,.T.);
#10912=IFCFACE((#10911));
#10913=IFCPOLYLOOP((#10868,#10872,#10874));
#10914=IFCFACEOUTERBOUND(#10913,.T.);
#10915=IFCFACE((#10914));
#10916=IFCPOLYLOOP((#10580,#10563,#10570));
#10917=IFCFACEOUTERBOUND(#10916,.T.);
#10918=IFCFACE((#10917));
#10919=IFCPOLYLOOP((#10591,#10580,#10584));
#10920=IFCFACEOUTERBOUND(#10919,.T.);
#10921=IFCFACE((#10920));
#10922=IFCPOLYLOOP((#10591,#10559,#10563));
#10923=IFCFACEOUTERBOUND(#10922,.T.);
#10924=IFCFACE((#10923));
#10925=IFCPOLYLOOP((#10591,#10563,#10580));
#10926=IFCFACEOUTERBOUND(#10925,.T.);
#10927=IFCFACE((#10926));
#10928=IFCPOLYLOOP((#10603,#10546,#10552));
#10929=IFCFACEOUTERBOUND(#10928,.T.);
#10930=IFCFACE((#10929));
#10931=IFCPOLYLOOP((#10603,#10552,#10559));
#10932=IFCFACEOUTERBOUND(#10931,.T.);
#10933=IFCFACE((#10932));
#10934=IFCPOLYLOOP((#10627,#10619,#10611));
#10935=IFCFACEOUTERBOUND(#10934,.T.);
#10936=IFCFACE((#10935));
#10937=IFCPOLYLOOP((#10634,#10591,#10598));
#10938=IFCFACEOUTERBOUND(#10937,.T.);
#10939=IFCFACE((#10938));
#10940=IFCPOLYLOOP((#10634,#10559,#10591));
#10941=IFCFACEOUTERBOUND(#10940,.T.);
#10942=IFCFACE((#10941));
#10943=IFCPOLYLOOP((#10634,#10603,#10559));
#10944=IFCFACEOUTERBOUND(#10943,.T.);
#10945=IFCFACE((#10944));
#10946=IFCPOLYLOOP((#10642,#10611,#10603));
#10947=IFCFACEOUTERBOUND(#10946,.T.);
#10948=IFCFACE((#10947));
#10949=IFCPOLYLOOP((#10642,#10627,#10611));
#10950=IFCFACEOUTERBOUND(#10949,.T.);
#10951=IFCFACE((#10950));
#10952=IFCPOLYLOOP((#10642,#10603,#10634));
#10953=IFCFACEOUTERBOUND(#10952,.T.);
#10954=IFCFACE((#10953));
#10955=IFCPOLYLOOP((#10770,#10810,#10658));
#10956=IFCFACEOUTERBOUND(#10955,.T.);
#10957=IFCFACE((#10956));
#10958=IFCPOLYLOOP((#10770,#10658,#10660));
#10959=IFCFACEOUTERBOUND(#10958,.T.);
#10960=IFCFACE((#10959));
#10961=IFCCARTESIANPOINT((8.15,-0.8,6.56));
#10962=IFCCARTESIANPOINT((8.15,1.33226762955015E-17,7.16));
#10963=IFCPOLYLOOP((#10961,#10962,#10703));
#10964=IFCFACEOUTERBOUND(#10963,.T.);
#10965=IFCFACE((#10964));
#10966=IFCPOLYLOOP((#10703,#10962,#10710));
#10967=IFCFACEOUTERBOUND(#10966,.T.);
#10968=IFCFACE((#10967));
#10969=IFCCARTESIANPOINT((8.15,0.8,6.56));
#10970=IFCPOLYLOOP((#10962,#10969,#10710));
#10971=IFCFACEOUTERBOUND(#10970,.T.);
#10972=IFCFACE((#10971));
#10973=IFCPOLYLOOP((#10710,#10969,#10746));
#10974=IFCFACEOUTERBOUND(#10973,.T.);
#10975=IFCFACE((#10974));
#10976=IFCCARTESIANPOINT((8.15000000000055,0.991425853795757,6.25219886236343));
#10977=IFCCARTESIANPOINT((8.15,1.,6.16));
#10978=IFCPOLYLOOP((#10976,#10977,#10715));
#10979=IFCFACEOUTERBOUND(#10978,.T.);
#10980=IFCFACE((#10979));
#10981=IFCPOLYLOOP((#10976,#10715,#10723));
#10982=IFCFACEOUTERBOUND(#10981,.T.);
#10983=IFCFACE((#10982));
#10984=IFCCARTESIANPOINT((8.15000000000055,0.965997479115554,6.34123561862378));
#10985=IFCPOLYLOOP((#10984,#10723,#10731));
#10986=IFCFACEOUTERBOUND(#10985,.T.);
#10987=IFCFACE((#10986));
#10988=IFCPOLYLOOP((#10984,#10976,#10723));
#10989=IFCFACEOUTERBOUND(#10988,.T.);
#10990=IFCFACE((#10989));
#10991=IFCCARTESIANPOINT((8.15000000000055,0.924586982368368,6.42405661211816));
#10992=IFCPOLYLOOP((#10991,#10731,#10735));
#10993=IFCFACEOUTERBOUND(#10992,.T.);
#10994=IFCFACE((#10993));
#10995=IFCPOLYLOOP((#10991,#10984,#10731));
#10996=IFCFACEOUTERBOUND(#10995,.T.);
#10997=IFCFACE((#10996));
#10998=IFCCARTESIANPOINT((8.15000000000055,0.868614602168202,6.49782136561853));
#10999=IFCPOLYLOOP((#10998,#10735,#10754));
#11000=IFCFACEOUTERBOUND(#10999,.T.);
#11001=IFCFACE((#11000));
#11002=IFCPOLYLOOP((#10998,#10991,#10735));
#11003=IFCFACEOUTERBOUND(#11002,.T.);
#11004=IFCFACE((#11003));
#11005=IFCPOLYLOOP((#10969,#10754,#10746));
#11006=IFCFACEOUTERBOUND(#11005,.T.);
#11007=IFCFACE((#11006));
#11008=IFCPOLYLOOP((#10969,#10998,#10754));
#11009=IFCFACEOUTERBOUND(#11008,.T.);
#11010=IFCFACE((#11009));
#11011=IFCCARTESIANPOINT((8.15,1.,3.16));
#11012=IFCPOLYLOOP((#10977,#11011,#10715));
#11013=IFCFACEOUTERBOUND(#11012,.T.);
#11014=IFCFACE((#11013));
#11015=IFCPOLYLOOP((#10715,#11011,#10659));
#11016=IFCFACEOUTERBOUND(#11015,.T.);
#11017=IFCFACE((#11016));
#11018=IFCCARTESIANPOINT((8.15,-1.,3.16));
#11019=IFCPOLYLOOP((#11011,#11018,#10659));
#11020=IFCFACEOUTERBOUND(#11019,.T.);
#11021=IFCFACE((#11020));
#11022=IFCPOLYLOOP((#10659,#11018,#10664));
#11023=IFCFACEOUTERBOUND(#11022,.T.);
#11024=IFCFACE((#11023));
#11025=IFCPOLYLOOP((#11018,#10671,#10664));
#11026=IFCFACEOUTERBOUND(#11025,.T.);
#11027=IFCFACE((#11026));
#11028=IFCCARTESIANPOINT((8.15,-1.,6.16));
#11029=IFCPOLYLOOP((#11018,#11028,#10671));
#11030=IFCFACEOUTERBOUND(#11029,.T.);
#11031=IFCFACE((#11030));
#11032=IFCCARTESIANPOINT((8.15000000000055,-0.868614602168202,6.49782136561853));
#11033=IFCPOLYLOOP((#11032,#10961,#10703));
#11034=IFCFACEOUTERBOUND(#11033,.T.);
#11035=IFCFACE((#11034));
#11036=IFCPOLYLOOP((#11032,#10703,#10696));
#11037=IFCFACEOUTERBOUND(#11036,.T.);
#11038=IFCFACE((#11037));
#11039=IFCCARTESIANPOINT((8.15000000000055,-0.924586982368368,6.42405661211816));
#11040=IFCPOLYLOOP((#11039,#10696,#10692));
#11041=IFCFACEOUTERBOUND(#11040,.T.);
#11042=IFCFACE((#11041));
#11043=IFCPOLYLOOP((#11039,#11032,#10696));
#11044=IFCFACEOUTERBOUND(#11043,.T.);
#11045=IFCFACE((#11044));
#11046=IFCCARTESIANPOINT((8.15000000000055,-0.965997479115553,6.34123561862378));
#11047=IFCPOLYLOOP((#11046,#10692,#10682));
#11048=IFCFACEOUTERBOUND(#11047,.T.);
#11049=IFCFACE((#11048));
#11050=IFCPOLYLOOP((#11046,#11039,#10692));
#11051=IFCFACEOUTERBOUND(#11050,.T.);
#11052=IFCFACE((#11051));
#11053=IFCCARTESIANPOINT((8.15000000000055,-0.991425853795757,6.25219886236343));
#11054=IFCPOLYLOOP((#11053,#10682,#10678));
#11055=IFCFACEOUTERBOUND(#11054,.T.);
#11056=IFCFACE((#11055));
#11057=IFCPOLYLOOP((#11053,#11046,#10682));
#11058=IFCFACEOUTERBOUND(#11057,.T.);
#11059=IFCFACE((#11058));
#11060=IFCPOLYLOOP((#11028,#10678,#10671));
#11061=IFCFACEOUTERBOUND(#11060,.T.);
#11062=IFCFACE((#11061));
#11063=IFCPOLYLOOP((#11028,#11053,#10678));
#11064=IFCFACEOUTERBOUND(#11063,.T.);
#11065=IFCFACE((#11064));
#11066=IFCCARTESIANPOINT((8.15,-1.04,3.12));
#11067=IFCPOLYLOOP((#10821,#11066,#10770));
#11068=IFCFACEOUTERBOUND(#11067,.T.);
#11069=IFCFACE((#11068));
#11070=IFCPOLYLOOP((#10548,#10821,#10770));
#11071=IFCFACEOUTERBOUND(#11070,.T.);
#11072=IFCFACE((#11071));
#11073=IFCCARTESIANPOINT((8.15,1.04,3.12));
#11074=IFCPOLYLOOP((#10547,#10810,#11073));
#11075=IFCFACEOUTERBOUND(#11074,.T.);
#11076=IFCFACE((#11075));
#11077=IFCPOLYLOOP((#10847,#10547,#11073));
#11078=IFCFACEOUTERBOUND(#11077,.T.);
#11079=IFCFACE((#11078));
#11080=IFCCARTESIANPOINT((8.14999999999964,-1.04,6.16));
#11081=IFCCARTESIANPOINT((8.14999999999964,-1.39887,6.16));
#11082=IFCPOLYLOOP((#11080,#10854,#11081));
#11083=IFCFACEOUTERBOUND(#11082,.T.);
#11084=IFCFACE((#11083));
#11085=IFCPOLYLOOP((#10860,#10854,#11080));
#11086=IFCFACEOUTERBOUND(#11085,.T.);
#11087=IFCFACE((#11086));
#11088=IFCPOLYLOOP((#11066,#10860,#11080));
#11089=IFCFACEOUTERBOUND(#11088,.T.);
#11090=IFCFACE((#11089));
#11091=IFCPOLYLOOP((#10821,#10860,#11066));
#11092=IFCFACEOUTERBOUND(#11091,.T.);
#11093=IFCFACE((#11092));
#11094=IFCPOLYLOOP((#10888,#10847,#11073));
#11095=IFCFACEOUTERBOUND(#11094,.T.);
#11096=IFCFACE((#11095));
#11097=IFCCARTESIANPOINT((8.15,1.04,6.16));
#11098=IFCPOLYLOOP((#10888,#11073,#11097));
#11099=IFCFACEOUTERBOUND(#11098,.T.);
#11100=IFCFACE((#11099));
#11101=IFCCARTESIANPOINT((8.14999999999964,1.38921,6.16));
#11102=IFCPOLYLOOP((#11101,#10888,#11097));
#11103=IFCFACEOUTERBOUND(#11102,.T.);
#11104=IFCFACE((#11103));
#11105=IFCPOLYLOOP((#10882,#10888,#11101));
#11106=IFCFACEOUTERBOUND(#11105,.T.);
#11107=IFCFACE((#11106));
#11108=IFCCARTESIANPOINT((8.15,1.31567,5.62));
#11109=IFCPOLYLOOP((#11108,#10882,#11101));
#11110=IFCFACEOUTERBOUND(#11109,.T.);
#11111=IFCFACE((#11110));
#11112=IFCPOLYLOOP((#10883,#10882,#11108));
#11113=IFCFACEOUTERBOUND(#11112,.T.);
#11114=IFCFACE((#11113));
#11115=IFCCARTESIANPOINT((8.15,1.15729,5.62));
#11116=IFCPOLYLOOP((#11115,#10883,#11108));
#11117=IFCFACEOUTERBOUND(#11116,.T.);
#11118=IFCFACE((#11117));
#11119=IFCPOLYLOOP((#10884,#10883,#11115));
#11120=IFCFACEOUTERBOUND(#11119,.T.);
#11121=IFCFACE((#11120));
#11122=IFCCARTESIANPOINT((8.15,1.19488,5.11));
#11123=IFCPOLYLOOP((#11122,#10884,#11115));
#11124=IFCFACEOUTERBOUND(#11123,.T.);
#11125=IFCFACE((#11124));
#11126=IFCPOLYLOOP((#10872,#10884,#11122));
#11127=IFCFACEOUTERBOUND(#11126,.T.);
#11128=IFCFACE((#11127));
#11129=IFCCARTESIANPOINT((8.14999999999964,1.48026,5.11));
#11130=IFCPOLYLOOP((#11129,#10872,#11122));
#11131=IFCFACEOUTERBOUND(#11130,.T.);
#11132=IFCFACE((#11131));
#11133=IFCPOLYLOOP((#10878,#10872,#11129));
#11134=IFCFACEOUTERBOUND(#11133,.T.);
#11135=IFCFACE((#11134));
#11136=IFCCARTESIANPOINT((8.14999999999964,1.41276,4.39));
#11137=IFCPOLYLOOP((#11136,#10878,#11129));
#11138=IFCFACEOUTERBOUND(#11137,.T.);
#11139=IFCFACE((#11138));
#11140=IFCPOLYLOOP((#10873,#10878,#11136));
#11141=IFCFACEOUTERBOUND(#11140,.T.);
#11142=IFCFACE((#11141));
#11143=IFCCARTESIANPOINT((8.14999999999964,1.25855,4.39));
#11144=IFCPOLYLOOP((#11143,#10873,#11136));
#11145=IFCFACEOUTERBOUND(#11144,.T.);
#11146=IFCFACE((#11145));
#11147=IFCPOLYLOOP((#10874,#10873,#11143));
#11148=IFCFACEOUTERBOUND(#11147,.T.);
#11149=IFCFACE((#11148));
#11150=IFCCARTESIANPOINT((8.15,1.20312,3.79));
#11151=IFCPOLYLOOP((#11150,#10874,#11143));
#11152=IFCFACEOUTERBOUND(#11151,.T.);
#11153=IFCFACE((#11152));
#11154=IFCPOLYLOOP((#10868,#10874,#11150));
#11155=IFCFACEOUTERBOUND(#11154,.T.);
#11156=IFCFACE((#11155));
#11157=IFCCARTESIANPOINT((8.14999999999964,1.43946,3.79000000000001));
#11158=IFCPOLYLOOP((#11157,#10868,#11150));
#11159=IFCFACEOUTERBOUND(#11158,.T.);
#11160=IFCFACE((#11159));
#11161=IFCPOLYLOOP((#10864,#10868,#11157));
#11162=IFCFACEOUTERBOUND(#11161,.T.);
#11163=IFCFACE((#11162));
#11164=IFCCARTESIANPOINT((8.14999999999964,1.33285,2.92));
#11165=IFCPOLYLOOP((#11164,#10864,#11157));
#11166=IFCFACEOUTERBOUND(#11165,.T.);
#11167=IFCFACE((#11166));
#11168=IFCPOLYLOOP((#10843,#10864,#11164));
#11169=IFCFACEOUTERBOUND(#11168,.T.);
#11170=IFCFACE((#11169));
#11171=IFCCARTESIANPOINT((8.14999999999964,-1.42046,2.92));
#11172=IFCPOLYLOOP((#11171,#10843,#11164));
#11173=IFCFACEOUTERBOUND(#11172,.T.);
#11174=IFCFACE((#11173));
#11175=IFCPOLYLOOP((#10820,#10843,#11171));
#11176=IFCFACEOUTERBOUND(#11175,.T.);
#11177=IFCFACE((#11176));
#11178=IFCPOLYLOOP((#10825,#10820,#11171));
#11179=IFCFACEOUTERBOUND(#11178,.T.);
#11180=IFCFACE((#11179));
#11181=IFCCARTESIANPOINT((8.14999999999964,-1.46181,3.61));
#11182=IFCPOLYLOOP((#10825,#11171,#11181));
#11183=IFCFACEOUTERBOUND(#11182,.T.);
#11184=IFCFACE((#11183));
#11185=IFCCARTESIANPOINT((8.14999999999964,-1.16078,3.61));
#11186=IFCPOLYLOOP((#11185,#10825,#11181));
#11187=IFCFACEOUTERBOUND(#11186,.T.);
#11188=IFCFACE((#11187));
#11189=IFCPOLYLOOP((#10829,#10825,#11185));
#11190=IFCFACEOUTERBOUND(#11189,.T.);
#11191=IFCFACE((#11190));
#11192=IFCCARTESIANPOINT((8.15,-1.23037,4.));
#11193=IFCPOLYLOOP((#11192,#10829,#11185));
#11194=IFCFACEOUTERBOUND(#11193,.T.);
#11195=IFCFACE((#11194));
#11196=IFCPOLYLOOP((#10834,#10829,#11192));
#11197=IFCFACEOUTERBOUND(#11196,.T.);
#11198=IFCFACE((#11197));
#11199=IFCCARTESIANPOINT((8.14999999999964,-1.48279,4.));
#11200=IFCPOLYLOOP((#11199,#10834,#11192));
#11201=IFCFACEOUTERBOUND(#11200,.T.);
#11202=IFCFACE((#11201));
#11203=IFCPOLYLOOP((#10835,#10834,#11199));
#11204=IFCFACEOUTERBOUND(#11203,.T.);
#11205=IFCFACE((#11204));
#11206=IFCCARTESIANPOINT((8.15,-1.4452,4.72));
#11207=IFCPOLYLOOP((#11206,#10835,#11199));
#11208=IFCFACEOUTERBOUND(#11207,.T.);
#11209=IFCFACE((#11208));
#11210=IFCPOLYLOOP((#10833,#10835,#11206));
#11211=IFCFACEOUTERBOUND(#11210,.T.);
#11212=IFCFACE((#11211));
#11213=IFCCARTESIANPOINT((8.15,-1.21647,4.72));
#11214=IFCPOLYLOOP((#11213,#10833,#11206));
#11215=IFCFACEOUTERBOUND(#11214,.T.);
#11216=IFCFACE((#11215));
#11217=IFCPOLYLOOP((#10839,#10833,#11213));
#11218=IFCFACEOUTERBOUND(#11217,.T.);
#11219=IFCFACE((#11218));
#11220=IFCPOLYLOOP((#10855,#10839,#11213));
#11221=IFCFACEOUTERBOUND(#11220,.T.);
#11222=IFCFACE((#11221));
#11223=IFCCARTESIANPOINT((8.14999999999964,-1.17137,5.34999999999999));
#11224=IFCPOLYLOOP((#10855,#11213,#11223));
#11225=IFCFACEOUTERBOUND(#11224,.T.);
#11226=IFCFACE((#11225));
#11227=IFCCARTESIANPOINT((8.15,-1.46921,5.35));
#11228=IFCPOLYLOOP((#11227,#10855,#11223));
#11229=IFCFACEOUTERBOUND(#11228,.T.);
#11230=IFCFACE((#11229));
#11231=IFCPOLYLOOP((#10856,#10855,#11227));
#11232=IFCFACEOUTERBOUND(#11231,.T.);
#11233=IFCFACE((#11232));
#11234=IFCPOLYLOOP((#11081,#10856,#11227));
#11235=IFCFACEOUTERBOUND(#11234,.T.);
#11236=IFCFACE((#11235));
#11237=IFCPOLYLOOP((#10854,#10856,#11081));
#11238=IFCFACEOUTERBOUND(#11237,.T.);
#11239=IFCFACE((#11238));
#11240=IFCPOLYLOOP((#11171,#10770,#11066));
#11241=IFCFACEOUTERBOUND(#11240,.T.);
#11242=IFCFACE((#11241));
#11243=IFCPOLYLOOP((#11066,#11181,#11171));
#11244=IFCFACEOUTERBOUND(#11243,.T.);
#11245=IFCFACE((#11244));
#11246=IFCPOLYLOOP((#11066,#11185,#11181));
#11247=IFCFACEOUTERBOUND(#11246,.T.);
#11248=IFCFACE((#11247));
#11249=IFCPOLYLOOP((#11192,#11206,#11199));
#11250=IFCFACEOUTERBOUND(#11249,.T.);
#11251=IFCFACE((#11250));
#11252=IFCPOLYLOOP((#11192,#11213,#11206));
#11253=IFCFACEOUTERBOUND(#11252,.T.);
#11254=IFCFACE((#11253));
#11255=IFCPOLYLOOP((#10770,#11164,#10810));
#11256=IFCFACEOUTERBOUND(#11255,.T.);
#11257=IFCFACE((#11256));
#11258=IFCPOLYLOOP((#10810,#11164,#11073));
#11259=IFCFACEOUTERBOUND(#11258,.T.);
#11260=IFCFACE((#11259));
#11261=IFCPOLYLOOP((#11171,#11164,#10770));
#11262=IFCFACEOUTERBOUND(#11261,.T.);
#11263=IFCFACE((#11262));
#11264=IFCPOLYLOOP((#11223,#11081,#11227));
#11265=IFCFACEOUTERBOUND(#11264,.T.);
#11266=IFCFACE((#11265));
#11267=IFCPOLYLOOP((#11223,#11080,#11081));
#11268=IFCFACEOUTERBOUND(#11267,.T.);
#11269=IFCFACE((#11268));
#11270=IFCPOLYLOOP((#11164,#11157,#11073));
#11271=IFCFACEOUTERBOUND(#11270,.T.);
#11272=IFCFACE((#11271));
#11273=IFCPOLYLOOP((#11073,#11157,#11150));
#11274=IFCFACEOUTERBOUND(#11273,.T.);
#11275=IFCFACE((#11274));
#11276=IFCPOLYLOOP((#11136,#11122,#11143));
#11277=IFCFACEOUTERBOUND(#11276,.T.);
#11278=IFCFACE((#11277));
#11279=IFCPOLYLOOP((#11136,#11129,#11122));
#11280=IFCFACEOUTERBOUND(#11279,.T.);
#11281=IFCFACE((#11280));
#11282=IFCPOLYLOOP((#11108,#11101,#11115));
#11283=IFCFACEOUTERBOUND(#11282,.T.);
#11284=IFCFACE((#11283));
#11285=IFCPOLYLOOP((#11115,#11101,#11097));
#11286=IFCFACEOUTERBOUND(#11285,.T.);
#11287=IFCFACE((#11286));
#11288=IFCPOLYLOOP((#11066,#11080,#11185));
#11289=IFCFACEOUTERBOUND(#11288,.T.);
#11290=IFCFACE((#11289));
#11291=IFCPOLYLOOP((#11185,#11080,#11192));
#11292=IFCFACEOUTERBOUND(#11291,.T.);
#11293=IFCFACE((#11292));
#11294=IFCPOLYLOOP((#11192,#11080,#11213));
#11295=IFCFACEOUTERBOUND(#11294,.T.);
#11296=IFCFACE((#11295));
#11297=IFCPOLYLOOP((#11213,#11080,#11223));
#11298=IFCFACEOUTERBOUND(#11297,.T.);
#11299=IFCFACE((#11298));
#11300=IFCPOLYLOOP((#11097,#11073,#11115));
#11301=IFCFACEOUTERBOUND(#11300,.T.);
#11302=IFCFACE((#11301));
#11303=IFCPOLYLOOP((#11115,#11073,#11122));
#11304=IFCFACEOUTERBOUND(#11303,.T.);
#11305=IFCFACE((#11304));
#11306=IFCPOLYLOOP((#11122,#11073,#11150));
#11307=IFCFACEOUTERBOUND(#11306,.T.);
#11308=IFCFACE((#11307));
#11309=IFCPOLYLOOP((#11122,#11150,#11143));
#11310=IFCFACEOUTERBOUND(#11309,.T.);
#11311=IFCFACE((#11310));
#11312=IFCPOLYLOOP((#11028,#11046,#11053));
#11313=IFCFACEOUTERBOUND(#11312,.T.);
#11314=IFCFACE((#11313));
#11315=IFCPOLYLOOP((#11028,#11039,#11046));
#11316=IFCFACEOUTERBOUND(#11315,.T.);
#11317=IFCFACE((#11316));
#11318=IFCPOLYLOOP((#11039,#10961,#11032));
#11319=IFCFACEOUTERBOUND(#11318,.T.);
#11320=IFCFACE((#11319));
#11321=IFCPOLYLOOP((#11028,#10961,#11039));
#11322=IFCFACEOUTERBOUND(#11321,.T.);
#11323=IFCFACE((#11322));
#11324=IFCPOLYLOOP((#11011,#10977,#11018));
#11325=IFCFACEOUTERBOUND(#11324,.T.);
#11326=IFCFACE((#11325));
#11327=IFCPOLYLOOP((#11018,#10977,#11028));
#11328=IFCFACEOUTERBOUND(#11327,.T.);
#11329=IFCFACE((#11328));
#11330=IFCPOLYLOOP((#10976,#10984,#10977));
#11331=IFCFACEOUTERBOUND(#11330,.T.);
#11332=IFCFACE((#11331));
#11333=IFCPOLYLOOP((#10961,#10969,#10962));
#11334=IFCFACEOUTERBOUND(#11333,.T.);
#11335=IFCFACE((#11334));
#11336=IFCPOLYLOOP((#11028,#10969,#10961));
#11337=IFCFACEOUTERBOUND(#11336,.T.);
#11338=IFCFACE((#11337));
#11339=IFCPOLYLOOP((#10977,#10969,#11028));
#11340=IFCFACEOUTERBOUND(#11339,.T.);
#11341=IFCFACE((#11340));
#11342=IFCPOLYLOOP((#10991,#10998,#10984));
#11343=IFCFACEOUTERBOUND(#11342,.T.);
#11344=IFCFACE((#11343));
#11345=IFCPOLYLOOP((#10984,#10998,#10977));
#11346=IFCFACEOUTERBOUND(#11345,.T.);
#11347=IFCFACE((#11346));
#11348=IFCPOLYLOOP((#10977,#10998,#10969));
#11349=IFCFACEOUTERBOUND(#11348,.T.);
#11350=IFCFACE((#11349));
#11351=IFCCLOSEDSHELL((#10493,#10497,#10501,#10505,#10510,#10513,#10518,#10521,#10526,#10529,#10534,#10537,#10541,#10545,#10551,#10555,#10558,#10562,#10566,#10569,#10573,#10576,#10579,#10583,#10587,#10590,#10594,#10597,#10601,#10606,#10609,#10614,#10617,#10622,#10625,#10630,#10633,#10637,#10640,#10645,#10648,#10651,#10654,#10657,#10663,#10667,#10670,#10674,#10677,#10681,#10685,#10688,#10691,#10695,#10699,#10702,#10706,#10709,#10713,#10718,#10721,#10726,#10729,#10734,#10738,#10741,#10745,#10749,#10752,#10757,#10760,#10763,#10766,#10769,#10773,#10776,#10779,#10782,#10785,#10788,#10791,#10794,#10797,#10800,#10803,#10806,#10809,#10813,#10816,#10819,#10824,#10828,#10832,#10838,#10842,#10846,#10850,#10853,#10859,#10863,#10867,#10871,#10877,#10881,#10887,#10891,#10894,#10897,#10900,#10903,#10906,#10909,#10912,#10915,#10918,#10921,#10924,#10927,#10930,#10933,#10936,#10939,#10942,#10945,#10948,#10951,#10954,#10957,#10960,#10965,#10968,#10972,#10975,#10980,#10983,#10987,#10990,#10994,#10997,#11001,#11004,#11007,#11010,#11014,#11017,#11021,#11024,#11027,#11031,#11035,#11038,#11042,#11045,#11049,#11052,#11056,#11059,#11062,#11065,#11069,#11072,#11076,#11079,#11084,#11087,#11090,#11093,#11096,#11100,#11104,#11107,#11111,#11114,#11118,#11121,#11125,#11128,#11132,#11135,#11139,#11142,#11146,#11149,#11153,#11156,#11160,#11163,#11167,#11170,#11174,#11177,#11180,#11184,#11188,#11191,#11195,#11198,#11202,#11205,#11209,#11212,#11216,#11219,#11222,#11226,#11230,#11233,#11236,#11239,#11242,#11245,#11248,#11251,#11254,#11257,#11260,#11263,#11266,#11269,#11272,#11275,#11278,#11281,#11284,#11287,#11290,#11293,#11296,#11299,#11302,#11305,#11308,#11311,#11314,#11317,#11320,#11323,#11326,#11329,#11332,#11335,#11338,#11341,#11344,#11347,#11350));
#11352=IFCFACETEDBREP(#11351);
#11353=IFCSTYLEDITEM(#11352,(#591),$);
#11354=IFCSHAPEREPRESENTATION(#22,'Body','Brep',(#11352));
#11355=IFCPRODUCTDEFINITIONSHAPE($,$,(#11354));
#11356=IFCWINDOW('1AgEHnsvv5cf_IVuo9ZUUe',#13884,'Window',$,$,#593,#11355,$,$,$,.NOTDEFINED.,.NOTDEFINED.,$);
#11357=IFCCARTESIANPOINT((-0.02,0.644117647058824,2.62));
#11358=IFCCARTESIANPOINT((-0.0199999999999996,0.63163131353135,2.71185655612297));
#11359=IFCCARTESIANPOINT((0.7,0.644117647058824,2.62));
#11360=IFCPOLYLOOP((#11357,#11358,#11359));
#11361=IFCFACEOUTERBOUND(#11360,.T.);
#11362=IFCFACE((#11361));
#11363=IFCCARTESIANPOINT((0.699999999999999,0.63163131353135,2.71185655612294));
#11364=IFCPOLYLOOP((#11359,#11358,#11363));
#11365=IFCFACEOUTERBOUND(#11364,.T.);
#11366=IFCFACE((#11365));
#11367=IFCCARTESIANPOINT((-0.0199999999999996,0.595078447965787,2.79704706877947));
#11368=IFCCARTESIANPOINT((0.699999999999999,0.595078447965787,2.79704706877953));
#11369=IFCPOLYLOOP((#11363,#11367,#11368));
#11370=IFCFACEOUTERBOUND(#11369,.T.);
#11371=IFCFACE((#11370));
#11372=IFCPOLYLOOP((#11358,#11367,#11363));
#11373=IFCFACEOUTERBOUND(#11372,.T.);
#11374=IFCFACE((#11373));
#11375=IFCCARTESIANPOINT((-0.0199999999999996,0.537111697064432,2.8693892502345));
#11376=IFCCARTESIANPOINT((0.699999999999999,0.537111697064432,2.86938925023446));
#11377=IFCPOLYLOOP((#11368,#11375,#11376));
#11378=IFCFACEOUTERBOUND(#11377,.T.);
#11379=IFCFACE((#11378));
#11380=IFCPOLYLOOP((#11367,#11375,#11368));
#11381=IFCFACEOUTERBOUND(#11380,.T.);
#11382=IFCFACE((#11381));
#11383=IFCCARTESIANPOINT((-0.0200000000000008,0.461937716262978,2.92363321799308));
#11384=IFCCARTESIANPOINT((0.699999999999999,0.461937716262978,2.92363321799308));
#11385=IFCPOLYLOOP((#11376,#11383,#11384));
#11386=IFCFACEOUTERBOUND(#11385,.T.);
#11387=IFCFACE((#11386));
#11388=IFCPOLYLOOP((#11375,#11383,#11376));
#11389=IFCFACEOUTERBOUND(#11388,.T.);
#11390=IFCFACE((#11389));
#11391=IFCCARTESIANPOINT((0.7,0.644117647058824,0.02));
#11392=IFCPOLYLOOP((#11391,#11357,#11359));
#11393=IFCFACEOUTERBOUND(#11392,.T.);
#11394=IFCFACE((#11393));
#11395=IFCCARTESIANPOINT((-0.02,0.644117647058824,0.02));
#11396=IFCPOLYLOOP((#11395,#11357,#11391));
#11397=IFCFACEOUTERBOUND(#11396,.T.);
#11398=IFCFACE((#11397));
#11399=IFCCARTESIANPOINT((-0.0199999999999996,0.635206012626333,2.7124995292284));
#11400=IFCCARTESIANPOINT((-0.02,0.648,2.62));
#11401=IFCCARTESIANPOINT((0.7,0.648,2.62));
#11402=IFCPOLYLOOP((#11399,#11400,#11401));
#11403=IFCFACEOUTERBOUND(#11402,.T.);
#11404=IFCFACE((#11403));
#11405=IFCCARTESIANPOINT((0.699999999999999,0.635206012626333,2.71249952922835));
#11406=IFCPOLYLOOP((#11399,#11401,#11405));
#11407=IFCFACEOUTERBOUND(#11406,.T.);
#11408=IFCFACE((#11407));
#11409=IFCCARTESIANPOINT((-0.0199999999999996,0.597784708451134,2.79805357655652));
#11410=IFCCARTESIANPOINT((0.699999999999999,0.597784708451134,2.79805357655653));
#11411=IFCPOLYLOOP((#11409,#11405,#11410));
#11412=IFCFACEOUTERBOUND(#11411,.T.);
#11413=IFCFACE((#11412));
#11414=IFCPOLYLOOP((#11409,#11399,#11405));
#11415=IFCFACEOUTERBOUND(#11414,.T.);
#11416=IFCFACE((#11415));
#11417=IFCCARTESIANPOINT((-0.0199999999999996,0.53854592870281,2.87023817321206));
#11418=IFCCARTESIANPOINT((0.699999999999999,0.53854592870281,2.8702381732121));
#11419=IFCPOLYLOOP((#11417,#11410,#11418));
#11420=IFCFACEOUTERBOUND(#11419,.T.);
#11421=IFCFACE((#11420));
#11422=IFCPOLYLOOP((#11417,#11409,#11410));
#11423=IFCFACEOUTERBOUND(#11422,.T.);
#11424=IFCFACE((#11423));
#11425=IFCPOLYLOOP((#11383,#11418,#11384));
#11426=IFCFACEOUTERBOUND(#11425,.T.);
#11427=IFCFACE((#11426));
#11428=IFCPOLYLOOP((#11383,#11417,#11418));
#11429=IFCFACEOUTERBOUND(#11428,.T.);
#11430=IFCFACE((#11429));
#11431=IFCCARTESIANPOINT((-0.0199999999999996,0.6,0.12));
#11432=IFCCARTESIANPOINT((-0.02,-0.644117647058824,0.02));
#11433=IFCPOLYLOOP((#11431,#11395,#11432));
#11434=IFCFACEOUTERBOUND(#11433,.T.);
#11435=IFCFACE((#11434));
#11436=IFCCARTESIANPOINT((-0.02,-0.6,0.12));
#11437=IFCPOLYLOOP((#11431,#11432,#11436));
#11438=IFCFACEOUTERBOUND(#11437,.T.);
#11439=IFCFACE((#11438));
#11440=IFCCARTESIANPOINT((-0.02,-0.644117647058824,2.62));
#11441=IFCPOLYLOOP((#11440,#11436,#11432));
#11442=IFCFACEOUTERBOUND(#11441,.T.);
#11443=IFCFACE((#11442));
#11444=IFCCARTESIANPOINT((-0.0199999999999996,-0.6,2.62));
#11445=IFCPOLYLOOP((#11444,#11436,#11440));
#11446=IFCFACEOUTERBOUND(#11445,.T.);
#11447=IFCFACE((#11446));
#11448=IFCCARTESIANPOINT((-0.0199999999999996,-0.589114478463228,2.70008007456874));
#11449=IFCCARTESIANPOINT((-0.0199999999999996,-0.63163131353135,2.71185655612297));
#11450=IFCPOLYLOOP((#11448,#11440,#11449));
#11451=IFCFACEOUTERBOUND(#11450,.T.);
#11452=IFCFACE((#11451));
#11453=IFCPOLYLOOP((#11448,#11444,#11440));
#11454=IFCFACEOUTERBOUND(#11453,.T.);
#11455=IFCFACE((#11454));
#11456=IFCCARTESIANPOINT((-0.0199999999999996,-0.595078447965787,2.79704706877947));
#11457=IFCPOLYLOOP((#11456,#11448,#11449));
#11458=IFCFACEOUTERBOUND(#11457,.T.);
#11459=IFCFACE((#11458));
#11460=IFCCARTESIANPOINT((-0.0199999999999996,-0.557247877713763,2.77434872662826));
#11461=IFCPOLYLOOP((#11460,#11448,#11456));
#11462=IFCFACEOUTERBOUND(#11461,.T.);
#11463=IFCFACE((#11462));
#11464=IFCCARTESIANPOINT((-0.0199999999999996,-0.506712761543351,2.83741626943521));
#11465=IFCPOLYLOOP((#11464,#11460,#11456));
#11466=IFCFACEOUTERBOUND(#11465,.T.);
#11467=IFCFACE((#11466));
#11468=IFCCARTESIANPOINT((-0.0199999999999996,-0.537111697064432,2.8693892502345));
#11469=IFCPOLYLOOP((#11468,#11464,#11456));
#11470=IFCFACEOUTERBOUND(#11469,.T.);
#11471=IFCFACE((#11470));
#11472=IFCCARTESIANPOINT((-0.0200000000000005,-0.461937716262977,2.92363321799308));
#11473=IFCCARTESIANPOINT((-0.0199999999999996,-0.441176470588234,2.88470588235294));
#11474=IFCPOLYLOOP((#11472,#11473,#11464));
#11475=IFCFACEOUTERBOUND(#11474,.T.);
#11476=IFCFACE((#11475));
#11477=IFCPOLYLOOP((#11472,#11464,#11468));
#11478=IFCFACEOUTERBOUND(#11477,.T.);
#11479=IFCFACE((#11478));
#11480=IFCCARTESIANPOINT((-0.0199999999999996,0.,3.12));
#11481=IFCPOLYLOOP((#11480,#11473,#11472));
#11482=IFCFACEOUTERBOUND(#11481,.T.);
#11483=IFCFACE((#11482));
#11484=IFCCARTESIANPOINT((-0.0200000000000007,0.,3.17));
#11485=IFCPOLYLOOP((#11484,#11480,#11472));
#11486=IFCFACEOUTERBOUND(#11485,.T.);
#11487=IFCFACE((#11486));
#11488=IFCCARTESIANPOINT((-0.02,0.6,2.62));
#11489=IFCPOLYLOOP((#11357,#11431,#11488));
#11490=IFCFACEOUTERBOUND(#11489,.T.);
#11491=IFCFACE((#11490));
#11492=IFCCARTESIANPOINT((-0.0199999999999996,0.589114478463228,2.70008007456874));
#11493=IFCPOLYLOOP((#11358,#11488,#11492));
#11494=IFCFACEOUTERBOUND(#11493,.T.);
#11495=IFCFACE((#11494));
#11496=IFCPOLYLOOP((#11358,#11357,#11488));
#11497=IFCFACEOUTERBOUND(#11496,.T.);
#11498=IFCFACE((#11497));
#11499=IFCCARTESIANPOINT((-0.0199999999999996,0.441176470588237,2.88470588235294));
#11500=IFCPOLYLOOP((#11383,#11499,#11480));
#11501=IFCFACEOUTERBOUND(#11500,.T.);
#11502=IFCFACE((#11501));
#11503=IFCPOLYLOOP((#11383,#11480,#11484));
#11504=IFCFACEOUTERBOUND(#11503,.T.);
#11505=IFCFACE((#11504));
#11506=IFCCARTESIANPOINT((-0.0199999999999996,0.557247877713763,2.77434872662826));
#11507=IFCPOLYLOOP((#11367,#11492,#11506));
#11508=IFCFACEOUTERBOUND(#11507,.T.);
#11509=IFCFACE((#11508));
#11510=IFCPOLYLOOP((#11367,#11358,#11492));
#11511=IFCFACEOUTERBOUND(#11510,.T.);
#11512=IFCFACE((#11511));
#11513=IFCCARTESIANPOINT((-0.0199999999999996,0.506712761543351,2.83741626943521));
#11514=IFCPOLYLOOP((#11375,#11506,#11513));
#11515=IFCFACEOUTERBOUND(#11514,.T.);
#11516=IFCFACE((#11515));
#11517=IFCPOLYLOOP((#11375,#11513,#11499));
#11518=IFCFACEOUTERBOUND(#11517,.T.);
#11519=IFCFACE((#11518));
#11520=IFCPOLYLOOP((#11375,#11367,#11506));
#11521=IFCFACEOUTERBOUND(#11520,.T.);
#11522=IFCFACE((#11521));
#11523=IFCPOLYLOOP((#11375,#11499,#11383));
#11524=IFCFACEOUTERBOUND(#11523,.T.);
#11525=IFCFACE((#11524));
#11526=IFCPOLYLOOP((#11357,#11395,#11431));
#11527=IFCFACEOUTERBOUND(#11526,.T.);
#11528=IFCFACE((#11527));
#11529=IFCCARTESIANPOINT((0.7,0.6,0.12));
#11530=IFCCARTESIANPOINT((0.7,-0.644117647058824,0.02));
#11531=IFCPOLYLOOP((#11391,#11529,#11530));
#11532=IFCFACEOUTERBOUND(#11531,.T.);
#11533=IFCFACE((#11532));
#11534=IFCCARTESIANPOINT((0.699999999999999,-0.6,0.12));
#11535=IFCPOLYLOOP((#11530,#11529,#11534));
#11536=IFCFACEOUTERBOUND(#11535,.T.);
#11537=IFCFACE((#11536));
#11538=IFCCARTESIANPOINT((0.7,-0.644117647058824,2.62));
#11539=IFCPOLYLOOP((#11534,#11538,#11530));
#11540=IFCFACEOUTERBOUND(#11539,.T.);
#11541=IFCFACE((#11540));
#11542=IFCCARTESIANPOINT((0.7,-0.6,2.62));
#11543=IFCPOLYLOOP((#11534,#11542,#11538));
#11544=IFCFACEOUTERBOUND(#11543,.T.);
#11545=IFCFACE((#11544));
#11546=IFCCARTESIANPOINT((0.699999999999999,-0.63163131353135,2.71185655612294));
#11547=IFCPOLYLOOP((#11542,#11546,#11538));
#11548=IFCFACEOUTERBOUND(#11547,.T.);
#11549=IFCFACE((#11548));
#11550=IFCPOLYLOOP((#11542,#2385,#11546));
#11551=IFCFACEOUTERBOUND(#11550,.T.);
#11552=IFCFACE((#11551));
#11553=IFCCARTESIANPOINT((0.699999999999999,-0.557247877713763,2.77434872662832));
#11554=IFCCARTESIANPOINT((0.699999999999999,-0.595078447965787,2.79704706877953));
#11555=IFCPOLYLOOP((#11546,#11553,#11554));
#11556=IFCFACEOUTERBOUND(#11555,.T.);
#11557=IFCFACE((#11556));
#11558=IFCPOLYLOOP((#2385,#11553,#11546));
#11559=IFCFACEOUTERBOUND(#11558,.T.);
#11560=IFCFACE((#11559));
#11561=IFCCARTESIANPOINT((0.699999999999999,-0.506712761543351,2.83741626943527));
#11562=IFCCARTESIANPOINT((0.699999999999999,-0.537111697064432,2.86938925023446));
#11563=IFCPOLYLOOP((#11561,#11562,#11553));
#11564=IFCFACEOUTERBOUND(#11563,.T.);
#11565=IFCFACE((#11564));
#11566=IFCPOLYLOOP((#11553,#11562,#11554));
#11567=IFCFACEOUTERBOUND(#11566,.T.);
#11568=IFCFACE((#11567));
#11569=IFCCARTESIANPOINT((0.699999999999999,-0.441176470588234,2.88470588235294));
#11570=IFCPOLYLOOP((#11561,#11569,#11562));
#11571=IFCFACEOUTERBOUND(#11570,.T.);
#11572=IFCFACE((#11571));
#11573=IFCCARTESIANPOINT((0.7,-0.461937716262977,2.92363321799308));
#11574=IFCPOLYLOOP((#11569,#11573,#11562));
#11575=IFCFACEOUTERBOUND(#11574,.T.);
#11576=IFCFACE((#11575));
#11577=IFCCARTESIANPOINT((0.7,0.,3.12));
#11578=IFCPOLYLOOP((#11569,#11577,#11573));
#11579=IFCFACEOUTERBOUND(#11578,.T.);
#11580=IFCFACE((#11579));
#11581=IFCCARTESIANPOINT((0.699999999999999,1.6E-16,3.17));
#11582=IFCPOLYLOOP((#11577,#11581,#11573));
#11583=IFCFACEOUTERBOUND(#11582,.T.);
#11584=IFCFACE((#11583));
#11585=IFCCARTESIANPOINT((0.699999999999999,0.6,2.62));
#11586=IFCPOLYLOOP((#11529,#11359,#11585));
#11587=IFCFACEOUTERBOUND(#11586,.T.);
#11588=IFCFACE((#11587));
#11589=IFCPOLYLOOP((#11585,#11363,#2303));
#11590=IFCFACEOUTERBOUND(#11589,.T.);
#11591=IFCFACE((#11590));
#11592=IFCPOLYLOOP((#11359,#11363,#11585));
#11593=IFCFACEOUTERBOUND(#11592,.T.);
#11594=IFCFACE((#11593));
#11595=IFCCARTESIANPOINT((0.699999999999999,0.506712761543351,2.83741626943527));
#11596=IFCCARTESIANPOINT((0.699999999999999,0.441176470588237,2.88470588235294));
#11597=IFCPOLYLOOP((#11595,#11384,#11596));
#11598=IFCFACEOUTERBOUND(#11597,.T.);
#11599=IFCFACE((#11598));
#11600=IFCPOLYLOOP((#11596,#11384,#11577));
#11601=IFCFACEOUTERBOUND(#11600,.T.);
#11602=IFCFACE((#11601));
#11603=IFCPOLYLOOP((#11577,#11384,#11581));
#11604=IFCFACEOUTERBOUND(#11603,.T.);
#11605=IFCFACE((#11604));
#11606=IFCCARTESIANPOINT((0.699999999999999,0.557247877713763,2.77434872662832));
#11607=IFCPOLYLOOP((#2303,#11368,#11606));
#11608=IFCFACEOUTERBOUND(#11607,.T.);
#11609=IFCFACE((#11608));
#11610=IFCPOLYLOOP((#11363,#11368,#2303));
#11611=IFCFACEOUTERBOUND(#11610,.T.);
#11612=IFCFACE((#11611));
#11613=IFCPOLYLOOP((#11606,#11376,#11595));
#11614=IFCFACEOUTERBOUND(#11613,.T.);
#11615=IFCFACE((#11614));
#11616=IFCPOLYLOOP((#11595,#11376,#11384));
#11617=IFCFACEOUTERBOUND(#11616,.T.);
#11618=IFCFACE((#11617));
#11619=IFCPOLYLOOP((#11368,#11376,#11606));
#11620=IFCFACEOUTERBOUND(#11619,.T.);
#11621=IFCFACE((#11620));
#11622=IFCPOLYLOOP((#11391,#11359,#11529));
#11623=IFCFACEOUTERBOUND(#11622,.T.);
#11624=IFCFACE((#11623));
#11625=IFCPOLYLOOP((#11432,#11395,#11391));
#11626=IFCFACEOUTERBOUND(#11625,.T.);
#11627=IFCFACE((#11626));
#11628=IFCPOLYLOOP((#11432,#11391,#11530));
#11629=IFCFACEOUTERBOUND(#11628,.T.);
#11630=IFCFACE((#11629));
#11631=IFCCARTESIANPOINT((-0.0200000000000007,0.65,2.62));
#11632=IFCPOLYLOOP((#11400,#11631,#11401));
#11633=IFCFACEOUTERBOUND(#11632,.T.);
#11634=IFCFACE((#11633));
#11635=IFCCARTESIANPOINT((0.699999999999999,0.65,2.62));
#11636=IFCPOLYLOOP((#11401,#11631,#11635));
#11637=IFCFACEOUTERBOUND(#11636,.T.);
#11638=IFCFACE((#11637));
#11639=IFCCARTESIANPOINT((-0.0199999999999996,-0.698504445021261,2.70751118384696));
#11640=IFCCARTESIANPOINT((-0.0200000000000004,-0.65,2.62));
#11641=IFCCARTESIANPOINT((-0.0200000000000004,-0.708,2.62));
#11642=IFCPOLYLOOP((#11639,#11640,#11641));
#11643=IFCFACEOUTERBOUND(#11642,.T.);
#11644=IFCFACE((#11643));
#11645=IFCCARTESIANPOINT((-0.0199999999999996,-0.635206012626333,2.7124995292284));
#11646=IFCCARTESIANPOINT((-0.02,-0.648,2.62));
#11647=IFCPOLYLOOP((#11645,#11646,#11640));
#11648=IFCFACEOUTERBOUND(#11647,.T.);
#11649=IFCFACE((#11648));
#11650=IFCPOLYLOOP((#11645,#11640,#11639));
#11651=IFCFACEOUTERBOUND(#11650,.T.);
#11652=IFCFACE((#11651));
#11653=IFCCARTESIANPOINT((-0.0199999999999996,-0.670459768145603,2.79094899878474));
#11654=IFCPOLYLOOP((#11653,#11645,#11639));
#11655=IFCFACEOUTERBOUND(#11654,.T.);
#11656=IFCFACE((#11655));
#11657=IFCCARTESIANPOINT((-0.0199999999999996,-0.597784708451134,2.79805357655652));
#11658=IFCPOLYLOOP((#11657,#11645,#11653));
#11659=IFCFACEOUTERBOUND(#11658,.T.);
#11660=IFCFACE((#11659));
#11661=IFCCARTESIANPOINT((-0.0199999999999996,-0.625171360407997,2.86642967834742));
#11662=IFCPOLYLOOP((#11661,#11657,#11653));
#11663=IFCFACEOUTERBOUND(#11662,.T.);
#11664=IFCFACE((#11663));
#11665=IFCCARTESIANPOINT((-0.0199999999999996,-0.53854592870281,2.87023817321206));
#11666=IFCPOLYLOOP((#11665,#11657,#11661));
#11667=IFCFACEOUTERBOUND(#11666,.T.);
#11668=IFCFACE((#11667));
#11669=IFCCARTESIANPOINT((-0.0199999999999996,-0.564747253992619,2.93043983556137));
#11670=IFCPOLYLOOP((#11669,#11665,#11661));
#11671=IFCFACEOUTERBOUND(#11670,.T.);
#11672=IFCFACE((#11671));
#11673=IFCPOLYLOOP((#11472,#11665,#11669));
#11674=IFCFACEOUTERBOUND(#11673,.T.);
#11675=IFCFACE((#11674));
#11676=IFCCARTESIANPOINT((-0.0199999999999996,-0.492,2.98));
#11677=IFCPOLYLOOP((#11676,#11472,#11669));
#11678=IFCFACEOUTERBOUND(#11677,.T.);
#11679=IFCFACE((#11678));
#11680=IFCCARTESIANPOINT((-0.0199999999999996,-0.40551319742079,3.02719457043731));
#11681=IFCPOLYLOOP((#11680,#11472,#11676));
#11682=IFCFACEOUTERBOUND(#11681,.T.);
#11683=IFCFACE((#11682));
#11684=IFCCARTESIANPOINT((-0.0199999999999996,-0.325851003848034,3.08517068115815));
#11685=IFCPOLYLOOP((#11684,#11472,#11680));
#11686=IFCFACEOUTERBOUND(#11685,.T.);
#11687=IFCFACE((#11686));
#11688=IFCCARTESIANPOINT((-0.0199999999999996,-0.254349564108114,3.15295592006941));
#11689=IFCPOLYLOOP((#11484,#11684,#11688));
#11690=IFCFACEOUTERBOUND(#11689,.T.);
#11691=IFCFACE((#11690));
#11692=IFCCARTESIANPOINT((-0.0199999999999996,-0.192208145689185,3.22941335015977));
#11693=IFCPOLYLOOP((#11484,#11688,#11692));
#11694=IFCFACEOUTERBOUND(#11693,.T.);
#11695=IFCFACE((#11694));
#11696=IFCPOLYLOOP((#11484,#11472,#11684));
#11697=IFCFACEOUTERBOUND(#11696,.T.);
#11698=IFCFACE((#11697));
#11699=IFCCARTESIANPOINT((-0.0199999999999996,-0.140469023866389,3.31326057892819));
#11700=IFCPOLYLOOP((#11699,#11484,#11692));
#11701=IFCFACEOUTERBOUND(#11700,.T.);
#11702=IFCFACE((#11701));
#11703=IFCCARTESIANPOINT((-0.0199999999999996,-0.1,3.40309126748416));
#11704=IFCPOLYLOOP((#11703,#11484,#11699));
#11705=IFCFACEOUTERBOUND(#11704,.T.);
#11706=IFCFACE((#11705));
#11707=IFCPOLYLOOP((#11399,#11631,#11400));
#11708=IFCFACEOUTERBOUND(#11707,.T.);
#11709=IFCFACE((#11708));
#11710=IFCCARTESIANPOINT((-0.0199999999999996,0.698397194132456,2.70720662485236));
#11711=IFCCARTESIANPOINT((-0.0200000000000007,0.708,2.62));
#11712=IFCPOLYLOOP((#11710,#11711,#11631));
#11713=IFCFACEOUTERBOUND(#11712,.T.);
#11714=IFCFACE((#11713));
#11715=IFCPOLYLOOP((#11710,#11631,#11399));
#11716=IFCFACEOUTERBOUND(#11715,.T.);
#11717=IFCFACE((#11716));
#11718=IFCCARTESIANPOINT((-0.0199999999999996,0.324590045695817,3.08332075812069));
#11719=IFCPOLYLOOP((#11718,#11383,#11484));
#11720=IFCFACEOUTERBOUND(#11719,.T.);
#11721=IFCFACE((#11720));
#11722=IFCCARTESIANPOINT((-0.0199999999999996,0.253420298800431,3.15171793886374));
#11723=IFCPOLYLOOP((#11718,#11484,#11722));
#11724=IFCFACEOUTERBOUND(#11723,.T.);
#11725=IFCFACE((#11724));
#11726=IFCCARTESIANPOINT((-0.0199999999999996,0.191613038612743,3.22868007107721));
#11727=IFCPOLYLOOP((#11726,#11722,#11484));
#11728=IFCFACEOUTERBOUND(#11727,.T.);
#11729=IFCFACE((#11728));
#11730=IFCCARTESIANPOINT((-0.0199999999999996,0.403946152486824,3.02461883718341));
#11731=IFCPOLYLOOP((#11730,#11383,#11718));
#11732=IFCFACEOUTERBOUND(#11731,.T.);
#11733=IFCFACE((#11732));
#11734=IFCCARTESIANPOINT((-0.0199999999999996,0.140189670702656,3.31293530497716));
#11735=IFCPOLYLOOP((#11734,#11726,#11484));
#11736=IFCFACEOUTERBOUND(#11735,.T.);
#11737=IFCFACE((#11736));
#11738=IFCCARTESIANPOINT((-0.0199999999999996,0.670048949539892,2.79023424873256));
#11739=IFCPOLYLOOP((#11738,#11399,#11409));
#11740=IFCFACEOUTERBOUND(#11739,.T.);
#11741=IFCFACE((#11740));
#11742=IFCPOLYLOOP((#11738,#11710,#11399));
#11743=IFCFACEOUTERBOUND(#11742,.T.);
#11744=IFCFACE((#11743));
#11745=IFCCARTESIANPOINT((-0.02,0.49017720738726,2.97658226385111));
#11746=IFCPOLYLOOP((#11745,#11383,#11730));
#11747=IFCFACEOUTERBOUND(#11746,.T.);
#11748=IFCFACE((#11747));
#11749=IFCCARTESIANPOINT((-0.0199999999999996,0.624313733447843,2.86510413124672));
#11750=IFCPOLYLOOP((#11749,#11409,#11417));
#11751=IFCFACEOUTERBOUND(#11750,.T.);
#11752=IFCFACE((#11751));
#11753=IFCPOLYLOOP((#11749,#11738,#11409));
#11754=IFCFACEOUTERBOUND(#11753,.T.);
#11755=IFCFACE((#11754));
#11756=IFCCARTESIANPOINT((-0.0199999999999996,0.563383208620862,2.92822845653404));
#11757=IFCPOLYLOOP((#11756,#11383,#11745));
#11758=IFCFACEOUTERBOUND(#11757,.T.);
#11759=IFCFACE((#11758));
#11760=IFCPOLYLOOP((#11756,#11417,#11383));
#11761=IFCFACEOUTERBOUND(#11760,.T.);
#11762=IFCFACE((#11761));
#11763=IFCPOLYLOOP((#11756,#11749,#11417));
#11764=IFCFACEOUTERBOUND(#11763,.T.);
#11765=IFCFACE((#11764));
#11766=IFCCARTESIANPOINT((-0.0199999999999996,0.1,3.40309126748416));
#11767=IFCPOLYLOOP((#11766,#11734,#11484));
#11768=IFCFACEOUTERBOUND(#11767,.T.);
#11769=IFCFACE((#11768));
#11770=IFCPOLYLOOP((#11766,#11484,#11703));
#11771=IFCFACEOUTERBOUND(#11770,.T.);
#11772=IFCFACE((#11771));
#11773=IFCCARTESIANPOINT((-0.0199999999999996,0.,3.67));
#11774=IFCPOLYLOOP((#11773,#11766,#11703));
#11775=IFCFACEOUTERBOUND(#11774,.T.);
#11776=IFCFACE((#11775));
#11777=IFCCARTESIANPOINT((0.7,-0.65,2.62));
#11778=IFCCARTESIANPOINT((0.699999999999999,-0.698504445021261,2.70751118384692));
#11779=IFCCARTESIANPOINT((0.7,-0.708,2.62));
#11780=IFCPOLYLOOP((#11777,#11778,#11779));
#11781=IFCFACEOUTERBOUND(#11780,.T.);
#11782=IFCFACE((#11781));
#11783=IFCCARTESIANPOINT((0.7,-0.648,2.62));
#11784=IFCCARTESIANPOINT((0.699999999999999,-0.635206012626333,2.71249952922835));
#11785=IFCPOLYLOOP((#11783,#11784,#11777));
#11786=IFCFACEOUTERBOUND(#11785,.T.);
#11787=IFCFACE((#11786));
#11788=IFCPOLYLOOP((#11777,#11784,#11778));
#11789=IFCFACEOUTERBOUND(#11788,.T.);
#11790=IFCFACE((#11789));
#11791=IFCCARTESIANPOINT((0.699999999999999,-0.670459768145603,2.79094899878476));
#11792=IFCPOLYLOOP((#11784,#11791,#11778));
#11793=IFCFACEOUTERBOUND(#11792,.T.);
#11794=IFCFACE((#11793));
#11795=IFCCARTESIANPOINT((0.699999999999999,-0.597784708451134,2.79805357655653));
#11796=IFCPOLYLOOP((#11784,#11795,#11791));
#11797=IFCFACEOUTERBOUND(#11796,.T.);
#11798=IFCFACE((#11797));
#11799=IFCCARTESIANPOINT((0.699999999999999,-0.625171360407997,2.86642967834746));
#11800=IFCPOLYLOOP((#11795,#11799,#11791));
#11801=IFCFACEOUTERBOUND(#11800,.T.);
#11802=IFCFACE((#11801));
#11803=IFCCARTESIANPOINT((0.699999999999999,-0.53854592870281,2.8702381732121));
#11804=IFCPOLYLOOP((#11795,#11803,#11799));
#11805=IFCFACEOUTERBOUND(#11804,.T.);
#11806=IFCFACE((#11805));
#11807=IFCCARTESIANPOINT((0.699999999999999,-0.564747253992619,2.9304398355614));
#11808=IFCPOLYLOOP((#11803,#11807,#11799));
#11809=IFCFACEOUTERBOUND(#11808,.T.);
#11810=IFCFACE((#11809));
#11811=IFCPOLYLOOP((#11803,#11573,#11807));
#11812=IFCFACEOUTERBOUND(#11811,.T.);
#11813=IFCFACE((#11812));
#11814=IFCCARTESIANPOINT((0.7,-0.492,2.98));
#11815=IFCPOLYLOOP((#11573,#11814,#11807));
#11816=IFCFACEOUTERBOUND(#11815,.T.);
#11817=IFCFACE((#11816));
#11818=IFCCARTESIANPOINT((0.700000000000003,-0.40551319742079,3.02719457043736));
#11819=IFCPOLYLOOP((#11573,#11818,#11814));
#11820=IFCFACEOUTERBOUND(#11819,.T.);
#11821=IFCFACE((#11820));
#11822=IFCCARTESIANPOINT((0.700000000000003,-0.325851003848034,3.08517068115827));
#11823=IFCPOLYLOOP((#11573,#11822,#11818));
#11824=IFCFACEOUTERBOUND(#11823,.T.);
#11825=IFCFACE((#11824));
#11826=IFCCARTESIANPOINT((0.700000000000003,-0.254349564108114,3.15295592006953));
#11827=IFCPOLYLOOP((#11822,#11581,#11826));
#11828=IFCFACEOUTERBOUND(#11827,.T.);
#11829=IFCFACE((#11828));
#11830=IFCCARTESIANPOINT((0.700000000000003,-0.192208145689185,3.2294133501598));
#11831=IFCPOLYLOOP((#11826,#11581,#11830));
#11832=IFCFACEOUTERBOUND(#11831,.T.);
#11833=IFCFACE((#11832));
#11834=IFCPOLYLOOP((#11573,#11581,#11822));
#11835=IFCFACEOUTERBOUND(#11834,.T.);
#11836=IFCFACE((#11835));
#11837=IFCCARTESIANPOINT((0.700000000000003,-0.140469023866389,3.31326057892829));
#11838=IFCPOLYLOOP((#11581,#11837,#11830));
#11839=IFCFACEOUTERBOUND(#11838,.T.);
#11840=IFCFACE((#11839));
#11841=IFCCARTESIANPOINT((0.699999999999999,-0.1,3.40309126748416));
#11842=IFCPOLYLOOP((#11581,#11841,#11837));
#11843=IFCFACEOUTERBOUND(#11842,.T.);
#11844=IFCFACE((#11843));
#11845=IFCPOLYLOOP((#11635,#11405,#11401));
#11846=IFCFACEOUTERBOUND(#11845,.T.);
#11847=IFCFACE((#11846));
#11848=IFCCARTESIANPOINT((0.699999999999999,0.708,2.62));
#11849=IFCCARTESIANPOINT((0.699999999999999,0.698397194132456,2.70720662485235));
#11850=IFCPOLYLOOP((#11848,#11849,#11635));
#11851=IFCFACEOUTERBOUND(#11850,.T.);
#11852=IFCFACE((#11851));
#11853=IFCPOLYLOOP((#11635,#11849,#11405));
#11854=IFCFACEOUTERBOUND(#11853,.T.);
#11855=IFCFACE((#11854));
#11856=IFCCARTESIANPOINT((0.700000000000003,0.324590045695817,3.08332075812075));
#11857=IFCPOLYLOOP((#11384,#11856,#11581));
#11858=IFCFACEOUTERBOUND(#11857,.T.);
#11859=IFCFACE((#11858));
#11860=IFCCARTESIANPOINT((0.700000000000003,0.253420298800431,3.15171793886384));
#11861=IFCPOLYLOOP((#11581,#11856,#11860));
#11862=IFCFACEOUTERBOUND(#11861,.T.);
#11863=IFCFACE((#11862));
#11864=IFCCARTESIANPOINT((0.700000000000003,0.191613038612743,3.22868007107729));
#11865=IFCPOLYLOOP((#11860,#11864,#11581));
#11866=IFCFACEOUTERBOUND(#11865,.T.);
#11867=IFCFACE((#11866));
#11868=IFCCARTESIANPOINT((0.700000000000003,0.403946152486824,3.02461883718354));
#11869=IFCPOLYLOOP((#11384,#11868,#11856));
#11870=IFCFACEOUTERBOUND(#11869,.T.);
#11871=IFCFACE((#11870));
#11872=IFCCARTESIANPOINT((0.700000000000003,0.140189670702656,3.31293530497726));
#11873=IFCPOLYLOOP((#11864,#11872,#11581));
#11874=IFCFACEOUTERBOUND(#11873,.T.);
#11875=IFCFACE((#11874));
#11876=IFCCARTESIANPOINT((0.699999999999999,0.670048949539892,2.79023424873253));
#11877=IFCPOLYLOOP((#11405,#11876,#11410));
#11878=IFCFACEOUTERBOUND(#11877,.T.);
#11879=IFCFACE((#11878));
#11880=IFCPOLYLOOP((#11849,#11876,#11405));
#11881=IFCFACEOUTERBOUND(#11880,.T.);
#11882=IFCFACE((#11881));
#11883=IFCCARTESIANPOINT((0.699999999999999,0.49017720738726,2.97658226385111));
#11884=IFCPOLYLOOP((#11384,#11883,#11868));
#11885=IFCFACEOUTERBOUND(#11884,.T.);
#11886=IFCFACE((#11885));
#11887=IFCCARTESIANPOINT((0.699999999999999,0.624313733447843,2.86510413124677));
#11888=IFCPOLYLOOP((#11410,#11887,#11418));
#11889=IFCFACEOUTERBOUND(#11888,.T.);
#11890=IFCFACE((#11889));
#11891=IFCPOLYLOOP((#11876,#11887,#11410));
#11892=IFCFACEOUTERBOUND(#11891,.T.);
#11893=IFCFACE((#11892));
#11894=IFCCARTESIANPOINT((0.699999999999999,0.563383208620862,2.92822845653404));
#11895=IFCPOLYLOOP((#11384,#11894,#11883));
#11896=IFCFACEOUTERBOUND(#11895,.T.);
#11897=IFCFACE((#11896));
#11898=IFCPOLYLOOP((#11418,#11894,#11384));
#11899=IFCFACEOUTERBOUND(#11898,.T.);
#11900=IFCFACE((#11899));
#11901=IFCPOLYLOOP((#11887,#11894,#11418));
#11902=IFCFACEOUTERBOUND(#11901,.T.);
#11903=IFCFACE((#11902));
#11904=IFCCARTESIANPOINT((0.7,0.1,3.40309126748416));
#11905=IFCPOLYLOOP((#11872,#11904,#11581));
#11906=IFCFACEOUTERBOUND(#11905,.T.);
#11907=IFCFACE((#11906));
#11908=IFCPOLYLOOP((#11581,#11904,#11841));
#11909=IFCFACEOUTERBOUND(#11908,.T.);
#11910=IFCFACE((#11909));
#11911=IFCCARTESIANPOINT((0.7,0.,3.67));
#11912=IFCPOLYLOOP((#11904,#11911,#11841));
#11913=IFCFACEOUTERBOUND(#11912,.T.);
#11914=IFCFACE((#11913));
#11915=IFCPOLYLOOP((#11538,#11432,#11530));
#11916=IFCFACEOUTERBOUND(#11915,.T.);
#11917=IFCFACE((#11916));
#11918=IFCPOLYLOOP((#11440,#11432,#11538));
#11919=IFCFACEOUTERBOUND(#11918,.T.);
#11920=IFCFACE((#11919));
#11921=IFCPOLYLOOP((#11472,#11468,#11573));
#11922=IFCFACEOUTERBOUND(#11921,.T.);
#11923=IFCFACE((#11922));
#11924=IFCPOLYLOOP((#11573,#11468,#11562));
#11925=IFCFACEOUTERBOUND(#11924,.T.);
#11926=IFCFACE((#11925));
#11927=IFCPOLYLOOP((#11562,#11456,#11554));
#11928=IFCFACEOUTERBOUND(#11927,.T.);
#11929=IFCFACE((#11928));
#11930=IFCPOLYLOOP((#11468,#11456,#11562));
#11931=IFCFACEOUTERBOUND(#11930,.T.);
#11932=IFCFACE((#11931));
#11933=IFCPOLYLOOP((#11554,#11449,#11546));
#11934=IFCFACEOUTERBOUND(#11933,.T.);
#11935=IFCFACE((#11934));
#11936=IFCPOLYLOOP((#11546,#11449,#11538));
#11937=IFCFACEOUTERBOUND(#11936,.T.);
#11938=IFCFACE((#11937));
#11939=IFCPOLYLOOP((#11456,#11449,#11554));
#11940=IFCFACEOUTERBOUND(#11939,.T.);
#11941=IFCFACE((#11940));
#11942=IFCPOLYLOOP((#11449,#11440,#11538));
#11943=IFCFACEOUTERBOUND(#11942,.T.);
#11944=IFCFACE((#11943));
#11945=IFCPOLYLOOP((#11569,#11473,#11577));
#11946=IFCFACEOUTERBOUND(#11945,.T.);
#11947=IFCFACE((#11946));
#11948=IFCPOLYLOOP((#11473,#11480,#11577));
#11949=IFCFACEOUTERBOUND(#11948,.T.);
#11950=IFCFACE((#11949));
#11951=IFCPOLYLOOP((#11577,#11480,#11596));
#11952=IFCFACEOUTERBOUND(#11951,.T.);
#11953=IFCFACE((#11952));
#11954=IFCPOLYLOOP((#11480,#11499,#11596));
#11955=IFCFACEOUTERBOUND(#11954,.T.);
#11956=IFCFACE((#11955));
#11957=IFCPOLYLOOP((#11492,#11488,#11585));
#11958=IFCFACEOUTERBOUND(#11957,.T.);
#11959=IFCFACE((#11958));
#11960=IFCPOLYLOOP((#11492,#11585,#2303));
#11961=IFCFACEOUTERBOUND(#11960,.T.);
#11962=IFCFACE((#11961));
#11963=IFCPOLYLOOP((#11506,#2303,#11606));
#11964=IFCFACEOUTERBOUND(#11963,.T.);
#11965=IFCFACE((#11964));
#11966=IFCPOLYLOOP((#11506,#11492,#2303));
#11967=IFCFACEOUTERBOUND(#11966,.T.);
#11968=IFCFACE((#11967));
#11969=IFCPOLYLOOP((#11513,#11606,#11595));
#11970=IFCFACEOUTERBOUND(#11969,.T.);
#11971=IFCFACE((#11970));
#11972=IFCPOLYLOOP((#11513,#11506,#11606));
#11973=IFCFACEOUTERBOUND(#11972,.T.);
#11974=IFCFACE((#11973));
#11975=IFCPOLYLOOP((#11499,#11595,#11596));
#11976=IFCFACEOUTERBOUND(#11975,.T.);
#11977=IFCFACE((#11976));
#11978=IFCPOLYLOOP((#11499,#11513,#11595));
#11979=IFCFACEOUTERBOUND(#11978,.T.);
#11980=IFCFACE((#11979));
#11981=IFCPOLYLOOP((#11488,#11529,#11585));
#11982=IFCFACEOUTERBOUND(#11981,.T.);
#11983=IFCFACE((#11982));
#11984=IFCPOLYLOOP((#11488,#11431,#11529));
#11985=IFCFACEOUTERBOUND(#11984,.T.);
#11986=IFCFACE((#11985));
#11987=IFCPOLYLOOP((#11431,#11436,#11529));
#11988=IFCFACEOUTERBOUND(#11987,.T.);
#11989=IFCFACE((#11988));
#11990=IFCPOLYLOOP((#11529,#11436,#11534));
#11991=IFCFACEOUTERBOUND(#11990,.T.);
#11992=IFCFACE((#11991));
#11993=IFCPOLYLOOP((#11436,#11444,#11534));
#11994=IFCFACEOUTERBOUND(#11993,.T.);
#11995=IFCFACE((#11994));
#11996=IFCPOLYLOOP((#11534,#11444,#11542));
#11997=IFCFACEOUTERBOUND(#11996,.T.);
#11998=IFCFACE((#11997));
#11999=IFCPOLYLOOP((#11464,#11473,#11569));
#12000=IFCFACEOUTERBOUND(#11999,.T.);
#12001=IFCFACE((#12000));
#12002=IFCPOLYLOOP((#11464,#11569,#11561));
#12003=IFCFACEOUTERBOUND(#12002,.T.);
#12004=IFCFACE((#12003));
#12005=IFCPOLYLOOP((#11460,#11561,#11553));
#12006=IFCFACEOUTERBOUND(#12005,.T.);
#12007=IFCFACE((#12006));
#12008=IFCPOLYLOOP((#11460,#11464,#11561));
#12009=IFCFACEOUTERBOUND(#12008,.T.);
#12010=IFCFACE((#12009));
#12011=IFCPOLYLOOP((#11448,#11553,#2385));
#12012=IFCFACEOUTERBOUND(#12011,.T.);
#12013=IFCFACE((#12012));
#12014=IFCPOLYLOOP((#11448,#11460,#11553));
#12015=IFCFACEOUTERBOUND(#12014,.T.);
#12016=IFCFACE((#12015));
#12017=IFCPOLYLOOP((#11444,#2385,#11542));
#12018=IFCFACEOUTERBOUND(#12017,.T.);
#12019=IFCFACE((#12018));
#12020=IFCPOLYLOOP((#11444,#11448,#2385));
#12021=IFCFACEOUTERBOUND(#12020,.T.);
#12022=IFCFACE((#12021));
#12023=IFCCARTESIANPOINT((0.7,0.65,0.02));
#12024=IFCPOLYLOOP((#11631,#12023,#11635));
#12025=IFCFACEOUTERBOUND(#12024,.T.);
#12026=IFCFACE((#12025));
#12027=IFCCARTESIANPOINT((-0.0199999999999996,0.65,0.02));
#12028=IFCPOLYLOOP((#11631,#12027,#12023));
#12029=IFCFACEOUTERBOUND(#12028,.T.);
#12030=IFCFACE((#12029));
#12031=IFCPOLYLOOP((#11676,#11669,#11814));
#12032=IFCFACEOUTERBOUND(#12031,.T.);
#12033=IFCFACE((#12032));
#12034=IFCPOLYLOOP((#11814,#11669,#11807));
#12035=IFCFACEOUTERBOUND(#12034,.T.);
#12036=IFCFACE((#12035));
#12037=IFCPOLYLOOP((#11807,#11661,#11799));
#12038=IFCFACEOUTERBOUND(#12037,.T.);
#12039=IFCFACE((#12038));
#12040=IFCPOLYLOOP((#11669,#11661,#11807));
#12041=IFCFACEOUTERBOUND(#12040,.T.);
#12042=IFCFACE((#12041));
#12043=IFCPOLYLOOP((#11799,#11653,#11791));
#12044=IFCFACEOUTERBOUND(#12043,.T.);
#12045=IFCFACE((#12044));
#12046=IFCPOLYLOOP((#11661,#11653,#11799));
#12047=IFCFACEOUTERBOUND(#12046,.T.);
#12048=IFCFACE((#12047));
#12049=IFCPOLYLOOP((#11791,#11639,#11778));
#12050=IFCFACEOUTERBOUND(#12049,.T.);
#12051=IFCFACE((#12050));
#12052=IFCPOLYLOOP((#11778,#11639,#11779));
#12053=IFCFACEOUTERBOUND(#12052,.T.);
#12054=IFCFACE((#12053));
#12055=IFCPOLYLOOP((#11653,#11639,#11791));
#12056=IFCFACEOUTERBOUND(#12055,.T.);
#12057=IFCFACE((#12056));
#12058=IFCPOLYLOOP((#11639,#11641,#11779));
#12059=IFCFACEOUTERBOUND(#12058,.T.);
#12060=IFCFACE((#12059));
#12061=IFCCARTESIANPOINT((-0.0199999999999996,-0.8205896,0.245));
#12062=IFCCARTESIANPOINT((-0.02,-0.65,0.02));
#12063=IFCCARTESIANPOINT((-0.02,-0.95,0.02));
#12064=IFCPOLYLOOP((#12061,#12062,#12063));
#12065=IFCFACEOUTERBOUND(#12064,.T.);
#12066=IFCFACE((#12065));
#12067=IFCCARTESIANPOINT((-0.0199999999999996,-0.83043457,0.52));
#12068=IFCCARTESIANPOINT((-0.0199999999999996,-0.960257477,0.245));
#12069=IFCPOLYLOOP((#12067,#12061,#12068));
#12070=IFCFACEOUTERBOUND(#12069,.T.);
#12071=IFCFACE((#12070));
#12072=IFCCARTESIANPOINT((-0.0199999999999996,-0.957276306,0.52));
#12073=IFCPOLYLOOP((#12067,#12068,#12072));
#12074=IFCFACEOUTERBOUND(#12073,.T.);
#12075=IFCFACE((#12074));
#12076=IFCPOLYLOOP((#12067,#12062,#12061));
#12077=IFCFACEOUTERBOUND(#12076,.T.);
#12078=IFCFACE((#12077));
#12079=IFCCARTESIANPOINT((-0.0199999999999996,-0.827348421,0.945));
#12080=IFCPOLYLOOP((#12079,#12062,#12067));
#12081=IFCFACEOUTERBOUND(#12080,.T.);
#12082=IFCFACE((#12081));
#12083=IFCCARTESIANPOINT((-0.0199999999999996,-1.019781982,1.295));
#12084=IFCCARTESIANPOINT((-0.0199999999999996,-1.019299317,0.945));
#12085=IFCPOLYLOOP((#12083,#12079,#12084));
#12086=IFCFACEOUTERBOUND(#12085,.T.);
#12087=IFCFACE((#12086));
#12088=IFCCARTESIANPOINT((-0.02,-0.800150464,1.295));
#12089=IFCPOLYLOOP((#12088,#12079,#12083));
#12090=IFCFACEOUTERBOUND(#12089,.T.);
#12091=IFCFACE((#12090));
#12092=IFCCARTESIANPOINT((-0.0199999999999996,-1.004755035,2.045));
#12093=IFCCARTESIANPOINT((-0.02,-0.827694898,1.67));
#12094=IFCCARTESIANPOINT((-0.0199999999999996,-1.009265411,1.67));
#12095=IFCPOLYLOOP((#12092,#12093,#12094));
#12096=IFCFACEOUTERBOUND(#12095,.T.);
#12097=IFCFACE((#12096));
#12098=IFCCARTESIANPOINT((-0.02,-0.825015991,2.045));
#12099=IFCPOLYLOOP((#12098,#12093,#12092));
#12100=IFCFACEOUTERBOUND(#12099,.T.);
#12101=IFCFACE((#12100));
#12102=IFCCARTESIANPOINT((-0.0199999999999996,-0.95,2.62));
#12103=IFCCARTESIANPOINT((-0.0199999999999996,-0.767125549,2.32));
#12104=IFCCARTESIANPOINT((-0.02,-0.966667969,2.32));
#12105=IFCPOLYLOOP((#12102,#12103,#12104));
#12106=IFCFACEOUTERBOUND(#12105,.T.);
#12107=IFCFACE((#12106));
#12108=IFCPOLYLOOP((#11641,#12103,#12102));
#12109=IFCFACEOUTERBOUND(#12108,.T.);
#12110=IFCFACE((#12109));
#12111=IFCPOLYLOOP((#11640,#12103,#11641));
#12112=IFCFACEOUTERBOUND(#12111,.T.);
#12113=IFCFACE((#12112));
#12114=IFCPOLYLOOP((#11640,#12062,#12103));
#12115=IFCFACEOUTERBOUND(#12114,.T.);
#12116=IFCFACE((#12115));
#12117=IFCPOLYLOOP((#12103,#12062,#12098));
#12118=IFCFACEOUTERBOUND(#12117,.T.);
#12119=IFCFACE((#12118));
#12120=IFCPOLYLOOP((#12098,#12062,#12093));
#12121=IFCFACEOUTERBOUND(#12120,.T.);
#12122=IFCFACE((#12121));
#12123=IFCPOLYLOOP((#12093,#12062,#12088));
#12124=IFCFACEOUTERBOUND(#12123,.T.);
#12125=IFCFACE((#12124));
#12126=IFCPOLYLOOP((#12088,#12062,#12079));
#12127=IFCFACEOUTERBOUND(#12126,.T.);
#12128=IFCFACE((#12127));
#12129=IFCPOLYLOOP((#11640,#11646,#11777));
#12130=IFCFACEOUTERBOUND(#12129,.T.);
#12131=IFCFACE((#12130));
#12132=IFCPOLYLOOP((#11777,#11646,#11783));
#12133=IFCFACEOUTERBOUND(#12132,.T.);
#12134=IFCFACE((#12133));
#12135=IFCPOLYLOOP((#11665,#11472,#11573));
#12136=IFCFACEOUTERBOUND(#12135,.T.);
#12137=IFCFACE((#12136));
#12138=IFCPOLYLOOP((#11665,#11573,#11803));
#12139=IFCFACEOUTERBOUND(#12138,.T.);
#12140=IFCFACE((#12139));
#12141=IFCPOLYLOOP((#11657,#11803,#11795));
#12142=IFCFACEOUTERBOUND(#12141,.T.);
#12143=IFCFACE((#12142));
#12144=IFCPOLYLOOP((#11657,#11665,#11803));
#12145=IFCFACEOUTERBOUND(#12144,.T.);
#12146=IFCFACE((#12145));
#12147=IFCPOLYLOOP((#11645,#11795,#11784));
#12148=IFCFACEOUTERBOUND(#12147,.T.);
#12149=IFCFACE((#12148));
#12150=IFCPOLYLOOP((#11645,#11784,#11783));
#12151=IFCFACEOUTERBOUND(#12150,.T.);
#12152=IFCFACE((#12151));
#12153=IFCPOLYLOOP((#11645,#11657,#11795));
#12154=IFCFACEOUTERBOUND(#12153,.T.);
#12155=IFCFACE((#12154));
#12156=IFCPOLYLOOP((#11646,#11645,#11783));
#12157=IFCFACEOUTERBOUND(#12156,.T.);
#12158=IFCFACE((#12157));
#12159=IFCCARTESIANPOINT((-0.02,0.835593994,0.42));
#12160=IFCCARTESIANPOINT((-0.0199999999999996,0.976249136,0.02));
#12161=IFCPOLYLOOP((#12159,#12160,#12027));
#12162=IFCFACEOUTERBOUND(#12161,.T.);
#12163=IFCFACE((#12162));
#12164=IFCCARTESIANPOINT((-0.02,0.925612431,0.42));
#12165=IFCPOLYLOOP((#12164,#12160,#12159));
#12166=IFCFACEOUTERBOUND(#12165,.T.);
#12167=IFCFACE((#12166));
#12168=IFCCARTESIANPOINT((-0.02,0.815438354,0.795));
#12169=IFCPOLYLOOP((#12168,#12159,#12027));
#12170=IFCFACEOUTERBOUND(#12169,.T.);
#12171=IFCFACE((#12170));
#12172=IFCCARTESIANPOINT((-0.02,0.880619446,1.195));
#12173=IFCCARTESIANPOINT((-0.0199999999999996,0.953756359,0.795));
#12174=IFCPOLYLOOP((#12172,#12173,#12168));
#12175=IFCFACEOUTERBOUND(#12174,.T.);
#12176=IFCFACE((#12175));
#12177=IFCCARTESIANPOINT((-0.02,0.994067394,1.195));
#12178=IFCPOLYLOOP((#12177,#12173,#12172));
#12179=IFCFACEOUTERBOUND(#12178,.T.);
#12180=IFCFACE((#12179));
#12181=IFCCARTESIANPOINT((-0.02,0.833898074,1.92));
#12182=IFCCARTESIANPOINT((-0.02,0.895736023,1.57));
#12183=IFCPOLYLOOP((#12181,#12182,#12172));
#12184=IFCFACEOUTERBOUND(#12183,.T.);
#12185=IFCFACE((#12184));
#12186=IFCPOLYLOOP((#12181,#12172,#12168));
#12187=IFCFACEOUTERBOUND(#12186,.T.);
#12188=IFCFACE((#12187));
#12189=IFCCARTESIANPOINT((-0.02,1.052206909,1.92));
#12190=IFCCARTESIANPOINT((-0.02,1.052206909,1.57));
#12191=IFCPOLYLOOP((#12189,#12190,#12182));
#12192=IFCFACEOUTERBOUND(#12191,.T.);
#12193=IFCFACE((#12192));
#12194=IFCPOLYLOOP((#12189,#12182,#12181));
#12195=IFCFACEOUTERBOUND(#12194,.T.);
#12196=IFCFACE((#12195));
#12197=IFCCARTESIANPOINT((-0.0199999999999996,0.758933289,2.32));
#12198=IFCPOLYLOOP((#11631,#12197,#12181));
#12199=IFCFACEOUTERBOUND(#12198,.T.);
#12200=IFCFACE((#12199));
#12201=IFCPOLYLOOP((#11631,#12168,#12027));
#12202=IFCFACEOUTERBOUND(#12201,.T.);
#12203=IFCFACE((#12202));
#12204=IFCPOLYLOOP((#11631,#12181,#12168));
#12205=IFCFACEOUTERBOUND(#12204,.T.);
#12206=IFCFACE((#12205));
#12207=IFCCARTESIANPOINT((-0.0199999999999996,0.954433633,2.32));
#12208=IFCPOLYLOOP((#11711,#12207,#12197));
#12209=IFCFACEOUTERBOUND(#12208,.T.);
#12210=IFCFACE((#12209));
#12211=IFCPOLYLOOP((#11711,#12197,#11631));
#12212=IFCFACEOUTERBOUND(#12211,.T.);
#12213=IFCFACE((#12212));
#12214=IFCCARTESIANPOINT((-0.0199999999999996,1.10158,2.62));
#12215=IFCPOLYLOOP((#12214,#12207,#11711));
#12216=IFCFACEOUTERBOUND(#12215,.T.);
#12217=IFCFACE((#12216));
#12218=IFCPOLYLOOP((#11711,#11710,#11848));
#12219=IFCFACEOUTERBOUND(#12218,.T.);
#12220=IFCFACE((#12219));
#12221=IFCPOLYLOOP((#11848,#11710,#11849));
#12222=IFCFACEOUTERBOUND(#12221,.T.);
#12223=IFCFACE((#12222));
#12224=IFCPOLYLOOP((#11849,#11738,#11876));
#12225=IFCFACEOUTERBOUND(#12224,.T.);
#12226=IFCFACE((#12225));
#12227=IFCPOLYLOOP((#11710,#11738,#11849));
#12228=IFCFACEOUTERBOUND(#12227,.T.);
#12229=IFCFACE((#12228));
#12230=IFCPOLYLOOP((#11876,#11749,#11887));
#12231=IFCFACEOUTERBOUND(#12230,.T.);
#12232=IFCFACE((#12231));
#12233=IFCPOLYLOOP((#11738,#11749,#11876));
#12234=IFCFACEOUTERBOUND(#12233,.T.);
#12235=IFCFACE((#12234));
#12236=IFCPOLYLOOP((#11887,#11756,#11894));
#12237=IFCFACEOUTERBOUND(#12236,.T.);
#12238=IFCFACE((#12237));
#12239=IFCPOLYLOOP((#11894,#11756,#11883));
#12240=IFCFACEOUTERBOUND(#12239,.T.);
#12241=IFCFACE((#12240));
#12242=IFCPOLYLOOP((#11749,#11756,#11887));
#12243=IFCFACEOUTERBOUND(#12242,.T.);
#12244=IFCFACE((#12243));
#12245=IFCPOLYLOOP((#11756,#11745,#11883));
#12246=IFCFACEOUTERBOUND(#12245,.T.);
#12247=IFCFACE((#12246));
#12248=IFCPOLYLOOP((#11734,#11766,#11904));
#12249=IFCFACEOUTERBOUND(#12248,.T.);
#12250=IFCFACE((#12249));
#12251=IFCPOLYLOOP((#11734,#11904,#11872));
#12252=IFCFACEOUTERBOUND(#12251,.T.);
#12253=IFCFACE((#12252));
#12254=IFCPOLYLOOP((#11726,#11872,#11864));
#12255=IFCFACEOUTERBOUND(#12254,.T.);
#12256=IFCFACE((#12255));
#12257=IFCPOLYLOOP((#11726,#11734,#11872));
#12258=IFCFACEOUTERBOUND(#12257,.T.);
#12259=IFCFACE((#12258));
#12260=IFCPOLYLOOP((#11722,#11864,#11860));
#12261=IFCFACEOUTERBOUND(#12260,.T.);
#12262=IFCFACE((#12261));
#12263=IFCPOLYLOOP((#11722,#11726,#11864));
#12264=IFCFACEOUTERBOUND(#12263,.T.);
#12265=IFCFACE((#12264));
#12266=IFCPOLYLOOP((#11718,#11860,#11856));
#12267=IFCFACEOUTERBOUND(#12266,.T.);
#12268=IFCFACE((#12267));
#12269=IFCPOLYLOOP((#11718,#11722,#11860));
#12270=IFCFACEOUTERBOUND(#12269,.T.);
#12271=IFCFACE((#12270));
#12272=IFCPOLYLOOP((#11730,#11856,#11868));
#12273=IFCFACEOUTERBOUND(#12272,.T.);
#12274=IFCFACE((#12273));
#12275=IFCPOLYLOOP((#11730,#11718,#11856));
#12276=IFCFACEOUTERBOUND(#12275,.T.);
#12277=IFCFACE((#12276));
#12278=IFCPOLYLOOP((#11745,#11868,#11883));
#12279=IFCFACEOUTERBOUND(#12278,.T.);
#12280=IFCFACE((#12279));
#12281=IFCPOLYLOOP((#11745,#11730,#11868));
#12282=IFCFACEOUTERBOUND(#12281,.T.);
#12283=IFCFACE((#12282));
#12284=IFCPOLYLOOP((#11773,#11911,#11904));
#12285=IFCFACEOUTERBOUND(#12284,.T.);
#12286=IFCFACE((#12285));
#12287=IFCPOLYLOOP((#11766,#11773,#11904));
#12288=IFCFACEOUTERBOUND(#12287,.T.);
#12289=IFCFACE((#12288));
#12290=IFCPOLYLOOP((#11911,#11773,#11841));
#12291=IFCFACEOUTERBOUND(#12290,.T.);
#12292=IFCFACE((#12291));
#12293=IFCPOLYLOOP((#11773,#11703,#11841));
#12294=IFCFACEOUTERBOUND(#12293,.T.);
#12295=IFCFACE((#12294));
#12296=IFCPOLYLOOP((#11680,#11676,#11814));
#12297=IFCFACEOUTERBOUND(#12296,.T.);
#12298=IFCFACE((#12297));
#12299=IFCPOLYLOOP((#11680,#11814,#11818));
#12300=IFCFACEOUTERBOUND(#12299,.T.);
#12301=IFCFACE((#12300));
#12302=IFCPOLYLOOP((#11684,#11818,#11822));
#12303=IFCFACEOUTERBOUND(#12302,.T.);
#12304=IFCFACE((#12303));
#12305=IFCPOLYLOOP((#11684,#11680,#11818));
#12306=IFCFACEOUTERBOUND(#12305,.T.);
#12307=IFCFACE((#12306));
#12308=IFCPOLYLOOP((#11688,#11822,#11826));
#12309=IFCFACEOUTERBOUND(#12308,.T.);
#12310=IFCFACE((#12309));
#12311=IFCPOLYLOOP((#11688,#11684,#11822));
#12312=IFCFACEOUTERBOUND(#12311,.T.);
#12313=IFCFACE((#12312));
#12314=IFCPOLYLOOP((#11692,#11826,#11830));
#12315=IFCFACEOUTERBOUND(#12314,.T.);
#12316=IFCFACE((#12315));
#12317=IFCPOLYLOOP((#11692,#11688,#11826));
#12318=IFCFACEOUTERBOUND(#12317,.T.);
#12319=IFCFACE((#12318));
#12320=IFCPOLYLOOP((#11699,#11830,#11837));
#12321=IFCFACEOUTERBOUND(#12320,.T.);
#12322=IFCFACE((#12321));
#12323=IFCPOLYLOOP((#11699,#11692,#11830));
#12324=IFCFACEOUTERBOUND(#12323,.T.);
#12325=IFCFACE((#12324));
#12326=IFCPOLYLOOP((#11703,#11837,#11841));
#12327=IFCFACEOUTERBOUND(#12326,.T.);
#12328=IFCFACE((#12327));
#12329=IFCPOLYLOOP((#11703,#11699,#11837));
#12330=IFCFACEOUTERBOUND(#12329,.T.);
#12331=IFCFACE((#12330));
#12332=IFCCARTESIANPOINT((0.699999999999999,-0.65,0.02));
#12333=IFCCARTESIANPOINT((0.699999999999999,-0.8205896,0.245));
#12334=IFCCARTESIANPOINT((0.7,-0.95,0.02));
#12335=IFCPOLYLOOP((#12332,#12333,#12334));
#12336=IFCFACEOUTERBOUND(#12335,.T.);
#12337=IFCFACE((#12336));
#12338=IFCCARTESIANPOINT((0.7,-0.83043457,0.52));
#12339=IFCCARTESIANPOINT((0.7,-0.960257477,0.245));
#12340=IFCPOLYLOOP((#12333,#12338,#12339));
#12341=IFCFACEOUTERBOUND(#12340,.T.);
#12342=IFCFACE((#12341));
#12343=IFCCARTESIANPOINT((0.699999999999999,-0.957276306,0.52));
#12344=IFCPOLYLOOP((#12339,#12338,#12343));
#12345=IFCFACEOUTERBOUND(#12344,.T.);
#12346=IFCFACE((#12345));
#12347=IFCPOLYLOOP((#12332,#12338,#12333));
#12348=IFCFACEOUTERBOUND(#12347,.T.);
#12349=IFCFACE((#12348));
#12350=IFCCARTESIANPOINT((0.7,-0.827348421,0.945));
#12351=IFCPOLYLOOP((#12332,#12350,#12338));
#12352=IFCFACEOUTERBOUND(#12351,.T.);
#12353=IFCFACE((#12352));
#12354=IFCCARTESIANPOINT((0.7,-1.019781982,1.295));
#12355=IFCCARTESIANPOINT((0.7,-1.019299317,0.945));
#12356=IFCPOLYLOOP((#12350,#12354,#12355));
#12357=IFCFACEOUTERBOUND(#12356,.T.);
#12358=IFCFACE((#12357));
#12359=IFCCARTESIANPOINT((0.699999999999999,-0.800150464,1.295));
#12360=IFCPOLYLOOP((#12350,#12359,#12354));
#12361=IFCFACEOUTERBOUND(#12360,.T.);
#12362=IFCFACE((#12361));
#12363=IFCCARTESIANPOINT((0.699999999999999,-0.827694898,1.67));
#12364=IFCCARTESIANPOINT((0.7,-1.004755035,2.045));
#12365=IFCCARTESIANPOINT((0.699999999999999,-1.009265411,1.67));
#12366=IFCPOLYLOOP((#12363,#12364,#12365));
#12367=IFCFACEOUTERBOUND(#12366,.T.);
#12368=IFCFACE((#12367));
#12369=IFCCARTESIANPOINT((0.699999999999999,-0.825015991,2.045));
#12370=IFCPOLYLOOP((#12363,#12369,#12364));
#12371=IFCFACEOUTERBOUND(#12370,.T.);
#12372=IFCFACE((#12371));
#12373=IFCCARTESIANPOINT((0.699999999999999,-0.767125549,2.32));
#12374=IFCCARTESIANPOINT((0.699999999999999,-0.95,2.62));
#12375=IFCCARTESIANPOINT((0.699999999999999,-0.966667969,2.32));
#12376=IFCPOLYLOOP((#12373,#12374,#12375));
#12377=IFCFACEOUTERBOUND(#12376,.T.);
#12378=IFCFACE((#12377));
#12379=IFCPOLYLOOP((#12373,#11779,#12374));
#12380=IFCFACEOUTERBOUND(#12379,.T.);
#12381=IFCFACE((#12380));
#12382=IFCPOLYLOOP((#12373,#11777,#11779));
#12383=IFCFACEOUTERBOUND(#12382,.T.);
#12384=IFCFACE((#12383));
#12385=IFCPOLYLOOP((#12332,#11777,#12373));
#12386=IFCFACEOUTERBOUND(#12385,.T.);
#12387=IFCFACE((#12386));
#12388=IFCPOLYLOOP((#12332,#12373,#12369));
#12389=IFCFACEOUTERBOUND(#12388,.T.);
#12390=IFCFACE((#12389));
#12391=IFCPOLYLOOP((#12332,#12369,#12363));
#12392=IFCFACEOUTERBOUND(#12391,.T.);
#12393=IFCFACE((#12392));
#12394=IFCPOLYLOOP((#12332,#12363,#12359));
#12395=IFCFACEOUTERBOUND(#12394,.T.);
#12396=IFCFACE((#12395));
#12397=IFCPOLYLOOP((#12332,#12359,#12350));
#12398=IFCFACEOUTERBOUND(#12397,.T.);
#12399=IFCFACE((#12398));
#12400=IFCCARTESIANPOINT((0.7,0.976249136,0.02));
#12401=IFCCARTESIANPOINT((0.7,0.835593994,0.42));
#12402=IFCPOLYLOOP((#12400,#12401,#12023));
#12403=IFCFACEOUTERBOUND(#12402,.T.);
#12404=IFCFACE((#12403));
#12405=IFCCARTESIANPOINT((0.699999999999999,0.925612431,0.42));
#12406=IFCPOLYLOOP((#12400,#12405,#12401));
#12407=IFCFACEOUTERBOUND(#12406,.T.);
#12408=IFCFACE((#12407));
#12409=IFCCARTESIANPOINT((0.7,0.815438354,0.795));
#12410=IFCPOLYLOOP((#12401,#12409,#12023));
#12411=IFCFACEOUTERBOUND(#12410,.T.);
#12412=IFCFACE((#12411));
#12413=IFCCARTESIANPOINT((0.7,0.953756359,0.795));
#12414=IFCCARTESIANPOINT((0.7,0.880619446,1.195));
#12415=IFCPOLYLOOP((#12413,#12414,#12409));
#12416=IFCFACEOUTERBOUND(#12415,.T.);
#12417=IFCFACE((#12416));
#12418=IFCCARTESIANPOINT((0.699999999999999,0.994067394,1.195));
#12419=IFCPOLYLOOP((#12413,#12418,#12414));
#12420=IFCFACEOUTERBOUND(#12419,.T.);
#12421=IFCFACE((#12420));
#12422=IFCCARTESIANPOINT((0.7,0.895736023,1.57));
#12423=IFCCARTESIANPOINT((0.7,0.833898074,1.92));
#12424=IFCPOLYLOOP((#12422,#12423,#12414));
#12425=IFCFACEOUTERBOUND(#12424,.T.);
#12426=IFCFACE((#12425));
#12427=IFCPOLYLOOP((#12414,#12423,#12409));
#12428=IFCFACEOUTERBOUND(#12427,.T.);
#12429=IFCFACE((#12428));
#12430=IFCCARTESIANPOINT((0.7,1.052206909,1.57));
#12431=IFCCARTESIANPOINT((0.7,1.052206909,1.92));
#12432=IFCPOLYLOOP((#12430,#12431,#12422));
#12433=IFCFACEOUTERBOUND(#12432,.T.);
#12434=IFCFACE((#12433));
#12435=IFCPOLYLOOP((#12422,#12431,#12423));
#12436=IFCFACEOUTERBOUND(#12435,.T.);
#12437=IFCFACE((#12436));
#12438=IFCCARTESIANPOINT((0.7,0.758933289,2.32));
#12439=IFCPOLYLOOP((#12438,#11635,#12423));
#12440=IFCFACEOUTERBOUND(#12439,.T.);
#12441=IFCFACE((#12440));
#12442=IFCPOLYLOOP((#12409,#11635,#12023));
#12443=IFCFACEOUTERBOUND(#12442,.T.);
#12444=IFCFACE((#12443));
#12445=IFCPOLYLOOP((#12423,#11635,#12409));
#12446=IFCFACEOUTERBOUND(#12445,.T.);
#12447=IFCFACE((#12446));
#12448=IFCCARTESIANPOINT((0.7,0.954433633,2.32));
#12449=IFCPOLYLOOP((#12448,#11848,#12438));
#12450=IFCFACEOUTERBOUND(#12449,.T.);
#12451=IFCFACE((#12450));
#12452=IFCPOLYLOOP((#12438,#11848,#11635));
#12453=IFCFACEOUTERBOUND(#12452,.T.);
#12454=IFCFACE((#12453));
#12455=IFCCARTESIANPOINT((0.7,1.10158,2.62));
#12456=IFCPOLYLOOP((#12448,#12455,#11848));
#12457=IFCFACEOUTERBOUND(#12456,.T.);
#12458=IFCFACE((#12457));
#12459=IFCPOLYLOOP((#12027,#12160,#12023));
#12460=IFCFACEOUTERBOUND(#12459,.T.);
#12461=IFCFACE((#12460));
#12462=IFCPOLYLOOP((#12023,#12160,#12400));
#12463=IFCFACEOUTERBOUND(#12462,.T.);
#12464=IFCFACE((#12463));
#12465=IFCPOLYLOOP((#11641,#12102,#12374));
#12466=IFCFACEOUTERBOUND(#12465,.T.);
#12467=IFCFACE((#12466));
#12468=IFCPOLYLOOP((#11641,#12374,#11779));
#12469=IFCFACEOUTERBOUND(#12468,.T.);
#12470=IFCFACE((#12469));
#12471=IFCPOLYLOOP((#12332,#11640,#11777));
#12472=IFCFACEOUTERBOUND(#12471,.T.);
#12473=IFCFACE((#12472));
#12474=IFCPOLYLOOP((#12062,#11640,#12332));
#12475=IFCFACEOUTERBOUND(#12474,.T.);
#12476=IFCFACE((#12475));
#12477=IFCPOLYLOOP((#12063,#12062,#12332));
#12478=IFCFACEOUTERBOUND(#12477,.T.);
#12479=IFCFACE((#12478));
#12480=IFCPOLYLOOP((#12063,#12332,#12334));
#12481=IFCFACEOUTERBOUND(#12480,.T.);
#12482=IFCFACE((#12481));
#12483=IFCPOLYLOOP((#12063,#12334,#12333));
#12484=IFCFACEOUTERBOUND(#12483,.T.);
#12485=IFCFACE((#12484));
#12486=IFCPOLYLOOP((#12061,#12063,#12333));
#12487=IFCFACEOUTERBOUND(#12486,.T.);
#12488=IFCFACE((#12487));
#12489=IFCPOLYLOOP((#12068,#12061,#12333));
#12490=IFCFACEOUTERBOUND(#12489,.T.);
#12491=IFCFACE((#12490));
#12492=IFCPOLYLOOP((#12068,#12333,#12339));
#12493=IFCFACEOUTERBOUND(#12492,.T.);
#12494=IFCFACE((#12493));
#12495=IFCPOLYLOOP((#12072,#12068,#12339));
#12496=IFCFACEOUTERBOUND(#12495,.T.);
#12497=IFCFACE((#12496));
#12498=IFCPOLYLOOP((#12072,#12339,#12343));
#12499=IFCFACEOUTERBOUND(#12498,.T.);
#12500=IFCFACE((#12499));
#12501=IFCPOLYLOOP((#12067,#12072,#12343));
#12502=IFCFACEOUTERBOUND(#12501,.T.);
#12503=IFCFACE((#12502));
#12504=IFCPOLYLOOP((#12067,#12343,#12338));
#12505=IFCFACEOUTERBOUND(#12504,.T.);
#12506=IFCFACE((#12505));
#12507=IFCPOLYLOOP((#12067,#12338,#12350));
#12508=IFCFACEOUTERBOUND(#12507,.T.);
#12509=IFCFACE((#12508));
#12510=IFCPOLYLOOP((#12079,#12067,#12350));
#12511=IFCFACEOUTERBOUND(#12510,.T.);
#12512=IFCFACE((#12511));
#12513=IFCPOLYLOOP((#12084,#12079,#12350));
#12514=IFCFACEOUTERBOUND(#12513,.T.);
#12515=IFCFACE((#12514));
#12516=IFCPOLYLOOP((#12084,#12350,#12355));
#12517=IFCFACEOUTERBOUND(#12516,.T.);
#12518=IFCFACE((#12517));
#12519=IFCPOLYLOOP((#12083,#12084,#12355));
#12520=IFCFACEOUTERBOUND(#12519,.T.);
#12521=IFCFACE((#12520));
#12522=IFCPOLYLOOP((#12083,#12355,#12354));
#12523=IFCFACEOUTERBOUND(#12522,.T.);
#12524=IFCFACE((#12523));
#12525=IFCPOLYLOOP((#12088,#12083,#12354));
#12526=IFCFACEOUTERBOUND(#12525,.T.);
#12527=IFCFACE((#12526));
#12528=IFCPOLYLOOP((#12088,#12354,#12359));
#12529=IFCFACEOUTERBOUND(#12528,.T.);
#12530=IFCFACE((#12529));
#12531=IFCPOLYLOOP((#12093,#12088,#12359));
#12532=IFCFACEOUTERBOUND(#12531,.T.);
#12533=IFCFACE((#12532));
#12534=IFCPOLYLOOP((#12093,#12359,#12363));
#12535=IFCFACEOUTERBOUND(#12534,.T.);
#12536=IFCFACE((#12535));
#12537=IFCPOLYLOOP((#12094,#12093,#12363));
#12538=IFCFACEOUTERBOUND(#12537,.T.);
#12539=IFCFACE((#12538));
#12540=IFCPOLYLOOP((#12094,#12363,#12365));
#12541=IFCFACEOUTERBOUND(#12540,.T.);
#12542=IFCFACE((#12541));
#12543=IFCPOLYLOOP((#12092,#12094,#12365));
#12544=IFCFACEOUTERBOUND(#12543,.T.);
#12545=IFCFACE((#12544));
#12546=IFCPOLYLOOP((#12092,#12365,#12364));
#12547=IFCFACEOUTERBOUND(#12546,.T.);
#12548=IFCFACE((#12547));
#12549=IFCPOLYLOOP((#12098,#12092,#12364));
#12550=IFCFACEOUTERBOUND(#12549,.T.);
#12551=IFCFACE((#12550));
#12552=IFCPOLYLOOP((#12098,#12364,#12369));
#12553=IFCFACEOUTERBOUND(#12552,.T.);
#12554=IFCFACE((#12553));
#12555=IFCPOLYLOOP((#12103,#12098,#12369));
#12556=IFCFACEOUTERBOUND(#12555,.T.);
#12557=IFCFACE((#12556));
#12558=IFCPOLYLOOP((#12103,#12369,#12373));
#12559=IFCFACEOUTERBOUND(#12558,.T.);
#12560=IFCFACE((#12559));
#12561=IFCPOLYLOOP((#12104,#12103,#12373));
#12562=IFCFACEOUTERBOUND(#12561,.T.);
#12563=IFCFACE((#12562));
#12564=IFCPOLYLOOP((#12104,#12373,#12375));
#12565=IFCFACEOUTERBOUND(#12564,.T.);
#12566=IFCFACE((#12565));
#12567=IFCPOLYLOOP((#12102,#12104,#12375));
#12568=IFCFACEOUTERBOUND(#12567,.T.);
#12569=IFCFACE((#12568));
#12570=IFCPOLYLOOP((#12102,#12375,#12374));
#12571=IFCFACEOUTERBOUND(#12570,.T.);
#12572=IFCFACE((#12571));
#12573=IFCPOLYLOOP((#12400,#12160,#12405));
#12574=IFCFACEOUTERBOUND(#12573,.T.);
#12575=IFCFACE((#12574));
#12576=IFCPOLYLOOP((#12160,#12164,#12405));
#12577=IFCFACEOUTERBOUND(#12576,.T.);
#12578=IFCFACE((#12577));
#12579=IFCPOLYLOOP((#12164,#12159,#12405));
#12580=IFCFACEOUTERBOUND(#12579,.T.);
#12581=IFCFACE((#12580));
#12582=IFCPOLYLOOP((#12405,#12159,#12401));
#12583=IFCFACEOUTERBOUND(#12582,.T.);
#12584=IFCFACE((#12583));
#12585=IFCPOLYLOOP((#12159,#12168,#12401));
#12586=IFCFACEOUTERBOUND(#12585,.T.);
#12587=IFCFACE((#12586));
#12588=IFCPOLYLOOP((#12401,#12168,#12409));
#12589=IFCFACEOUTERBOUND(#12588,.T.);
#12590=IFCFACE((#12589));
#12591=IFCPOLYLOOP((#12168,#12173,#12409));
#12592=IFCFACEOUTERBOUND(#12591,.T.);
#12593=IFCFACE((#12592));
#12594=IFCPOLYLOOP((#12409,#12173,#12413));
#12595=IFCFACEOUTERBOUND(#12594,.T.);
#12596=IFCFACE((#12595));
#12597=IFCPOLYLOOP((#12173,#12177,#12413));
#12598=IFCFACEOUTERBOUND(#12597,.T.);
#12599=IFCFACE((#12598));
#12600=IFCPOLYLOOP((#12413,#12177,#12418));
#12601=IFCFACEOUTERBOUND(#12600,.T.);
#12602=IFCFACE((#12601));
#12603=IFCPOLYLOOP((#12177,#12172,#12418));
#12604=IFCFACEOUTERBOUND(#12603,.T.);
#12605=IFCFACE((#12604));
#12606=IFCPOLYLOOP((#12418,#12172,#12414));
#12607=IFCFACEOUTERBOUND(#12606,.T.);
#12608=IFCFACE((#12607));
#12609=IFCPOLYLOOP((#12172,#12182,#12414));
#12610=IFCFACEOUTERBOUND(#12609,.T.);
#12611=IFCFACE((#12610));
#12612=IFCPOLYLOOP((#12414,#12182,#12422));
#12613=IFCFACEOUTERBOUND(#12612,.T.);
#12614=IFCFACE((#12613));
#12615=IFCPOLYLOOP((#12182,#12190,#12422));
#12616=IFCFACEOUTERBOUND(#12615,.T.);
#12617=IFCFACE((#12616));
#12618=IFCPOLYLOOP((#12422,#12190,#12430));
#12619=IFCFACEOUTERBOUND(#12618,.T.);
#12620=IFCFACE((#12619));
#12621=IFCPOLYLOOP((#12190,#12189,#12430));
#12622=IFCFACEOUTERBOUND(#12621,.T.);
#12623=IFCFACE((#12622));
#12624=IFCPOLYLOOP((#12430,#12189,#12431));
#12625=IFCFACEOUTERBOUND(#12624,.T.);
#12626=IFCFACE((#12625));
#12627=IFCPOLYLOOP((#12189,#12181,#12431));
#12628=IFCFACEOUTERBOUND(#12627,.T.);
#12629=IFCFACE((#12628));
#12630=IFCPOLYLOOP((#12431,#12181,#12423));
#12631=IFCFACEOUTERBOUND(#12630,.T.);
#12632=IFCFACE((#12631));
#12633=IFCPOLYLOOP((#12181,#12197,#12423));
#12634=IFCFACEOUTERBOUND(#12633,.T.);
#12635=IFCFACE((#12634));
#12636=IFCPOLYLOOP((#12423,#12197,#12438));
#12637=IFCFACEOUTERBOUND(#12636,.T.);
#12638=IFCFACE((#12637));
#12639=IFCPOLYLOOP((#12197,#12207,#12438));
#12640=IFCFACEOUTERBOUND(#12639,.T.);
#12641=IFCFACE((#12640));
#12642=IFCPOLYLOOP((#12438,#12207,#12448));
#12643=IFCFACEOUTERBOUND(#12642,.T.);
#12644=IFCFACE((#12643));
#12645=IFCPOLYLOOP((#12207,#12214,#12448));
#12646=IFCFACEOUTERBOUND(#12645,.T.);
#12647=IFCFACE((#12646));
#12648=IFCPOLYLOOP((#12448,#12214,#12455));
#12649=IFCFACEOUTERBOUND(#12648,.T.);
#12650=IFCFACE((#12649));
#12651=IFCPOLYLOOP((#12214,#11711,#12455));
#12652=IFCFACEOUTERBOUND(#12651,.T.);
#12653=IFCFACE((#12652));
#12654=IFCPOLYLOOP((#12455,#11711,#11848));
#12655=IFCFACEOUTERBOUND(#12654,.T.);
#12656=IFCFACE((#12655));
#12657=IFCCLOSEDSHELL((#11362,#11366,#11371,#11374,#11379,#11382,#11387,#11390,#11394,#11398,#11404,#11408,#11413,#11416,#11421,#11424,#11427,#11430,#11435,#11439,#11443,#11447,#11452,#11455,#11459,#11463,#11467,#11471,#11476,#11479,#11483,#11487,#11491,#11495,#11498,#11502,#11505,#11509,#11512,#11516,#11519,#11522,#11525,#11528,#11533,#11537,#11541,#11545,#11549,#11552,#11557,#11560,#11565,#11568,#11572,#11576,#11580,#11584,#11588,#11591,#11594,#11599,#11602,#11605,#11609,#11612,#11615,#11618,#11621,#11624,#11627,#11630,#11634,#11638,#11644,#11649,#11652,#11656,#11660,#11664,#11668,#11672,#11675,#11679,#11683,#11687,#11691,#11695,#11698,#11702,#11706,#11709,#11714,#11717,#11721,#11725,#11729,#11733,#11737,#11741,#11744,#11748,#11752,#11755,#11759,#11762,#11765,#11769,#11772,#11776,#11782,#11787,#11790,#11794,#11798,#11802,#11806,#11810,#11813,#11817,#11821,#11825,#11829,#11833,#11836,#11840,#11844,#11847,#11852,#11855,#11859,#11863,#11867,#11871,#11875,#11879,#11882,#11886,#11890,#11893,#11897,#11900,#11903,#11907,#11910,#11914,#11917,#11920,#11923,#11926,#11929,#11932,#11935,#11938,#11941,#11944,#11947,#11950,#11953,#11956,#11959,#11962,#11965,#11968,#11971,#11974,#11977,#11980,#11983,#11986,#11989,#11992,#11995,#11998,#12001,#12004,#12007,#12010,#12013,#12016,#12019,#12022,#12026,#12030,#12033,#12036,#12039,#12042,#12045,#12048,#12051,#12054,#12057,#12060,#12066,#12071,#12075,#12078,#12082,#12087,#12091,#12097,#12101,#12107,#12110,#12113,#12116,#12119,#12122,#12125,#12128,#12131,#12134,#12137,#12140,#12143,#12146,#12149,#12152,#12155,#12158,#12163,#12167,#12171,#12176,#12180,#12185,#12188,#12193,#12196,#12200,#12203,#12206,#12210,#12213,#12217,#12220,#12223,#12226,#12229,#12232,#12235,#12238,#12241,#12244,#12247,#12250,#12253,#12256,#12259,#12262,#12265,#12268,#12271,#12274,#12277,#12280,#12283,#12286,#12289,#12292,#12295,#12298,#12301,#12304,#12307,#12310,#12313,#12316,#12319,#12322,#12325,#12328,#12331,#12337,#12342,#12346,#12349,#12353,#12358,#12362,#12368,#12372,#12378,#12381,#12384,#12387,#12390,#12393,#12396,#12399,#12404,#12408,#12412,#12417,#12421,#12426,#12429,#12434,#12437,#12441,#12444,#12447,#12451,#12454,#12458,#12461,#12464,#12467,#12470,#12473,#12476,#12479,#12482,#12485,#12488,#12491,#12494,#12497,#12500,#12503,#12506,#12509,#12512,#12515,#12518,#12521,#12524,#12527,#12530,#12533,#12536,#12539,#12542,#12545,#12548,#12551,#12554,#12557,#12560,#12563,#12566,#12569,#12572,#12575,#12578,#12581,#12584,#12587,#12590,#12593,#12596,#12599,#12602,#12605,#12608,#12611,#12614,#12617,#12620,#12623,#12626,#12629,#12632,#12635,#12638,#12641,#12644,#12647,#12650,#12653,#12656));
#12658=IFCFACETEDBREP(#12657);
#12659=IFCSTYLEDITEM(#12658,(#591),$);
#12660=IFCSHAPEREPRESENTATION(#22,'Body','Brep',(#12658));
#12661=IFCPRODUCTDEFINITIONSHAPE($,$,(#12660));
#12662=IFCDOOR('1QrYcHMKTC6RAFKGZd4wMk',#13886,'Door',$,$,#593,#12661,$,$,$,.NOTDEFINED.,.NOTDEFINED.,$);
#12663=IFCCARTESIANPOINT((3.38218086535881,3.76999999999998,4.50264982531577));
#12664=IFCCARTESIANPOINT((3.29033467666068,3.76999999999998,4.47249450738471));
#12665=IFCCARTESIANPOINT((3.38218086535877,3.65,4.50264982531578));
#12666=IFCPOLYLOOP((#12663,#12664,#12665));
#12667=IFCFACEOUTERBOUND(#12666,.T.);
#12668=IFCFACE((#12667));
#12669=IFCCARTESIANPOINT((3.29033467666068,3.65000000000009,4.47249450738471));
#12670=IFCPOLYLOOP((#12665,#12664,#12669));
#12671=IFCFACEOUTERBOUND(#12670,.T.);
#12672=IFCFACE((#12671));
#12673=IFCCARTESIANPOINT((3.21032128215802,3.76999999999998,4.4182457997677));
#12674=IFCCARTESIANPOINT((3.21032128215802,3.65000000000009,4.41824579976767));
#12675=IFCPOLYLOOP((#12669,#12673,#12674));
#12676=IFCFACEOUTERBOUND(#12675,.T.);
#12677=IFCFACE((#12676));
#12678=IFCPOLYLOOP((#12664,#12673,#12669));
#12679=IFCFACEOUTERBOUND(#12678,.T.);
#12680=IFCFACE((#12679));
#12681=IFCCARTESIANPOINT((3.14830973074095,3.76999999999998,4.34408628878766));
#12682=IFCCARTESIANPOINT((3.14830973074095,3.65000000000009,4.34408628878765));
#12683=IFCPOLYLOOP((#12674,#12681,#12682));
#12684=IFCFACEOUTERBOUND(#12683,.T.);
#12685=IFCFACE((#12684));
#12686=IFCPOLYLOOP((#12673,#12681,#12674));
#12687=IFCFACEOUTERBOUND(#12686,.T.);
#12688=IFCFACE((#12687));
#12689=IFCCARTESIANPOINT((3.10908112555899,3.76999999999998,4.25573368773154));
#12690=IFCCARTESIANPOINT((3.10908112555899,3.65000000000009,4.25573368773152));
#12691=IFCPOLYLOOP((#12682,#12689,#12690));
#12692=IFCFACEOUTERBOUND(#12691,.T.);
#12693=IFCFACE((#12692));
#12694=IFCPOLYLOOP((#12681,#12689,#12682));
#12695=IFCFACEOUTERBOUND(#12694,.T.);
#12696=IFCFACE((#12695));
#12697=IFCCARTESIANPOINT((3.09566,3.77,4.16));
#12698=IFCCARTESIANPOINT((3.09566,3.65,4.16));
#12699=IFCPOLYLOOP((#12690,#12697,#12698));
#12700=IFCFACEOUTERBOUND(#12699,.T.);
#12701=IFCFACE((#12700));
#12702=IFCPOLYLOOP((#12689,#12697,#12690));
#12703=IFCFACEOUTERBOUND(#12702,.T.);
#12704=IFCFACE((#12703));
#12705=IFCCARTESIANPOINT((3.695,3.77,4.56));
#12706=IFCPOLYLOOP((#12705,#12663,#12665));
#12707=IFCFACEOUTERBOUND(#12706,.T.);
#12708=IFCFACE((#12707));
#12709=IFCCARTESIANPOINT((3.695,3.65,4.56));
#12710=IFCPOLYLOOP((#12705,#12665,#12709));
#12711=IFCFACEOUTERBOUND(#12710,.T.);
#12712=IFCFACE((#12711));
#12713=IFCCARTESIANPOINT((3.02315,3.77,4.16));
#12714=IFCCARTESIANPOINT((3.02314999999999,3.65000000000009,4.16));
#12715=IFCPOLYLOOP((#12697,#12713,#12714));
#12716=IFCFACEOUTERBOUND(#12715,.T.);
#12717=IFCFACE((#12716));
#12718=IFCPOLYLOOP((#12697,#12714,#12698));
#12719=IFCFACEOUTERBOUND(#12718,.T.);
#12720=IFCFACE((#12719));
#12721=IFCCARTESIANPOINT((3.155,3.77,4.16));
#12722=IFCPOLYLOOP((#12689,#12721,#12697));
#12723=IFCFACEOUTERBOUND(#12722,.T.);
#12724=IFCFACE((#12723));
#12725=IFCCARTESIANPOINT((3.16675644418274,3.76999999999998,4.23937648120857));
#12726=IFCCARTESIANPOINT((3.15565573770492,3.77,4.16));
#12727=IFCPOLYLOOP((#12725,#12726,#12721));
#12728=IFCFACEOUTERBOUND(#12727,.T.);
#12729=IFCFACE((#12728));
#12730=IFCPOLYLOOP((#12725,#12721,#12689));
#12731=IFCFACEOUTERBOUND(#12730,.T.);
#12732=IFCFACE((#12731));
#12733=IFCPOLYLOOP((#12681,#12725,#12689));
#12734=IFCFACEOUTERBOUND(#12733,.T.);
#12735=IFCFACE((#12734));
#12736=IFCCARTESIANPOINT((3.19920680534369,3.76999999999998,4.31266239741251));
#12737=IFCPOLYLOOP((#12736,#12725,#12681));
#12738=IFCFACEOUTERBOUND(#12737,.T.);
#12739=IFCFACE((#12738));
#12740=IFCCARTESIANPOINT((3.25051690186956,3.76999999999998,4.37423451324329));
#12741=IFCPOLYLOOP((#12673,#12740,#12736));
#12742=IFCFACEOUTERBOUND(#12741,.T.);
#12743=IFCFACE((#12742));
#12744=IFCPOLYLOOP((#12673,#12736,#12681));
#12745=IFCFACEOUTERBOUND(#12744,.T.);
#12746=IFCFACE((#12745));
#12747=IFCCARTESIANPOINT((3.3167497051395,3.76999999999998,4.41936839435678));
#12748=IFCPOLYLOOP((#12664,#12747,#12740));
#12749=IFCFACEOUTERBOUND(#12748,.T.);
#12750=IFCFACE((#12749));
#12751=IFCPOLYLOOP((#12664,#12740,#12673));
#12752=IFCFACEOUTERBOUND(#12751,.T.);
#12753=IFCFACE((#12752));
#12754=IFCCARTESIANPOINT((3.39282316581564,3.77,4.44460091373287));
#12755=IFCPOLYLOOP((#12663,#12754,#12747));
#12756=IFCFACEOUTERBOUND(#12755,.T.);
#12757=IFCFACE((#12756));
#12758=IFCPOLYLOOP((#12663,#12747,#12664));
#12759=IFCFACEOUTERBOUND(#12758,.T.);
#12760=IFCFACE((#12759));
#12761=IFCCARTESIANPOINT((3.695,3.77,4.5));
#12762=IFCPOLYLOOP((#12761,#12754,#12663));
#12763=IFCFACEOUTERBOUND(#12762,.T.);
#12764=IFCFACE((#12763));
#12765=IFCPOLYLOOP((#12705,#12761,#12663));
#12766=IFCFACEOUTERBOUND(#12765,.T.);
#12767=IFCFACE((#12766));
#12768=IFCCARTESIANPOINT((4.22324355581759,3.76999999999998,4.23937648120857));
#12769=IFCCARTESIANPOINT((4.235,3.77,4.16));
#12770=IFCCARTESIANPOINT((4.23434426229508,3.77,4.16));
#12771=IFCPOLYLOOP((#12768,#12769,#12770));
#12772=IFCFACEOUTERBOUND(#12771,.T.);
#12773=IFCFACE((#12772));
#12774=IFCCARTESIANPOINT((4.00781913464107,3.76999999999998,4.50264982531577));
#12775=IFCCARTESIANPOINT((4.07325029486083,3.76999999999998,4.41936839435678));
#12776=IFCCARTESIANPOINT((3.99717683418436,3.77,4.44460091373287));
#12777=IFCPOLYLOOP((#12774,#12775,#12776));
#12778=IFCFACEOUTERBOUND(#12777,.T.);
#12779=IFCFACE((#12778));
#12780=IFCPOLYLOOP((#12774,#12776,#12761));
#12781=IFCFACEOUTERBOUND(#12780,.T.);
#12782=IFCFACE((#12781));
#12783=IFCPOLYLOOP((#12774,#12761,#12705));
#12784=IFCFACEOUTERBOUND(#12783,.T.);
#12785=IFCFACE((#12784));
#12786=IFCCARTESIANPOINT((4.28091887444134,3.76999999999998,4.25573368773154));
#12787=IFCCARTESIANPOINT((4.29434,3.77,4.16));
#12788=IFCPOLYLOOP((#12786,#12787,#12769));
#12789=IFCFACEOUTERBOUND(#12788,.T.);
#12790=IFCFACE((#12789));
#12791=IFCPOLYLOOP((#12786,#12769,#12768));
#12792=IFCFACEOUTERBOUND(#12791,.T.);
#12793=IFCFACE((#12792));
#12794=IFCCARTESIANPOINT((4.09966532333965,3.76999999999998,4.47249450738471));
#12795=IFCCARTESIANPOINT((4.13948309813077,3.76999999999998,4.37423451324329));
#12796=IFCPOLYLOOP((#12794,#12795,#12775));
#12797=IFCFACEOUTERBOUND(#12796,.T.);
#12798=IFCFACE((#12797));
#12799=IFCPOLYLOOP((#12794,#12775,#12774));
#12800=IFCFACEOUTERBOUND(#12799,.T.);
#12801=IFCFACE((#12800));
#12802=IFCCARTESIANPOINT((4.24169026925938,3.76999999999998,4.34408628878766));
#12803=IFCCARTESIANPOINT((4.19079319465664,3.76999999999998,4.31266239741251));
#12804=IFCPOLYLOOP((#12802,#12768,#12803));
#12805=IFCFACEOUTERBOUND(#12804,.T.);
#12806=IFCFACE((#12805));
#12807=IFCPOLYLOOP((#12802,#12786,#12768));
#12808=IFCFACEOUTERBOUND(#12807,.T.);
#12809=IFCFACE((#12808));
#12810=IFCCARTESIANPOINT((4.17967871784231,3.76999999999998,4.4182457997677));
#12811=IFCPOLYLOOP((#12810,#12803,#12795));
#12812=IFCFACEOUTERBOUND(#12811,.T.);
#12813=IFCFACE((#12812));
#12814=IFCPOLYLOOP((#12810,#12795,#12794));
#12815=IFCFACEOUTERBOUND(#12814,.T.);
#12816=IFCFACE((#12815));
#12817=IFCPOLYLOOP((#12810,#12802,#12803));
#12818=IFCFACEOUTERBOUND(#12817,.T.);
#12819=IFCFACE((#12818));
#12820=IFCCARTESIANPOINT((3.155,3.65,4.16));
#12821=IFCPOLYLOOP((#12820,#12690,#12698));
#12822=IFCFACEOUTERBOUND(#12821,.T.);
#12823=IFCFACE((#12822));
#12824=IFCCARTESIANPOINT((3.15565573770492,3.65,4.16));
#12825=IFCCARTESIANPOINT((3.16675644418274,3.65000000000009,4.23937648120855));
#12826=IFCPOLYLOOP((#12824,#12825,#12820));
#12827=IFCFACEOUTERBOUND(#12826,.T.);
#12828=IFCFACE((#12827));
#12829=IFCPOLYLOOP((#12820,#12825,#12690));
#12830=IFCFACEOUTERBOUND(#12829,.T.);
#12831=IFCFACE((#12830));
#12832=IFCPOLYLOOP((#12825,#12682,#12690));
#12833=IFCFACEOUTERBOUND(#12832,.T.);
#12834=IFCFACE((#12833));
#12835=IFCCARTESIANPOINT((3.19920680534369,3.65000000000009,4.31266239741251));
#12836=IFCPOLYLOOP((#12825,#12835,#12682));
#12837=IFCFACEOUTERBOUND(#12836,.T.);
#12838=IFCFACE((#12837));
#12839=IFCCARTESIANPOINT((3.25051690186956,3.65000000000009,4.37423451324329));
#12840=IFCPOLYLOOP((#12839,#12674,#12835));
#12841=IFCFACEOUTERBOUND(#12840,.T.);
#12842=IFCFACE((#12841));
#12843=IFCPOLYLOOP((#12835,#12674,#12682));
#12844=IFCFACEOUTERBOUND(#12843,.T.);
#12845=IFCFACE((#12844));
#12846=IFCCARTESIANPOINT((3.3167497051395,3.65000000000009,4.41936839435678));
#12847=IFCPOLYLOOP((#12846,#12669,#12839));
#12848=IFCFACEOUTERBOUND(#12847,.T.);
#12849=IFCFACE((#12848));
#12850=IFCPOLYLOOP((#12839,#12669,#12674));
#12851=IFCFACEOUTERBOUND(#12850,.T.);
#12852=IFCFACE((#12851));
#12853=IFCCARTESIANPOINT((3.39282316581564,3.65,4.44460091373287));
#12854=IFCPOLYLOOP((#12853,#12665,#12846));
#12855=IFCFACEOUTERBOUND(#12854,.T.);
#12856=IFCFACE((#12855));
#12857=IFCPOLYLOOP((#12846,#12665,#12669));
#12858=IFCFACEOUTERBOUND(#12857,.T.);
#12859=IFCFACE((#12858));
#12860=IFCCARTESIANPOINT((3.695,3.65,4.5));
#12861=IFCPOLYLOOP((#12853,#12860,#12665));
#12862=IFCFACEOUTERBOUND(#12861,.T.);
#12863=IFCFACE((#12862));
#12864=IFCPOLYLOOP((#12860,#12709,#12665));
#12865=IFCFACEOUTERBOUND(#12864,.T.);
#12866=IFCFACE((#12865));
#12867=IFCCARTESIANPOINT((4.235,3.65,4.16));
#12868=IFCCARTESIANPOINT((4.22324355581759,3.65000000000009,4.23937648120855));
#12869=IFCCARTESIANPOINT((4.23434426229508,3.65,4.16));
#12870=IFCPOLYLOOP((#12867,#12868,#12869));
#12871=IFCFACEOUTERBOUND(#12870,.T.);
#12872=IFCFACE((#12871));
#12873=IFCCARTESIANPOINT((4.07325029486083,3.65000000000009,4.41936839435678));
#12874=IFCCARTESIANPOINT((4.00781913464107,3.65000000000009,4.50264982531577));
#12875=IFCCARTESIANPOINT((3.99717683418436,3.65,4.44460091373287));
#12876=IFCPOLYLOOP((#12873,#12874,#12875));
#12877=IFCFACEOUTERBOUND(#12876,.T.);
#12878=IFCFACE((#12877));
#12879=IFCPOLYLOOP((#12875,#12874,#12860));
#12880=IFCFACEOUTERBOUND(#12879,.T.);
#12881=IFCFACE((#12880));
#12882=IFCPOLYLOOP((#12860,#12874,#12709));
#12883=IFCFACEOUTERBOUND(#12882,.T.);
#12884=IFCFACE((#12883));
#12885=IFCCARTESIANPOINT((4.29434,3.65,4.16));
#12886=IFCCARTESIANPOINT((4.28091887444134,3.65000000000009,4.25573368773152));
#12887=IFCPOLYLOOP((#12885,#12886,#12867));
#12888=IFCFACEOUTERBOUND(#12887,.T.);
#12889=IFCFACE((#12888));
#12890=IFCPOLYLOOP((#12867,#12886,#12868));
#12891=IFCFACEOUTERBOUND(#12890,.T.);
#12892=IFCFACE((#12891));
#12893=IFCCARTESIANPOINT((4.13948309813077,3.65000000000009,4.37423451324329));
#12894=IFCCARTESIANPOINT((4.09966532333965,3.65000000000009,4.47249450738471));
#12895=IFCPOLYLOOP((#12893,#12894,#12873));
#12896=IFCFACEOUTERBOUND(#12895,.T.);
#12897=IFCFACE((#12896));
#12898=IFCPOLYLOOP((#12873,#12894,#12874));
#12899=IFCFACEOUTERBOUND(#12898,.T.);
#12900=IFCFACE((#12899));
#12901=IFCCARTESIANPOINT((4.24169026925938,3.65000000000009,4.34408628878765));
#12902=IFCCARTESIANPOINT((4.19079319465664,3.65000000000009,4.31266239741251));
#12903=IFCPOLYLOOP((#12868,#12901,#12902));
#12904=IFCFACEOUTERBOUND(#12903,.T.);
#12905=IFCFACE((#12904));
#12906=IFCPOLYLOOP((#12886,#12901,#12868));
#12907=IFCFACEOUTERBOUND(#12906,.T.);
#12908=IFCFACE((#12907));
#12909=IFCCARTESIANPOINT((4.17967871784231,3.65000000000009,4.41824579976767));
#12910=IFCPOLYLOOP((#12902,#12909,#12893));
#12911=IFCFACEOUTERBOUND(#12910,.T.);
#12912=IFCFACE((#12911));
#12913=IFCPOLYLOOP((#12893,#12909,#12894));
#12914=IFCFACEOUTERBOUND(#12913,.T.);
#12915=IFCFACE((#12914));
#12916=IFCPOLYLOOP((#12901,#12909,#12902));
#12917=IFCFACEOUTERBOUND(#12916,.T.);
#12918=IFCFACE((#12917));
#12919=IFCPOLYLOOP((#12774,#12705,#12709));
#12920=IFCFACEOUTERBOUND(#12919,.T.);
#12921=IFCFACE((#12920));
#12922=IFCPOLYLOOP((#12774,#12709,#12874));
#12923=IFCFACEOUTERBOUND(#12922,.T.);
#12924=IFCFACE((#12923));
#12925=IFCCARTESIANPOINT((3.15565573770492,3.77,3.12));
#12926=IFCCARTESIANPOINT((3.02859,3.77,3.09));
#12927=IFCCARTESIANPOINT((3.155,3.77,3.12));
#12928=IFCPOLYLOOP((#12925,#12926,#12927));
#12929=IFCFACEOUTERBOUND(#12928,.T.);
#12930=IFCFACE((#12929));
#12931=IFCCARTESIANPOINT((3.0794,3.77,3.23));
#12932=IFCCARTESIANPOINT((3.02858999999989,3.76999999999998,3.23));
#12933=IFCPOLYLOOP((#12931,#12926,#12932));
#12934=IFCFACEOUTERBOUND(#12933,.T.);
#12935=IFCFACE((#12934));
#12936=IFCPOLYLOOP((#12931,#12927,#12926));
#12937=IFCFACEOUTERBOUND(#12936,.T.);
#12938=IFCFACE((#12937));
#12939=IFCCARTESIANPOINT((3.07366,3.77,3.46));
#12940=IFCCARTESIANPOINT((3.10304,3.77,3.36));
#12941=IFCCARTESIANPOINT((2.97507,3.77,3.36));
#12942=IFCPOLYLOOP((#12939,#12940,#12941));
#12943=IFCFACEOUTERBOUND(#12942,.T.);
#12944=IFCFACE((#12943));
#12945=IFCCARTESIANPOINT((2.97506999999996,3.76999999999998,3.45999999999999));
#12946=IFCPOLYLOOP((#12939,#12941,#12945));
#12947=IFCFACEOUTERBOUND(#12946,.T.);
#12948=IFCFACE((#12947));
#12949=IFCCARTESIANPOINT((3.07709000000023,3.76999999999998,3.81999999999999));
#12950=IFCCARTESIANPOINT((3.06015,3.77,3.6));
#12951=IFCCARTESIANPOINT((2.93101,3.77,3.6));
#12952=IFCPOLYLOOP((#12949,#12950,#12951));
#12953=IFCFACEOUTERBOUND(#12952,.T.);
#12954=IFCFACE((#12953));
#12955=IFCCARTESIANPOINT((2.90737,3.77,3.82));
#12956=IFCPOLYLOOP((#12949,#12951,#12955));
#12957=IFCFACEOUTERBOUND(#12956,.T.);
#12958=IFCFACE((#12957));
#12959=IFCCARTESIANPOINT((3.05007,3.77,3.96));
#12960=IFCCARTESIANPOINT((2.95792,3.77,3.96));
#12961=IFCPOLYLOOP((#12713,#12959,#12960));
#12962=IFCFACEOUTERBOUND(#12961,.T.);
#12963=IFCFACE((#12962));
#12964=IFCPOLYLOOP((#12697,#12959,#12713));
#12965=IFCFACEOUTERBOUND(#12964,.T.);
#12966=IFCFACE((#12965));
#12967=IFCPOLYLOOP((#12721,#12949,#12959));
#12968=IFCFACEOUTERBOUND(#12967,.T.);
#12969=IFCFACE((#12968));
#12970=IFCPOLYLOOP((#12721,#12959,#12697));
#12971=IFCFACEOUTERBOUND(#12970,.T.);
#12972=IFCFACE((#12971));
#12973=IFCCARTESIANPOINT((4.36684999999989,3.76999999999998,3.09));
#12974=IFCCARTESIANPOINT((4.23434426229508,3.77,3.12));
#12975=IFCCARTESIANPOINT((4.235,3.77,3.12));
#12976=IFCPOLYLOOP((#12973,#12974,#12975));
#12977=IFCFACEOUTERBOUND(#12976,.T.);
#12978=IFCFACE((#12977));
#12979=IFCCARTESIANPOINT((4.31723000000011,3.76999999999998,3.19));
#12980=IFCPOLYLOOP((#12979,#12973,#12975));
#12981=IFCFACEOUTERBOUND(#12980,.T.);
#12982=IFCFACE((#12981));
#12983=IFCCARTESIANPOINT((4.39387,3.77,3.19));
#12984=IFCPOLYLOOP((#12983,#12973,#12979));
#12985=IFCFACEOUTERBOUND(#12984,.T.);
#12986=IFCFACE((#12985));
#12987=IFCCARTESIANPOINT((4.3243,3.77,3.7));
#12988=IFCCARTESIANPOINT((4.42422,3.77,3.4));
#12989=IFCCARTESIANPOINT((4.26994000000013,3.76999999999998,3.40000000000001));
#12990=IFCPOLYLOOP((#12987,#12988,#12989));
#12991=IFCFACEOUTERBOUND(#12990,.T.);
#12992=IFCFACE((#12991));
#12993=IFCCARTESIANPOINT((4.47151,3.77,3.7));
#12994=IFCPOLYLOOP((#12993,#12988,#12987));
#12995=IFCFACEOUTERBOUND(#12994,.T.);
#12996=IFCFACE((#12995));
#12997=IFCCARTESIANPOINT((4.33443,3.77,3.92));
#12998=IFCPOLYLOOP((#12769,#12997,#12987));
#12999=IFCFACEOUTERBOUND(#12998,.T.);
#13000=IFCFACE((#12999));
#13001=IFCPOLYLOOP((#12787,#12997,#12769));
#13002=IFCFACEOUTERBOUND(#13001,.T.);
#13003=IFCFACE((#13002));
#13004=IFCCARTESIANPOINT((4.472,3.77,4.16));
#13005=IFCCARTESIANPOINT((4.472,3.77,3.92));
#13006=IFCPOLYLOOP((#13004,#13005,#12997));
#13007=IFCFACEOUTERBOUND(#13006,.T.);
#13008=IFCFACE((#13007));
#13009=IFCPOLYLOOP((#13004,#12997,#12787));
#13010=IFCFACEOUTERBOUND(#13009,.T.);
#13011=IFCFACE((#13010));
#13012=IFCPOLYLOOP((#12721,#12927,#12940));
#13013=IFCFACEOUTERBOUND(#13012,.T.);
#13014=IFCFACE((#13013));
#13015=IFCPOLYLOOP((#12940,#12927,#12931));
#13016=IFCFACEOUTERBOUND(#13015,.T.);
#13017=IFCFACE((#13016));
#13018=IFCPOLYLOOP((#12721,#12940,#12939));
#13019=IFCFACEOUTERBOUND(#13018,.T.);
#13020=IFCFACE((#13019));
#13021=IFCPOLYLOOP((#12721,#12939,#12950));
#13022=IFCFACEOUTERBOUND(#13021,.T.);
#13023=IFCFACE((#13022));
#13024=IFCPOLYLOOP((#12721,#12950,#12949));
#13025=IFCFACEOUTERBOUND(#13024,.T.);
#13026=IFCFACE((#13025));
#13027=IFCPOLYLOOP((#12975,#12769,#12989));
#13028=IFCFACEOUTERBOUND(#13027,.T.);
#13029=IFCFACE((#13028));
#13030=IFCPOLYLOOP((#12989,#12769,#12987));
#13031=IFCFACEOUTERBOUND(#13030,.T.);
#13032=IFCFACE((#13031));
#13033=IFCPOLYLOOP((#12975,#12989,#12979));
#13034=IFCFACEOUTERBOUND(#13033,.T.);
#13035=IFCFACE((#13034));
#13036=IFCPOLYLOOP((#12973,#12926,#12925));
#13037=IFCFACEOUTERBOUND(#13036,.T.);
#13038=IFCFACE((#13037));
#13039=IFCPOLYLOOP((#12973,#12925,#12974));
#13040=IFCFACEOUTERBOUND(#13039,.T.);
#13041=IFCFACE((#13040));
#13042=IFCCARTESIANPOINT((3.02859,3.65,3.09));
#13043=IFCCARTESIANPOINT((3.15565573770492,3.65,3.12));
#13044=IFCCARTESIANPOINT((3.155,3.65,3.12));
#13045=IFCPOLYLOOP((#13042,#13043,#13044));
#13046=IFCFACEOUTERBOUND(#13045,.T.);
#13047=IFCFACE((#13046));
#13048=IFCCARTESIANPOINT((3.0794,3.65,3.23));
#13049=IFCCARTESIANPOINT((3.02859,3.65,3.23));
#13050=IFCPOLYLOOP((#13042,#13048,#13049));
#13051=IFCFACEOUTERBOUND(#13050,.T.);
#13052=IFCFACE((#13051));
#13053=IFCPOLYLOOP((#13044,#13048,#13042));
#13054=IFCFACEOUTERBOUND(#13053,.T.);
#13055=IFCFACE((#13054));
#13056=IFCCARTESIANPOINT((3.10304,3.65,3.36));
#13057=IFCCARTESIANPOINT((3.07366,3.65,3.46));
#13058=IFCCARTESIANPOINT((2.97507,3.65,3.36));
#13059=IFCPOLYLOOP((#13056,#13057,#13058));
#13060=IFCFACEOUTERBOUND(#13059,.T.);
#13061=IFCFACE((#13060));
#13062=IFCCARTESIANPOINT((2.97507,3.65,3.46));
#13063=IFCPOLYLOOP((#13058,#13057,#13062));
#13064=IFCFACEOUTERBOUND(#13063,.T.);
#13065=IFCFACE((#13064));
#13066=IFCCARTESIANPOINT((3.06015,3.65,3.6));
#13067=IFCCARTESIANPOINT((3.07709000000023,3.65000000000009,3.81999999999999));
#13068=IFCCARTESIANPOINT((2.93100999999979,3.65000000000009,3.59999999999999));
#13069=IFCPOLYLOOP((#13066,#13067,#13068));
#13070=IFCFACEOUTERBOUND(#13069,.T.);
#13071=IFCFACE((#13070));
#13072=IFCCARTESIANPOINT((2.9073699999999,3.65000000000009,3.81999999999999));
#13073=IFCPOLYLOOP((#13068,#13067,#13072));
#13074=IFCFACEOUTERBOUND(#13073,.T.);
#13075=IFCFACE((#13074));
#13076=IFCCARTESIANPOINT((3.05006999999978,3.65000000000009,3.95999999999999));
#13077=IFCCARTESIANPOINT((2.95792,3.65,3.96));
#13078=IFCPOLYLOOP((#13076,#12714,#13077));
#13079=IFCFACEOUTERBOUND(#13078,.T.);
#13080=IFCFACE((#13079));
#13081=IFCPOLYLOOP((#13076,#12698,#12714));
#13082=IFCFACEOUTERBOUND(#13081,.T.);
#13083=IFCFACE((#13082));
#13084=IFCPOLYLOOP((#13067,#12820,#13076));
#13085=IFCFACEOUTERBOUND(#13084,.T.);
#13086=IFCFACE((#13085));
#13087=IFCPOLYLOOP((#13076,#12820,#12698));
#13088=IFCFACEOUTERBOUND(#13087,.T.);
#13089=IFCFACE((#13088));
#13090=IFCCARTESIANPOINT((4.23434426229508,3.65,3.12));
#13091=IFCCARTESIANPOINT((4.36684999999989,3.65000000000009,3.09));
#13092=IFCCARTESIANPOINT((4.235,3.65,3.12));
#13093=IFCPOLYLOOP((#13090,#13091,#13092));
#13094=IFCFACEOUTERBOUND(#13093,.T.);
#13095=IFCFACE((#13094));
#13096=IFCCARTESIANPOINT((4.31723,3.65,3.19));
#13097=IFCPOLYLOOP((#13091,#13096,#13092));
#13098=IFCFACEOUTERBOUND(#13097,.T.);
#13099=IFCFACE((#13098));
#13100=IFCCARTESIANPOINT((4.39386999999988,3.65000000000009,3.19));
#13101=IFCPOLYLOOP((#13091,#13100,#13096));
#13102=IFCFACEOUTERBOUND(#13101,.T.);
#13103=IFCFACE((#13102));
#13104=IFCCARTESIANPOINT((4.42422,3.65,3.4));
#13105=IFCCARTESIANPOINT((4.3243,3.65,3.7));
#13106=IFCCARTESIANPOINT((4.26994000000013,3.65000000000009,3.40000000000001));
#13107=IFCPOLYLOOP((#13104,#13105,#13106));
#13108=IFCFACEOUTERBOUND(#13107,.T.);
#13109=IFCFACE((#13108));
#13110=IFCCARTESIANPOINT((4.47151,3.65,3.7));
#13111=IFCPOLYLOOP((#13104,#13110,#13105));
#13112=IFCFACEOUTERBOUND(#13111,.T.);
#13113=IFCFACE((#13112));
#13114=IFCCARTESIANPOINT((4.33443,3.65,3.92));
#13115=IFCPOLYLOOP((#13114,#12867,#13105));
#13116=IFCFACEOUTERBOUND(#13115,.T.);
#13117=IFCFACE((#13116));
#13118=IFCPOLYLOOP((#13114,#12885,#12867));
#13119=IFCFACEOUTERBOUND(#13118,.T.);
#13120=IFCFACE((#13119));
#13121=IFCCARTESIANPOINT((4.472,3.65,3.92));
#13122=IFCCARTESIANPOINT((4.472,3.65,4.16));
#13123=IFCPOLYLOOP((#13121,#13122,#13114));
#13124=IFCFACEOUTERBOUND(#13123,.T.);
#13125=IFCFACE((#13124));
#13126=IFCPOLYLOOP((#13114,#13122,#12885));
#13127=IFCFACEOUTERBOUND(#13126,.T.);
#13128=IFCFACE((#13127));
#13129=IFCPOLYLOOP((#13044,#12820,#13056));
#13130=IFCFACEOUTERBOUND(#13129,.T.);
#13131=IFCFACE((#13130));
#13132=IFCPOLYLOOP((#13044,#13056,#13048));
#13133=IFCFACEOUTERBOUND(#13132,.T.);
#13134=IFCFACE((#13133));
#13135=IFCPOLYLOOP((#13056,#12820,#13057));
#13136=IFCFACEOUTERBOUND(#13135,.T.);
#13137=IFCFACE((#13136));
#13138=IFCPOLYLOOP((#13057,#12820,#13066));
#13139=IFCFACEOUTERBOUND(#13138,.T.);
#13140=IFCFACE((#13139));
#13141=IFCPOLYLOOP((#13066,#12820,#13067));
#13142=IFCFACEOUTERBOUND(#13141,.T.);
#13143=IFCFACE((#13142));
#13144=IFCPOLYLOOP((#12867,#13092,#13106));
#13145=IFCFACEOUTERBOUND(#13144,.T.);
#13146=IFCFACE((#13145));
#13147=IFCPOLYLOOP((#12867,#13106,#13105));
#13148=IFCFACEOUTERBOUND(#13147,.T.);
#13149=IFCFACE((#13148));
#13150=IFCPOLYLOOP((#13106,#13092,#13096));
#13151=IFCFACEOUTERBOUND(#13150,.T.);
#13152=IFCFACE((#13151));
#13153=IFCPOLYLOOP((#13042,#13091,#13043));
#13154=IFCFACEOUTERBOUND(#13153,.T.);
#13155=IFCFACE((#13154));
#13156=IFCPOLYLOOP((#13043,#13091,#13090));
#13157=IFCFACEOUTERBOUND(#13156,.T.);
#13158=IFCFACE((#13157));
#13159=IFCPOLYLOOP((#12713,#12960,#13077));
#13160=IFCFACEOUTERBOUND(#13159,.T.);
#13161=IFCFACE((#13160));
#13162=IFCPOLYLOOP((#12713,#13077,#12714));
#13163=IFCFACEOUTERBOUND(#13162,.T.);
#13164=IFCFACE((#13163));
#13165=IFCPOLYLOOP((#12721,#12726,#12820));
#13166=IFCFACEOUTERBOUND(#13165,.T.);
#13167=IFCFACE((#13166));
#13168=IFCPOLYLOOP((#12820,#12726,#12824));
#13169=IFCFACEOUTERBOUND(#13168,.T.);
#13170=IFCFACE((#13169));
#13171=IFCCARTESIANPOINT((3.15566,3.77,4.16));
#13172=IFCPOLYLOOP((#12725,#13171,#12726));
#13173=IFCFACEOUTERBOUND(#13172,.T.);
#13174=IFCFACE((#13173));
#13175=IFCCARTESIANPOINT((3.16676046182511,3.76999999999998,4.23937575475027));
#13176=IFCPOLYLOOP((#13175,#13171,#12725));
#13177=IFCFACEOUTERBOUND(#13176,.T.);
#13178=IFCFACE((#13177));
#13179=IFCPOLYLOOP((#12736,#13175,#12725));
#13180=IFCFACEOUTERBOUND(#13179,.T.);
#13181=IFCFACE((#13180));
#13182=IFCCARTESIANPOINT((3.1992101293331,3.76999999999998,4.31266115420681));
#13183=IFCPOLYLOOP((#13182,#13175,#12736));
#13184=IFCFACEOUTERBOUND(#13183,.T.);
#13185=IFCFACE((#13184));
#13186=IFCPOLYLOOP((#12740,#13182,#12736));
#13187=IFCFACEOUTERBOUND(#13186,.T.);
#13188=IFCFACE((#13187));
#13189=IFCCARTESIANPOINT((3.25051919937368,3.76999999999998,4.37423314480705));
#13190=IFCPOLYLOOP((#13189,#13182,#12740));
#13191=IFCFACEOUTERBOUND(#13190,.T.);
#13192=IFCFACE((#13191));
#13193=IFCPOLYLOOP((#12747,#13189,#12740));
#13194=IFCFACEOUTERBOUND(#13193,.T.);
#13195=IFCFACE((#13194));
#13196=IFCCARTESIANPOINT((3.3167508216161,3.76999999999998,4.41936742125048));
#13197=IFCPOLYLOOP((#13196,#13189,#12747));
#13198=IFCFACEOUTERBOUND(#13197,.T.);
#13199=IFCFACE((#13198));
#13200=IFCPOLYLOOP((#12754,#13196,#12747));
#13201=IFCFACEOUTERBOUND(#13200,.T.);
#13202=IFCFACE((#13201));
#13203=IFCCARTESIANPOINT((3.195,3.77,3.16));
#13204=IFCPOLYLOOP((#12726,#13203,#12925));
#13205=IFCFACEOUTERBOUND(#13204,.T.);
#13206=IFCFACE((#13205));
#13207=IFCPOLYLOOP((#13171,#13203,#12726));
#13208=IFCFACEOUTERBOUND(#13207,.T.);
#13209=IFCFACE((#13208));
#13210=IFCCARTESIANPOINT((3.195,3.77,4.16));
#13211=IFCPOLYLOOP((#13210,#13203,#13171));
#13212=IFCFACEOUTERBOUND(#13211,.T.);
#13213=IFCFACE((#13212));
#13214=IFCCARTESIANPOINT((4.195,3.77,3.16));
#13215=IFCPOLYLOOP((#13214,#12974,#12925));
#13216=IFCFACEOUTERBOUND(#13215,.T.);
#13217=IFCFACE((#13216));
#13218=IFCPOLYLOOP((#13214,#12925,#13203));
#13219=IFCFACEOUTERBOUND(#13218,.T.);
#13220=IFCFACE((#13219));
#13221=IFCPOLYLOOP((#13175,#13210,#13171));
#13222=IFCFACEOUTERBOUND(#13221,.T.);
#13223=IFCFACE((#13222));
#13224=IFCCARTESIANPOINT((3.20993210557936,3.76999999999998,4.24510631593826));
#13225=IFCPOLYLOOP((#13224,#13210,#13175));
#13226=IFCFACEOUTERBOUND(#13225,.T.);
#13227=IFCFACE((#13226));
#13228=IFCPOLYLOOP((#13182,#13224,#13175));
#13229=IFCFACEOUTERBOUND(#13228,.T.);
#13230=IFCFACE((#13229));
#13231=IFCCARTESIANPOINT((3.25294468010088,3.76999999999998,4.32004609991613));
#13232=IFCPOLYLOOP((#13231,#13224,#13182));
#13233=IFCFACEOUTERBOUND(#13232,.T.);
#13234=IFCFACE((#13233));
#13235=IFCPOLYLOOP((#13189,#13231,#13182));
#13236=IFCFACEOUTERBOUND(#13235,.T.);
#13237=IFCFACE((#13236));
#13238=IFCCARTESIANPOINT((3.31889957713247,3.76999999999998,4.37586728180207));
#13239=IFCPOLYLOOP((#13238,#13231,#13189));
#13240=IFCFACEOUTERBOUND(#13239,.T.);
#13241=IFCFACE((#13240));
#13242=IFCPOLYLOOP((#13196,#13238,#13189));
#13243=IFCFACEOUTERBOUND(#13242,.T.);
#13244=IFCFACE((#13243));
#13245=IFCCARTESIANPOINT((3.39991803278689,3.77,4.40590163934426));
#13246=IFCPOLYLOOP((#13245,#13238,#13196));
#13247=IFCFACEOUTERBOUND(#13246,.T.);
#13248=IFCFACE((#13247));
#13249=IFCPOLYLOOP((#12754,#13245,#13196));
#13250=IFCFACEOUTERBOUND(#13249,.T.);
#13251=IFCFACE((#13250));
#13252=IFCCARTESIANPOINT((3.695,3.77,4.46));
#13253=IFCPOLYLOOP((#13252,#13245,#12754));
#13254=IFCFACEOUTERBOUND(#13253,.T.);
#13255=IFCFACE((#13254));
#13256=IFCPOLYLOOP((#12761,#13252,#12754));
#13257=IFCFACEOUTERBOUND(#13256,.T.);
#13258=IFCFACE((#13257));
#13259=IFCCARTESIANPOINT((4.23434,3.77,4.16));
#13260=IFCCARTESIANPOINT((4.195,3.77,4.16));
#13261=IFCPOLYLOOP((#13259,#13214,#13260));
#13262=IFCFACEOUTERBOUND(#13261,.T.);
#13263=IFCFACE((#13262));
#13264=IFCPOLYLOOP((#12770,#12974,#13214));
#13265=IFCFACEOUTERBOUND(#13264,.T.);
#13266=IFCFACE((#13265));
#13267=IFCPOLYLOOP((#12770,#13214,#13259));
#13268=IFCFACEOUTERBOUND(#13267,.T.);
#13269=IFCFACE((#13268));
#13270=IFCCARTESIANPOINT((3.99008196721311,3.77,4.40590163934426));
#13271=IFCPOLYLOOP((#12776,#13270,#13252));
#13272=IFCFACEOUTERBOUND(#13271,.T.);
#13273=IFCFACE((#13272));
#13274=IFCPOLYLOOP((#12776,#13252,#12761));
#13275=IFCFACEOUTERBOUND(#13274,.T.);
#13276=IFCFACE((#13275));
#13277=IFCCARTESIANPOINT((4.22323953817522,3.76999999999998,4.23937575475027));
#13278=IFCCARTESIANPOINT((4.18006789442097,3.76999999999998,4.24510631593826));
#13279=IFCPOLYLOOP((#13277,#13260,#13278));
#13280=IFCFACEOUTERBOUND(#13279,.T.);
#13281=IFCFACE((#13280));
#13282=IFCPOLYLOOP((#13277,#13259,#13260));
#13283=IFCFACEOUTERBOUND(#13282,.T.);
#13284=IFCFACE((#13283));
#13285=IFCCARTESIANPOINT((4.07324917838423,3.76999999999998,4.41936742125048));
#13286=IFCCARTESIANPOINT((4.07110042286786,3.76999999999998,4.37586728180207));
#13287=IFCPOLYLOOP((#13285,#13286,#13270));
#13288=IFCFACEOUTERBOUND(#13287,.T.);
#13289=IFCFACE((#13288));
#13290=IFCPOLYLOOP((#13285,#13270,#12776));
#13291=IFCFACEOUTERBOUND(#13290,.T.);
#13292=IFCFACE((#13291));
#13293=IFCCARTESIANPOINT((4.19078987066723,3.76999999999998,4.31266115420681));
#13294=IFCCARTESIANPOINT((4.13705531989945,3.76999999999998,4.32004609991613));
#13295=IFCPOLYLOOP((#13293,#13278,#13294));
#13296=IFCFACEOUTERBOUND(#13295,.T.);
#13297=IFCFACE((#13296));
#13298=IFCPOLYLOOP((#13293,#13277,#13278));
#13299=IFCFACEOUTERBOUND(#13298,.T.);
#13300=IFCFACE((#13299));
#13301=IFCCARTESIANPOINT((4.13948080062664,3.76999999999998,4.37423314480705));
#13302=IFCPOLYLOOP((#13301,#13294,#13286));
#13303=IFCFACEOUTERBOUND(#13302,.T.);
#13304=IFCFACE((#13303));
#13305=IFCPOLYLOOP((#13301,#13293,#13294));
#13306=IFCFACEOUTERBOUND(#13305,.T.);
#13307=IFCFACE((#13306));
#13308=IFCPOLYLOOP((#13301,#13286,#13285));
#13309=IFCFACEOUTERBOUND(#13308,.T.);
#13310=IFCFACE((#13309));
#13311=IFCPOLYLOOP((#12768,#12770,#13259));
#13312=IFCFACEOUTERBOUND(#13311,.T.);
#13313=IFCFACE((#13312));
#13314=IFCPOLYLOOP((#12768,#13259,#13277));
#13315=IFCFACEOUTERBOUND(#13314,.T.);
#13316=IFCFACE((#13315));
#13317=IFCPOLYLOOP((#12775,#13285,#12776));
#13318=IFCFACEOUTERBOUND(#13317,.T.);
#13319=IFCFACE((#13318));
#13320=IFCPOLYLOOP((#12803,#13277,#13293));
#13321=IFCFACEOUTERBOUND(#13320,.T.);
#13322=IFCFACE((#13321));
#13323=IFCPOLYLOOP((#12803,#12768,#13277));
#13324=IFCFACEOUTERBOUND(#13323,.T.);
#13325=IFCFACE((#13324));
#13326=IFCPOLYLOOP((#13301,#13285,#12775));
#13327=IFCFACEOUTERBOUND(#13326,.T.);
#13328=IFCFACE((#13327));
#13329=IFCPOLYLOOP((#12795,#13293,#13301));
#13330=IFCFACEOUTERBOUND(#13329,.T.);
#13331=IFCFACE((#13330));
#13332=IFCPOLYLOOP((#12795,#12803,#13293));
#13333=IFCFACEOUTERBOUND(#13332,.T.);
#13334=IFCFACE((#13333));
#13335=IFCPOLYLOOP((#12795,#13301,#12775));
#13336=IFCFACEOUTERBOUND(#13335,.T.);
#13337=IFCFACE((#13336));
#13338=IFCPOLYLOOP((#12770,#12769,#12869));
#13339=IFCFACEOUTERBOUND(#13338,.T.);
#13340=IFCFACE((#13339));
#13341=IFCPOLYLOOP((#12869,#12769,#12867));
#13342=IFCFACEOUTERBOUND(#13341,.T.);
#13343=IFCFACE((#13342));
#13344=IFCPOLYLOOP((#12787,#12786,#12885));
#13345=IFCFACEOUTERBOUND(#13344,.T.);
#13346=IFCFACE((#13345));
#13347=IFCPOLYLOOP((#12885,#12786,#12886));
#13348=IFCFACEOUTERBOUND(#13347,.T.);
#13349=IFCFACE((#13348));
#13350=IFCPOLYLOOP((#12886,#12802,#12901));
#13351=IFCFACEOUTERBOUND(#13350,.T.);
#13352=IFCFACE((#13351));
#13353=IFCPOLYLOOP((#12786,#12802,#12886));
#13354=IFCFACEOUTERBOUND(#13353,.T.);
#13355=IFCFACE((#13354));
#13356=IFCPOLYLOOP((#12901,#12810,#12909));
#13357=IFCFACEOUTERBOUND(#13356,.T.);
#13358=IFCFACE((#13357));
#13359=IFCPOLYLOOP((#12802,#12810,#12901));
#13360=IFCFACEOUTERBOUND(#13359,.T.);
#13361=IFCFACE((#13360));
#13362=IFCPOLYLOOP((#12909,#12794,#12894));
#13363=IFCFACEOUTERBOUND(#13362,.T.);
#13364=IFCFACE((#13363));
#13365=IFCPOLYLOOP((#12810,#12794,#12909));
#13366=IFCFACEOUTERBOUND(#13365,.T.);
#13367=IFCFACE((#13366));
#13368=IFCPOLYLOOP((#12894,#12774,#12874));
#13369=IFCFACEOUTERBOUND(#13368,.T.);
#13370=IFCFACE((#13369));
#13371=IFCPOLYLOOP((#12794,#12774,#12894));
#13372=IFCFACEOUTERBOUND(#13371,.T.);
#13373=IFCFACE((#13372));
#13374=IFCCARTESIANPOINT((3.15566,3.65,4.16));
#13375=IFCPOLYLOOP((#13374,#12825,#12824));
#13376=IFCFACEOUTERBOUND(#13375,.T.);
#13377=IFCFACE((#13376));
#13378=IFCCARTESIANPOINT((3.16676046182511,3.65000000000009,4.23937575475026));
#13379=IFCPOLYLOOP((#13374,#13378,#12825));
#13380=IFCFACEOUTERBOUND(#13379,.T.);
#13381=IFCFACE((#13380));
#13382=IFCPOLYLOOP((#13378,#12835,#12825));
#13383=IFCFACEOUTERBOUND(#13382,.T.);
#13384=IFCFACE((#13383));
#13385=IFCCARTESIANPOINT((3.1992101293331,3.65000000000009,4.31266115420681));
#13386=IFCPOLYLOOP((#13378,#13385,#12835));
#13387=IFCFACEOUTERBOUND(#13386,.T.);
#13388=IFCFACE((#13387));
#13389=IFCPOLYLOOP((#13385,#12839,#12835));
#13390=IFCFACEOUTERBOUND(#13389,.T.);
#13391=IFCFACE((#13390));
#13392=IFCCARTESIANPOINT((3.25051919937368,3.65000000000009,4.37423314480702));
#13393=IFCPOLYLOOP((#13385,#13392,#12839));
#13394=IFCFACEOUTERBOUND(#13393,.T.);
#13395=IFCFACE((#13394));
#13396=IFCPOLYLOOP((#13392,#12846,#12839));
#13397=IFCFACEOUTERBOUND(#13396,.T.);
#13398=IFCFACE((#13397));
#13399=IFCCARTESIANPOINT((3.3167508216161,3.65000000000009,4.41936742125048));
#13400=IFCPOLYLOOP((#13392,#13399,#12846));
#13401=IFCFACEOUTERBOUND(#13400,.T.);
#13402=IFCFACE((#13401));
#13403=IFCPOLYLOOP((#13399,#12853,#12846));
#13404=IFCFACEOUTERBOUND(#13403,.T.);
#13405=IFCFACE((#13404));
#13406=IFCCARTESIANPOINT((3.195,3.65,3.16));
#13407=IFCPOLYLOOP((#13406,#12824,#13043));
#13408=IFCFACEOUTERBOUND(#13407,.T.);
#13409=IFCFACE((#13408));
#13410=IFCPOLYLOOP((#13406,#13374,#12824));
#13411=IFCFACEOUTERBOUND(#13410,.T.);
#13412=IFCFACE((#13411));
#13413=IFCCARTESIANPOINT((3.195,3.65,4.16));
#13414=IFCPOLYLOOP((#13406,#13413,#13374));
#13415=IFCFACEOUTERBOUND(#13414,.T.);
#13416=IFCFACE((#13415));
#13417=IFCCARTESIANPOINT((4.195,3.65,3.16));
#13418=IFCPOLYLOOP((#13090,#13417,#13043));
#13419=IFCFACEOUTERBOUND(#13418,.T.);
#13420=IFCFACE((#13419));
#13421=IFCPOLYLOOP((#13043,#13417,#13406));
#13422=IFCFACEOUTERBOUND(#13421,.T.);
#13423=IFCFACE((#13422));
#13424=IFCPOLYLOOP((#13413,#13378,#13374));
#13425=IFCFACEOUTERBOUND(#13424,.T.);
#13426=IFCFACE((#13425));
#13427=IFCCARTESIANPOINT((3.20993210557936,3.65000000000009,4.24510631593824));
#13428=IFCPOLYLOOP((#13413,#13427,#13378));
#13429=IFCFACEOUTERBOUND(#13428,.T.);
#13430=IFCFACE((#13429));
#13431=IFCPOLYLOOP((#13427,#13385,#13378));
#13432=IFCFACEOUTERBOUND(#13431,.T.);
#13433=IFCFACE((#13432));
#13434=IFCCARTESIANPOINT((3.25294468010088,3.65000000000009,4.32004609991611));
#13435=IFCPOLYLOOP((#13427,#13434,#13385));
#13436=IFCFACEOUTERBOUND(#13435,.T.);
#13437=IFCFACE((#13436));
#13438=IFCPOLYLOOP((#13434,#13392,#13385));
#13439=IFCFACEOUTERBOUND(#13438,.T.);
#13440=IFCFACE((#13439));
#13441=IFCCARTESIANPOINT((3.31889957713247,3.65000000000009,4.37586728180207));
#13442=IFCPOLYLOOP((#13434,#13441,#13392));
#13443=IFCFACEOUTERBOUND(#13442,.T.);
#13444=IFCFACE((#13443));
#13445=IFCPOLYLOOP((#13441,#13399,#13392));
#13446=IFCFACEOUTERBOUND(#13445,.T.);
#13447=IFCFACE((#13446));
#13448=IFCCARTESIANPOINT((3.39991803278689,3.65,4.40590163934426));
#13449=IFCPOLYLOOP((#13441,#13448,#13399));
#13450=IFCFACEOUTERBOUND(#13449,.T.);
#13451=IFCFACE((#13450));
#13452=IFCPOLYLOOP((#13448,#12853,#13399));
#13453=IFCFACEOUTERBOUND(#13452,.T.);
#13454=IFCFACE((#13453));
#13455=IFCCARTESIANPOINT((3.695,3.65,4.46));
#13456=IFCPOLYLOOP((#13448,#13455,#12853));
#13457=IFCFACEOUTERBOUND(#13456,.T.);
#13458=IFCFACE((#13457));
#13459=IFCPOLYLOOP((#13455,#12860,#12853));
#13460=IFCFACEOUTERBOUND(#13459,.T.);
#13461=IFCFACE((#13460));
#13462=IFCCARTESIANPOINT((4.23434,3.65,4.16));
#13463=IFCCARTESIANPOINT((4.195,3.65,4.16));
#13464=IFCPOLYLOOP((#13417,#13462,#13463));
#13465=IFCFACEOUTERBOUND(#13464,.T.);
#13466=IFCFACE((#13465));
#13467=IFCPOLYLOOP((#13090,#12869,#13417));
#13468=IFCFACEOUTERBOUND(#13467,.T.);
#13469=IFCFACE((#13468));
#13470=IFCPOLYLOOP((#13417,#12869,#13462));
#13471=IFCFACEOUTERBOUND(#13470,.T.);
#13472=IFCFACE((#13471));
#13473=IFCCARTESIANPOINT((3.99008196721311,3.65,4.40590163934426));
#13474=IFCPOLYLOOP((#13473,#12875,#13455));
#13475=IFCFACEOUTERBOUND(#13474,.T.);
#13476=IFCFACE((#13475));
#13477=IFCPOLYLOOP((#13455,#12875,#12860));
#13478=IFCFACEOUTERBOUND(#13477,.T.);
#13479=IFCFACE((#13478));
#13480=IFCCARTESIANPOINT((4.22323953817522,3.65000000000009,4.23937575475026));
#13481=IFCCARTESIANPOINT((4.18006789442097,3.65000000000009,4.24510631593824));
#13482=IFCPOLYLOOP((#13463,#13480,#13481));
#13483=IFCFACEOUTERBOUND(#13482,.T.);
#13484=IFCFACE((#13483));
#13485=IFCPOLYLOOP((#13462,#13480,#13463));
#13486=IFCFACEOUTERBOUND(#13485,.T.);
#13487=IFCFACE((#13486));
#13488=IFCCARTESIANPOINT((4.07110042286786,3.65000000000009,4.37586728180207));
#13489=IFCCARTESIANPOINT((4.07324917838423,3.65000000000009,4.41936742125048));
#13490=IFCPOLYLOOP((#13488,#13489,#13473));
#13491=IFCFACEOUTERBOUND(#13490,.T.);
#13492=IFCFACE((#13491));
#13493=IFCPOLYLOOP((#13473,#13489,#12875));
#13494=IFCFACEOUTERBOUND(#13493,.T.);
#13495=IFCFACE((#13494));
#13496=IFCCARTESIANPOINT((4.19078987066723,3.65000000000009,4.31266115420681));
#13497=IFCCARTESIANPOINT((4.13705531989945,3.65000000000009,4.32004609991611));
#13498=IFCPOLYLOOP((#13481,#13496,#13497));
#13499=IFCFACEOUTERBOUND(#13498,.T.);
#13500=IFCFACE((#13499));
#13501=IFCPOLYLOOP((#13480,#13496,#13481));
#13502=IFCFACEOUTERBOUND(#13501,.T.);
#13503=IFCFACE((#13502));
#13504=IFCCARTESIANPOINT((4.13948080062664,3.65000000000009,4.37423314480702));
#13505=IFCPOLYLOOP((#13497,#13504,#13488));
#13506=IFCFACEOUTERBOUND(#13505,.T.);
#13507=IFCFACE((#13506));
#13508=IFCPOLYLOOP((#13496,#13504,#13497));
#13509=IFCFACEOUTERBOUND(#13508,.T.);
#13510=IFCFACE((#13509));
#13511=IFCPOLYLOOP((#13488,#13504,#13489));
#13512=IFCFACEOUTERBOUND(#13511,.T.);
#13513=IFCFACE((#13512));
#13514=IFCPOLYLOOP((#12869,#12868,#13462));
#13515=IFCFACEOUTERBOUND(#13514,.T.);
#13516=IFCFACE((#13515));
#13517=IFCPOLYLOOP((#13462,#12868,#13480));
#13518=IFCFACEOUTERBOUND(#13517,.T.);
#13519=IFCFACE((#13518));
#13520=IFCPOLYLOOP((#13489,#12873,#12875));
#13521=IFCFACEOUTERBOUND(#13520,.T.);
#13522=IFCFACE((#13521));
#13523=IFCPOLYLOOP((#13480,#12902,#13496));
#13524=IFCFACEOUTERBOUND(#13523,.T.);
#13525=IFCFACE((#13524));
#13526=IFCPOLYLOOP((#12868,#12902,#13480));
#13527=IFCFACEOUTERBOUND(#13526,.T.);
#13528=IFCFACE((#13527));
#13529=IFCPOLYLOOP((#13489,#13504,#12873));
#13530=IFCFACEOUTERBOUND(#13529,.T.);
#13531=IFCFACE((#13530));
#13532=IFCPOLYLOOP((#13496,#12893,#13504));
#13533=IFCFACEOUTERBOUND(#13532,.T.);
#13534=IFCFACE((#13533));
#13535=IFCPOLYLOOP((#12902,#12893,#13496));
#13536=IFCFACEOUTERBOUND(#13535,.T.);
#13537=IFCFACE((#13536));
#13538=IFCPOLYLOOP((#13504,#12893,#12873));
#13539=IFCFACEOUTERBOUND(#13538,.T.);
#13540=IFCFACE((#13539));
#13541=IFCPOLYLOOP((#12927,#12721,#12820));
#13542=IFCFACEOUTERBOUND(#13541,.T.);
#13543=IFCFACE((#13542));
#13544=IFCPOLYLOOP((#12927,#12820,#13044));
#13545=IFCFACEOUTERBOUND(#13544,.T.);
#13546=IFCFACE((#13545));
#13547=IFCPOLYLOOP((#12925,#12927,#13044));
#13548=IFCFACEOUTERBOUND(#13547,.T.);
#13549=IFCFACE((#13548));
#13550=IFCPOLYLOOP((#12925,#13044,#13043));
#13551=IFCFACEOUTERBOUND(#13550,.T.);
#13552=IFCFACE((#13551));
#13553=IFCPOLYLOOP((#12975,#12974,#13090));
#13554=IFCFACEOUTERBOUND(#13553,.T.);
#13555=IFCFACE((#13554));
#13556=IFCPOLYLOOP((#12975,#13090,#13092));
#13557=IFCFACEOUTERBOUND(#13556,.T.);
#13558=IFCFACE((#13557));
#13559=IFCPOLYLOOP((#12769,#12975,#13092));
#13560=IFCFACEOUTERBOUND(#13559,.T.);
#13561=IFCFACE((#13560));
#13562=IFCPOLYLOOP((#12769,#13092,#12867));
#13563=IFCFACEOUTERBOUND(#13562,.T.);
#13564=IFCFACE((#13563));
#13565=IFCPOLYLOOP((#13122,#12787,#12885));
#13566=IFCFACEOUTERBOUND(#13565,.T.);
#13567=IFCFACE((#13566));
#13568=IFCPOLYLOOP((#13004,#12787,#13122));
#13569=IFCFACEOUTERBOUND(#13568,.T.);
#13570=IFCFACE((#13569));
#13571=IFCPOLYLOOP((#13005,#13004,#13122));
#13572=IFCFACEOUTERBOUND(#13571,.T.);
#13573=IFCFACE((#13572));
#13574=IFCPOLYLOOP((#13005,#13122,#13121));
#13575=IFCFACEOUTERBOUND(#13574,.T.);
#13576=IFCFACE((#13575));
#13577=IFCPOLYLOOP((#13114,#13005,#13121));
#13578=IFCFACEOUTERBOUND(#13577,.T.);
#13579=IFCFACE((#13578));
#13580=IFCPOLYLOOP((#12997,#13005,#13114));
#13581=IFCFACEOUTERBOUND(#13580,.T.);
#13582=IFCFACE((#13581));
#13583=IFCPOLYLOOP((#12987,#12997,#13114));
#13584=IFCFACEOUTERBOUND(#13583,.T.);
#13585=IFCFACE((#13584));
#13586=IFCPOLYLOOP((#12987,#13114,#13105));
#13587=IFCFACEOUTERBOUND(#13586,.T.);
#13588=IFCFACE((#13587));
#13589=IFCPOLYLOOP((#12993,#12987,#13105));
#13590=IFCFACEOUTERBOUND(#13589,.T.);
#13591=IFCFACE((#13590));
#13592=IFCPOLYLOOP((#12993,#13105,#13110));
#13593=IFCFACEOUTERBOUND(#13592,.T.);
#13594=IFCFACE((#13593));
#13595=IFCPOLYLOOP((#12988,#12993,#13110));
#13596=IFCFACEOUTERBOUND(#13595,.T.);
#13597=IFCFACE((#13596));
#13598=IFCPOLYLOOP((#12988,#13110,#13104));
#13599=IFCFACEOUTERBOUND(#13598,.T.);
#13600=IFCFACE((#13599));
#13601=IFCPOLYLOOP((#12989,#12988,#13104));
#13602=IFCFACEOUTERBOUND(#13601,.T.);
#13603=IFCFACE((#13602));
#13604=IFCPOLYLOOP((#12989,#13104,#13106));
#13605=IFCFACEOUTERBOUND(#13604,.T.);
#13606=IFCFACE((#13605));
#13607=IFCPOLYLOOP((#12979,#12989,#13106));
#13608=IFCFACEOUTERBOUND(#13607,.T.);
#13609=IFCFACE((#13608));
#13610=IFCPOLYLOOP((#12979,#13106,#13096));
#13611=IFCFACEOUTERBOUND(#13610,.T.);
#13612=IFCFACE((#13611));
#13613=IFCPOLYLOOP((#12983,#12979,#13096));
#13614=IFCFACEOUTERBOUND(#13613,.T.);
#13615=IFCFACE((#13614));
#13616=IFCPOLYLOOP((#12983,#13096,#13100));
#13617=IFCFACEOUTERBOUND(#13616,.T.);
#13618=IFCFACE((#13617));
#13619=IFCPOLYLOOP((#12973,#12983,#13100));
#13620=IFCFACEOUTERBOUND(#13619,.T.);
#13621=IFCFACE((#13620));
#13622=IFCPOLYLOOP((#12973,#13100,#13091));
#13623=IFCFACEOUTERBOUND(#13622,.T.);
#13624=IFCFACE((#13623));
#13625=IFCPOLYLOOP((#12926,#12973,#13091));
#13626=IFCFACEOUTERBOUND(#13625,.T.);
#13627=IFCFACE((#13626));
#13628=IFCPOLYLOOP((#12926,#13091,#13042));
#13629=IFCFACEOUTERBOUND(#13628,.T.);
#13630=IFCFACE((#13629));
#13631=IFCPOLYLOOP((#12932,#12926,#13042));
#13632=IFCFACEOUTERBOUND(#13631,.T.);
#13633=IFCFACE((#13632));
#13634=IFCPOLYLOOP((#12932,#13042,#13049));
#13635=IFCFACEOUTERBOUND(#13634,.T.);
#13636=IFCFACE((#13635));
#13637=IFCPOLYLOOP((#12932,#13049,#13048));
#13638=IFCFACEOUTERBOUND(#13637,.T.);
#13639=IFCFACE((#13638));
#13640=IFCPOLYLOOP((#12931,#12932,#13048));
#13641=IFCFACEOUTERBOUND(#13640,.T.);
#13642=IFCFACE((#13641));
#13643=IFCPOLYLOOP((#12940,#12931,#13048));
#13644=IFCFACEOUTERBOUND(#13643,.T.);
#13645=IFCFACE((#13644));
#13646=IFCPOLYLOOP((#12940,#13048,#13056));
#13647=IFCFACEOUTERBOUND(#13646,.T.);
#13648=IFCFACE((#13647));
#13649=IFCPOLYLOOP((#12941,#12940,#13056));
#13650=IFCFACEOUTERBOUND(#13649,.T.);
#13651=IFCFACE((#13650));
#13652=IFCPOLYLOOP((#12941,#13056,#13058));
#13653=IFCFACEOUTERBOUND(#13652,.T.);
#13654=IFCFACE((#13653));
#13655=IFCPOLYLOOP((#12945,#12941,#13058));
#13656=IFCFACEOUTERBOUND(#13655,.T.);
#13657=IFCFACE((#13656));
#13658=IFCPOLYLOOP((#12945,#13058,#13062));
#13659=IFCFACEOUTERBOUND(#13658,.T.);
#13660=IFCFACE((#13659));
#13661=IFCPOLYLOOP((#12939,#12945,#13062));
#13662=IFCFACEOUTERBOUND(#13661,.T.);
#13663=IFCFACE((#13662));
#13664=IFCPOLYLOOP((#12939,#13062,#13057));
#13665=IFCFACEOUTERBOUND(#13664,.T.);
#13666=IFCFACE((#13665));
#13667=IFCPOLYLOOP((#12950,#12939,#13057));
#13668=IFCFACEOUTERBOUND(#13667,.T.);
#13669=IFCFACE((#13668));
#13670=IFCPOLYLOOP((#12950,#13057,#13066));
#13671=IFCFACEOUTERBOUND(#13670,.T.);
#13672=IFCFACE((#13671));
#13673=IFCPOLYLOOP((#12951,#12950,#13066));
#13674=IFCFACEOUTERBOUND(#13673,.T.);
#13675=IFCFACE((#13674));
#13676=IFCPOLYLOOP((#12951,#13066,#13068));
#13677=IFCFACEOUTERBOUND(#13676,.T.);
#13678=IFCFACE((#13677));
#13679=IFCPOLYLOOP((#12955,#12951,#13068));
#13680=IFCFACEOUTERBOUND(#13679,.T.);
#13681=IFCFACE((#13680));
#13682=IFCPOLYLOOP((#12955,#13068,#13072));
#13683=IFCFACEOUTERBOUND(#13682,.T.);
#13684=IFCFACE((#13683));
#13685=IFCPOLYLOOP((#13067,#12955,#13072));
#13686=IFCFACEOUTERBOUND(#13685,.T.);
#13687=IFCFACE((#13686));
#13688=IFCPOLYLOOP((#12949,#12955,#13067));
#13689=IFCFACEOUTERBOUND(#13688,.T.);
#13690=IFCFACE((#13689));
#13691=IFCPOLYLOOP((#12959,#12949,#13067));
#13692=IFCFACEOUTERBOUND(#13691,.T.);
#13693=IFCFACE((#13692));
#13694=IFCPOLYLOOP((#12959,#13067,#13076));
#13695=IFCFACEOUTERBOUND(#13694,.T.);
#13696=IFCFACE((#13695));
#13697=IFCPOLYLOOP((#12960,#12959,#13076));
#13698=IFCFACEOUTERBOUND(#13697,.T.);
#13699=IFCFACE((#13698));
#13700=IFCPOLYLOOP((#12960,#13076,#13077));
#13701=IFCFACEOUTERBOUND(#13700,.T.);
#13702=IFCFACE((#13701));
#13703=IFCPOLYLOOP((#12726,#12925,#13043));
#13704=IFCFACEOUTERBOUND(#13703,.T.);
#13705=IFCFACE((#13704));
#13706=IFCPOLYLOOP((#12726,#13043,#12824));
#13707=IFCFACEOUTERBOUND(#13706,.T.);
#13708=IFCFACE((#13707));
#13709=IFCPOLYLOOP((#12974,#12770,#12869));
#13710=IFCFACEOUTERBOUND(#13709,.T.);
#13711=IFCFACE((#13710));
#13712=IFCPOLYLOOP((#12974,#12869,#13090));
#13713=IFCFACEOUTERBOUND(#13712,.T.);
#13714=IFCFACE((#13713));
#13715=IFCPOLYLOOP((#13231,#13210,#13224));
#13716=IFCFACEOUTERBOUND(#13715,.T.);
#13717=IFCFACE((#13716));
#13718=IFCPOLYLOOP((#13238,#13210,#13231));
#13719=IFCFACEOUTERBOUND(#13718,.T.);
#13720=IFCFACE((#13719));
#13721=IFCPOLYLOOP((#13245,#13210,#13238));
#13722=IFCFACEOUTERBOUND(#13721,.T.);
#13723=IFCFACE((#13722));
#13724=IFCPOLYLOOP((#13252,#13210,#13245));
#13725=IFCFACEOUTERBOUND(#13724,.T.);
#13726=IFCFACE((#13725));
#13727=IFCPOLYLOOP((#13260,#13214,#13203));
#13728=IFCFACEOUTERBOUND(#13727,.T.);
#13729=IFCFACE((#13728));
#13730=IFCPOLYLOOP((#13260,#13203,#13210));
#13731=IFCFACEOUTERBOUND(#13730,.T.);
#13732=IFCFACE((#13731));
#13733=IFCPOLYLOOP((#13260,#13210,#13252));
#13734=IFCFACEOUTERBOUND(#13733,.T.);
#13735=IFCFACE((#13734));
#13736=IFCPOLYLOOP((#13270,#13260,#13252));
#13737=IFCFACEOUTERBOUND(#13736,.T.);
#13738=IFCFACE((#13737));
#13739=IFCPOLYLOOP((#13294,#13278,#13260));
#13740=IFCFACEOUTERBOUND(#13739,.T.);
#13741=IFCFACE((#13740));
#13742=IFCPOLYLOOP((#13294,#13270,#13286));
#13743=IFCFACEOUTERBOUND(#13742,.T.);
#13744=IFCFACE((#13743));
#13745=IFCPOLYLOOP((#13294,#13260,#13270));
#13746=IFCFACEOUTERBOUND(#13745,.T.);
#13747=IFCFACE((#13746));
#13748=IFCCARTESIANPOINT((3.39991803278689,3.74,4.40590163934426));
#13749=IFCCARTESIANPOINT((3.695,3.74,4.46));
#13750=IFCPOLYLOOP((#13748,#13749,#13448));
#13751=IFCFACEOUTERBOUND(#13750,.T.);
#13752=IFCFACE((#13751));
#13753=IFCPOLYLOOP((#13448,#13749,#13455));
#13754=IFCFACEOUTERBOUND(#13753,.T.);
#13755=IFCFACE((#13754));
#13756=IFCCARTESIANPOINT((3.31889957713247,3.73999999999978,4.37586728180207));
#13757=IFCPOLYLOOP((#13756,#13748,#13448));
#13758=IFCFACEOUTERBOUND(#13757,.T.);
#13759=IFCFACE((#13758));
#13760=IFCPOLYLOOP((#13756,#13448,#13441));
#13761=IFCFACEOUTERBOUND(#13760,.T.);
#13762=IFCFACE((#13761));
#13763=IFCCARTESIANPOINT((3.25294468010088,3.73999999999978,4.32004609991611));
#13764=IFCPOLYLOOP((#13763,#13441,#13434));
#13765=IFCFACEOUTERBOUND(#13764,.T.);
#13766=IFCFACE((#13765));
#13767=IFCPOLYLOOP((#13763,#13756,#13441));
#13768=IFCFACEOUTERBOUND(#13767,.T.);
#13769=IFCFACE((#13768));
#13770=IFCCARTESIANPOINT((3.20993210557936,3.73999999999978,4.24510631593824));
#13771=IFCPOLYLOOP((#13770,#13434,#13427));
#13772=IFCFACEOUTERBOUND(#13771,.T.);
#13773=IFCFACE((#13772));
#13774=IFCPOLYLOOP((#13770,#13763,#13434));
#13775=IFCFACEOUTERBOUND(#13774,.T.);
#13776=IFCFACE((#13775));
#13777=IFCCARTESIANPOINT((3.195,3.74,4.16));
#13778=IFCPOLYLOOP((#13777,#13427,#13413));
#13779=IFCFACEOUTERBOUND(#13778,.T.);
#13780=IFCFACE((#13779));
#13781=IFCPOLYLOOP((#13777,#13770,#13427));
#13782=IFCFACEOUTERBOUND(#13781,.T.);
#13783=IFCFACE((#13782));
#13784=IFCCARTESIANPOINT((3.99008196721311,3.74,4.40590163934426));
#13785=IFCPOLYLOOP((#13749,#13784,#13455));
#13786=IFCFACEOUTERBOUND(#13785,.T.);
#13787=IFCFACE((#13786));
#13788=IFCPOLYLOOP((#13455,#13784,#13473));
#13789=IFCFACEOUTERBOUND(#13788,.T.);
#13790=IFCFACE((#13789));
#13791=IFCCARTESIANPOINT((3.195,3.74,3.16));
#13792=IFCPOLYLOOP((#13791,#13413,#13406));
#13793=IFCFACEOUTERBOUND(#13792,.T.);
#13794=IFCFACE((#13793));
#13795=IFCPOLYLOOP((#13791,#13777,#13413));
#13796=IFCFACEOUTERBOUND(#13795,.T.);
#13797=IFCFACE((#13796));
#13798=IFCCARTESIANPOINT((4.18006789442097,3.73999999999978,4.24510631593824));
#13799=IFCCARTESIANPOINT((4.195,3.74,4.16));
#13800=IFCPOLYLOOP((#13798,#13799,#13463));
#13801=IFCFACEOUTERBOUND(#13800,.T.);
#13802=IFCFACE((#13801));
#13803=IFCPOLYLOOP((#13798,#13463,#13481));
#13804=IFCFACEOUTERBOUND(#13803,.T.);
#13805=IFCFACE((#13804));
#13806=IFCCARTESIANPOINT((4.13705531989945,3.73999999999978,4.32004609991611));
#13807=IFCPOLYLOOP((#13806,#13481,#13497));
#13808=IFCFACEOUTERBOUND(#13807,.T.);
#13809=IFCFACE((#13808));
#13810=IFCPOLYLOOP((#13806,#13798,#13481));
#13811=IFCFACEOUTERBOUND(#13810,.T.);
#13812=IFCFACE((#13811));
#13813=IFCCARTESIANPOINT((4.07110042286786,3.73999999999978,4.37586728180207));
#13814=IFCPOLYLOOP((#13813,#13497,#13488));
#13815=IFCFACEOUTERBOUND(#13814,.T.);
#13816=IFCFACE((#13815));
#13817=IFCPOLYLOOP((#13813,#13806,#13497));
#13818=IFCFACEOUTERBOUND(#13817,.T.);
#13819=IFCFACE((#13818));
#13820=IFCPOLYLOOP((#13784,#13488,#13473));
#13821=IFCFACEOUTERBOUND(#13820,.T.);
#13822=IFCFACE((#13821));
#13823=IFCPOLYLOOP((#13784,#13813,#13488));
#13824=IFCFACEOUTERBOUND(#13823,.T.);
#13825=IFCFACE((#13824));
#13826=IFCCARTESIANPOINT((4.195,3.74,3.16));
#13827=IFCPOLYLOOP((#13826,#13791,#13417));
#13828=IFCFACEOUTERBOUND(#13827,.T.);
#13829=IFCFACE((#13828));
#13830=IFCPOLYLOOP((#13417,#13791,#13406));
#13831=IFCFACEOUTERBOUND(#13830,.T.);
#13832=IFCFACE((#13831));
#13833=IFCPOLYLOOP((#13799,#13826,#13463));
#13834=IFCFACEOUTERBOUND(#13833,.T.);
#13835=IFCFACE((#13834));
#13836=IFCPOLYLOOP((#13463,#13826,#13417));
#13837=IFCFACEOUTERBOUND(#13836,.T.);
#13838=IFCFACE((#13837));
#13839=IFCPOLYLOOP((#13777,#13763,#13770));
#13840=IFCFACEOUTERBOUND(#13839,.T.);
#13841=IFCFACE((#13840));
#13842=IFCPOLYLOOP((#13777,#13756,#13763));
#13843=IFCFACEOUTERBOUND(#13842,.T.);
#13844=IFCFACE((#13843));
#13845=IFCPOLYLOOP((#13777,#13748,#13756));
#13846=IFCFACEOUTERBOUND(#13845,.T.);
#13847=IFCFACE((#13846));
#13848=IFCPOLYLOOP((#13777,#13749,#13748));
#13849=IFCFACEOUTERBOUND(#13848,.T.);
#13850=IFCFACE((#13849));
#13851=IFCPOLYLOOP((#13826,#13799,#13791));
#13852=IFCFACEOUTERBOUND(#13851,.T.);
#13853=IFCFACE((#13852));
#13854=IFCPOLYLOOP((#13791,#13799,#13777));
#13855=IFCFACEOUTERBOUND(#13854,.T.);
#13856=IFCFACE((#13855));
#13857=IFCPOLYLOOP((#13777,#13799,#13749));
#13858=IFCFACEOUTERBOUND(#13857,.T.);
#13859=IFCFACE((#13858));
#13860=IFCPOLYLOOP((#13799,#13784,#13749));
#13861=IFCFACEOUTERBOUND(#13860,.T.);
#13862=IFCFACE((#13861));
#13863=IFCPOLYLOOP((#13798,#13806,#13799));
#13864=IFCFACEOUTERBOUND(#13863,.T.);
#13865=IFCFACE((#13864));
#13866=IFCPOLYLOOP((#13784,#13806,#13813));
#13867=IFCFACEOUTERBOUND(#13866,.T.);
#13868=IFCFACE((#13867));
#13869=IFCPOLYLOOP((#13799,#13806,#13784));
#13870=IFCFACEOUTERBOUND(#13869,.T.);
#13871=IFCFACE((#13870));
#13872=IFCCLOSEDSHELL((#12668,#12672,#12677,#12680,#12685,#12688,#12693,#12696,#12701,#12704,#12708,#12712,#12717,#12720,#12724,#12729,#12732,#12735,#12739,#12743,#12746,#12750,#12753,#12757,#12760,#12764,#12767,#12773,#12779,#12782,#12785,#12790,#12793,#12798,#12801,#12806,#12809,#12813,#12816,#12819,#12823,#12828,#12831,#12834,#12838,#12842,#12845,#12849,#12852,#12856,#12859,#12863,#12866,#12872,#12878,#12881,#12884,#12889,#12892,#12897,#12900,#12905,#12908,#12912,#12915,#12918,#12921,#12924,#12930,#12935,#12938,#12944,#12948,#12954,#12958,#12963,#12966,#12969,#12972,#12978,#12982,#12986,#12992,#12996,#13000,#13003,#13008,#13011,#13014,#13017,#13020,#13023,#13026,#13029,#13032,#13035,#13038,#13041,#13047,#13052,#13055,#13061,#13065,#13071,#13075,#13080,#13083,#13086,#13089,#13095,#13099,#13103,#13109,#13113,#13117,#13120,#13125,#13128,#13131,#13134,#13137,#13140,#13143,#13146,#13149,#13152,#13155,#13158,#13161,#13164,#13167,#13170,#13174,#13178,#13181,#13185,#13188,#13192,#13195,#13199,#13202,#13206,#13209,#13213,#13217,#13220,#13223,#13227,#13230,#13234,#13237,#13241,#13244,#13248,#13251,#13255,#13258,#13263,#13266,#13269,#13273,#13276,#13281,#13284,#13289,#13292,#13297,#13300,#13304,#13307,#13310,#13313,#13316,#13319,#13322,#13325,#13328,#13331,#13334,#13337,#13340,#13343,#13346,#13349,#13352,#13355,#13358,#13361,#13364,#13367,#13370,#13373,#13377,#13381,#13384,#13388,#13391,#13395,#13398,#13402,#13405,#13409,#13412,#13416,#13420,#13423,#13426,#13430,#13433,#13437,#13440,#13444,#13447,#13451,#13454,#13458,#13461,#13466,#13469,#13472,#13476,#13479,#13484,#13487,#13492,#13495,#13500,#13503,#13507,#13510,#13513,#13516,#13519,#13522,#13525,#13528,#13531,#13534,#13537,#13540,#13543,#13546,#13549,#13552,#13555,#13558,#13561,#13564,#13567,#13570,#13573,#13576,#13579,#13582,#13585,#13588,#13591,#13594,#13597,#13600,#13603,#13606,#13609,#13612,#13615,#13618,#13621,#13624,#13627,#13630,#13633,#13636,#13639,#13642,#13645,#13648,#13651,#13654,#13657,#13660,#13663,#13666,#13669,#13672,#13675,#13678,#13681,#13684,#13687,#13690,#13693,#13696,#13699,#13702,#13705,#13708,#13711,#13714,#13717,#13720,#13723,#13726,#13729,#13732,#13735,#13738,#13741,#13744,#13747,#13752,#13755,#13759,#13762,#13766,#13769,#13773,#13776,#13780,#13783,#13787,#13790,#13794,#13797,#13802,#13805,#13809,#13812,#13816,#13819,#13822,#13825,#13829,#13832,#13835,#13838,#13841,#13844,#13847,#13850,#13853,#13856,#13859,#13862,#13865,#13868,#13871));
#13873=IFCFACETEDBREP(#13872);
#13874=IFCSTYLEDITEM(#13873,(#591),$);
#13875=IFCSHAPEREPRESENTATION(#22,'Body','Brep',(#13873));
#13876=IFCPRODUCTDEFINITIONSHAPE($,$,(#13875));
#13877=IFCWINDOW('2_EiVFh8b2pfEVbkryR11u',#13885,'Window001',$,$,#593,#13876,$,$,$,.NOTDEFINED.,.NOTDEFINED.,$);
#13878=IFCBUILDING('1wGnyuA$LBr9tlnxg4SDCr',#5,'Default Building','',$,$,$,$,.ELEMENT.,$,$,$);
#13879=IFCRELAGGREGATES('2Vk5ehcqv7SgcKSoNIjsxq',#5,'ProjectLink','',#23,(#13878));
#13880=IFCRELCONTAINEDINSPATIALSTRUCTURE('0odITl5yXFIwOwK0R9jfOm',#5,'UnassignedObjectsLink','',(#596,#1164,#1732,#10487,#13877,#12662,#11356,#6931,#1794),#13878);
#13881=IFCOWNERHISTORY(#3,#4,$,.MODIFIED.,1758628465,#3,#4,1758628353);
#13882=IFCOWNERHISTORY(#3,#4,$,.MODIFIED.,1758628481,#3,#4,1758628353);
#13883=IFCOWNERHISTORY(#3,#4,$,.MODIFIED.,1758628515,#3,#4,1758628353);
#13884=IFCOWNERHISTORY(#3,#4,$,.MODIFIED.,1758628787,#3,#4,1758628353);
#13885=IFCOWNERHISTORY(#3,#4,$,.MODIFIED.,1758628770,#3,#4,1758628353);
#13886=IFCOWNERHISTORY(#3,#4,$,.MODIFIED.,1758628779,#3,#4,1758628353);
#13887=IFCOWNERHISTORY(#3,#4,$,.MODIFIED.,1758628798,#3,#4,1758628353);
#13888=IFCOWNERHISTORY(#3,#4,$,.MODIFIED.,1758628654,#3,#4,1758628353);
#13889=IFCOWNERHISTORY(#3,#4,$,.MODIFIED.,1758628810,#3,#4,1758628353);
#13890=IFCPROPERTYSINGLEVALUE('DoorWidth',$,IFCTEXT('50 mm'),$);
#13891=IFCPROPERTYSINGLEVALUE('Fillet',$,IFCTEXT('40 mm'),$);
#13892=IFCPROPERTYSINGLEVALUE('Height',$,IFCTEXT('3000 mm'),$);
#13893=IFCPROPERTYSINGLEVALUE('Rise',$,IFCTEXT('1000 mm'),$);
#13894=IFCPROPERTYSINGLEVALUE('Sill',$,IFCTEXT('3000 mm'),$);
#13895=IFCPROPERTYSINGLEVALUE('SillHeight',$,IFCTEXT('20 mm'),$);
#13896=IFCPROPERTYSINGLEVALUE('Thichness',$,IFCTEXT('120 mm'),$);
#13897=IFCPROPERTYSINGLEVALUE('Width',$,IFCTEXT('2000 mm'),$);
#13898=IFCPROPERTYSET('0zL57w_9X1$h0e$A_6Oq93',#5,'DynamicData',$,(#13890,#13891,#13892,#13893,#13894,#13895,#13896,#13897));
#13899=IFCRELDEFINESBYPROPERTIES('2Jy7Nl6abDeP28a8LZqUr2',#5,$,$,(#13877),#13898);
#13900=IFCPROPERTYSINGLEVALUE('DateConstructed',$,IFCTEXT('c.1504'),$);
#13901=IFCPROPERTYSINGLEVALUE('Mod_01_Date',$,IFCTEXT('c.1865'),$);
#13902=IFCPROPERTYSINGLEVALUE('Mod_01_Desc',$,IFCTEXT('maintenance'),$);
#13903=IFCPROPERTYSET('0jVDrGCED87v$Mrn_t$lCh',#5,'Pset_Historic',$,(#13900,#13901,#13902));
#13904=IFCRELDEFINESBYPROPERTIES('0JKmDyjZD8WwyaNbrd7_dw',#5,$,$,(#13877),#13903);
#13905=IFCPROPERTYSINGLEVALUE('HeritageType',$,IFCTEXT('East Window'),$);
#13906=IFCPROPERTYSINGLEVALUE('LODHint',$,IFCTEXT('LOD 3'),$);
#13907=IFCPROPERTYSET('1Y11D7QXfCRhN1_LZT7ld3',#5,'Pset_HeritageCore',$,(#13905,#13906));
#13908=IFCRELDEFINESBYPROPERTIES('2Kz5SIdkP6XA6X0ajgCnXK',#5,$,$,(#13877),#13907);
#13909=IFCPROPERTYSINGLEVALUE('PrimaryMaterial',$,IFCTEXT('Limestone frame'),$);
#13910=IFCPROPERTYSINGLEVALUE('SecondaryMaterial',$,IFCTEXT('Stained glass'),$);
#13911=IFCPROPERTYSINGLEVALUE('ConstructionNotes',$,IFCTEXT('4-light Tudor Arch Perpendicular tracery'),$);
#13912=IFCPROPERTYSET('3RG$lqIG55DRcGdFvsC2yH',#5,'Pset_Materials',$,(#13909,#13910,#13911));
#13913=IFCRELDEFINESBYPROPERTIES('3XYpwEgGz8whJ7td_VFkr$',#5,$,$,(#13877),#13912);
#13914=IFCPROPERTYSINGLEVALUE('SourceRef',$,IFCINTEGER(1),$);
#13915=IFCPROPERTYSINGLEVALUE('SurveyDate',$,IFCTEXT('2025-09-13'),$);
#13916=IFCPROPERTYSET('2snHS7x7bFfQQRdRVb5h0m',#5,'Pset_Source',$,(#13914,#13915));
#13917=IFCRELDEFINESBYPROPERTIES('2U2kjdnWX4MBvrqrXZm2M1',#5,$,$,(#13877),#13916);
#13918=IFCPROPERTYSINGLEVALUE('BottomOffset',$,IFCTEXT('100 mm'),$);
#13919=IFCPROPERTYSINGLEVALUE('DoorWidth',$,IFCTEXT('50 mm'),$);
#13920=IFCPROPERTYSINGLEVALUE('Heigth',$,IFCTEXT('2500 mm'),$);
#13921=IFCPROPERTYSINGLEVALUE('SillHight',$,IFCTEXT('300 mm'),$);
#13922=IFCPROPERTYSINGLEVALUE('Thichness',$,IFCTEXT('120 mm'),$);
#13923=IFCPROPERTYSINGLEVALUE('TopHight',$,IFCTEXT('500 mm'),$);
#13924=IFCPROPERTYSINGLEVALUE('Width',$,IFCTEXT('1200 mm'),$);
#13925=IFCPROPERTYSET('0Zt4GkwRz87xvTQKZvo3Yx',#5,'DynamicData',$,(#13918,#13919,#13920,#13921,#13922,#13923,#13924));
#13926=IFCRELDEFINESBYPROPERTIES('3XUDKdtyX8fQ_u6OGzE2LJ',#5,$,$,(#12662),#13925);
#13927=IFCPROPERTYSINGLEVALUE('Mod_01_Date',$,IFCTEXT('c.1865'),$);
#13928=IFCPROPERTYSET('1ELe2ZQT55_BGm8ivVMYxp',#5,'Pset_Historic',$,(#13927));
#13929=IFCRELDEFINESBYPROPERTIES('3wezW3oFz5MxjF_TCxMjBR',#5,$,$,(#12662),#13928);
#13930=IFCPROPERTYSINGLEVALUE('HeritageType',$,IFCTEXT('Main Door'),$);
#13931=IFCPROPERTYSINGLEVALUE('LODHint',$,IFCTEXT('LOD 3'),$);
#13932=IFCPROPERTYSET('3v3Uvf0Sr9u9VKzhGXhkZM',#5,'Pset_HeritageCore',$,(#13930,#13931));
#13933=IFCRELDEFINESBYPROPERTIES('36rkv3Wa56ZBgbMJAJOTue',#5,$,$,(#12662),#13932);
#13934=IFCPROPERTYSINGLEVALUE('PrimaryMaterial',$,IFCTEXT('Oak leaves'),$);
#13935=IFCPROPERTYSINGLEVALUE('SecondaryMaterial',$,IFCTEXT('Limestone'),$);
#13936=IFCPROPERTYSET('0j1_2OMyb44wQe1HG6BNtV',#5,'Pset_Materials',$,(#13934,#13935));
#13937=IFCRELDEFINESBYPROPERTIES('07HATQxBLB_BjZg71Hy4eq',#5,$,$,(#12662),#13936);
#13938=IFCPROPERTYSINGLEVALUE('SourceRef',$,IFCINTEGER(1),$);
#13939=IFCPROPERTYSINGLEVALUE('SurveyDate',$,IFCTEXT('2025-09-13'),$);
#13940=IFCPROPERTYSET('3mKl$Pa3TFvvh61RU_CELY',#5,'Pset_Source',$,(#13938,#13939));
#13941=IFCRELDEFINESBYPROPERTIES('1i7ju5P356qhxC8z2lhL9G',#5,$,$,(#12662),#13940);
#13942=IFCPROPERTYSINGLEVALUE('DoorWidth',$,IFCTEXT('50 mm'),$);
#13943=IFCPROPERTYSINGLEVALUE('Fillet',$,IFCTEXT('40 mm'),$);
#13944=IFCPROPERTYSINGLEVALUE('Height',$,IFCTEXT('1000 mm'),$);
#13945=IFCPROPERTYSINGLEVALUE('Rise',$,IFCTEXT('300 mm'),$);
#13946=IFCPROPERTYSINGLEVALUE('Sill',$,IFCTEXT('3000 mm'),$);
#13947=IFCPROPERTYSINGLEVALUE('SillHeight',$,IFCTEXT('20 mm'),$);
#13948=IFCPROPERTYSINGLEVALUE('Thichness',$,IFCTEXT('120 mm'),$);
#13949=IFCPROPERTYSINGLEVALUE('Width',$,IFCTEXT('1000 mm'),$);
#13950=IFCPROPERTYSET('3ErZeS10zCx8k9HsxHYE1Z',#5,'DynamicData',$,(#13942,#13943,#13944,#13945,#13946,#13947,#13948,#13949));
#13951=IFCRELDEFINESBYPROPERTIES('2rZe5FkSPBsAoNx22CTEtk',#5,$,$,(#11356),#13950);
#13952=IFCPROPERTYSINGLEVALUE('DateConstructed',$,IFCTEXT('c.1504'),$);
#13953=IFCPROPERTYSINGLEVALUE('Mod_01_Date',$,IFCTEXT('c.1865'),$);
#13954=IFCPROPERTYSINGLEVALUE('Mod_01_Desc',$,IFCTEXT('maintenance'),$);
#13955=IFCPROPERTYSET('2qxJBJYuv7qucTlUL3SXwM',#5,'Pset_Historic',$,(#13952,#13953,#13954));
#13956=IFCRELDEFINESBYPROPERTIES('3byhcyvcX6ygfqa1m$fUBv',#5,$,$,(#11356),#13955);
#13957=IFCPROPERTYSINGLEVALUE('HeritageType',$,IFCTEXT('North Window'),$);
#13958=IFCPROPERTYSINGLEVALUE('LODHint',$,IFCTEXT('LOD 3'),$);
#13959=IFCPROPERTYSET('0GYI75NVT4QvlSatVXjovo',#5,'Pset_HeritageCore',$,(#13957,#13958));
#13960=IFCRELDEFINESBYPROPERTIES('1$Ny1W7Tj4oPDihLygVmcx',#5,$,$,(#11356),#13959);
#13961=IFCPROPERTYSINGLEVALUE('PrimaryMaterial',$,IFCTEXT('Limestone frame'),$);
#13962=IFCPROPERTYSINGLEVALUE('SecondaryMaterial',$,IFCTEXT('Stained glass'),$);
#13963=IFCPROPERTYSINGLEVALUE('ConstructionNotes',$,IFCTEXT('3-light Tudor arch early tracery'),$);
#13964=IFCPROPERTYSET('1YHPpL3wfCt91G7z$o_uwG',#5,'Pset_Materials',$,(#13961,#13962,#13963));
#13965=IFCRELDEFINESBYPROPERTIES('1lZzBL81z3V8DXSCzEEuIT',#5,$,$,(#11356),#13964);
#13966=IFCPROPERTYSINGLEVALUE('SourceRef',$,IFCINTEGER(1),$);
#13967=IFCPROPERTYSINGLEVALUE('SurveyDate',$,IFCTEXT('2025-09-13'),$);
#13968=IFCPROPERTYSET('3aUH$uoQL8zPY$91Ya1_87',#5,'Pset_Source',$,(#13966,#13967));
#13969=IFCRELDEFINESBYPROPERTIES('2Mkqf3gez81Qbu3zAfidXg',#5,$,$,(#11356),#13968);
#13970=IFCPROPERTYSINGLEVALUE('Height',$,IFCTEXT('3000 mm'),$);
#13971=IFCPROPERTYSINGLEVALUE('Width',$,IFCTEXT('2000 mm'),$);
#13972=IFCPROPERTYSET('2fRaAyhSPDOgJYGAFLjWR$',#5,'DynamicData',$,(#13970,#13971));
#13973=IFCRELDEFINESBYPROPERTIES('0N3SB1bjbCeA75_lc6d2QY',#5,$,$,(#10487),#13972);
#13974=IFCPROPERTYSINGLEVALUE('HeritageType',$,IFCTEXT('Bellcote'),$);
#13975=IFCPROPERTYSINGLEVALUE('LODHint',$,IFCTEXT('LOD 3'),$);
#13976=IFCPROPERTYSET('1L7hMV4Pb4lv4cXKcZmQh0',#5,'Pset_HeritageCore',$,(#13974,#13975));
#13977=IFCRELDEFINESBYPROPERTIES('3fr8EWSBTBHAskVTIR0ee4',#5,$,$,(#10487),#13976);
#13978=IFCPROPERTYSINGLEVALUE('DateConstructed',$,IFCTEXT('c.1504'),$);
#13979=IFCPROPERTYSINGLEVALUE('Mod_01_Date',$,IFCTEXT('c.1865'),$);
#13980=IFCPROPERTYSINGLEVALUE('Mod_01_Desc',$,IFCTEXT('addition'),$);
#13981=IFCPROPERTYSINGLEVALUE('Mod_02_Date',$,IFCTEXT('c.1939'),$);
#13982=IFCPROPERTYSINGLEVALUE('Mod_02_Desc',$,IFCTEXT('simplified-parapet'),$);
#13983=IFCPROPERTYSET('34Z05jM15F$RdDExB1G7Oc',#5,'Pset_Historic',$,(#13978,#13979,#13980,#13981,#13982));
#13984=IFCRELDEFINESBYPROPERTIES('1Ti2NWsJD9RRXFhJIw0O7m',#5,$,$,(#10487),#13983);
#13985=IFCPROPERTYSINGLEVALUE('PrimaryMaterial',$,IFCTEXT('stone'),$);
#13986=IFCPROPERTYSET('0$qzfjtob2phONSsNliEgQ',#5,'Pset_Materials',$,(#13985));
#13987=IFCRELDEFINESBYPROPERTIES('3PO$pvED5D6QYy6bsdYFP8',#5,$,$,(#10487),#13986);
#13988=IFCPROPERTYSINGLEVALUE('SourceRef',$,IFCINTEGER(1),$);
#13989=IFCPROPERTYSINGLEVALUE('SurveyDate',$,IFCTEXT('2025-09-13'),$);
#13990=IFCPROPERTYSET('3RugripgfDDP90_nCIF9hY',#5,'Pset_Source',$,(#13988,#13989));
#13991=IFCRELDEFINESBYPROPERTIES('2KHwxO$Xf8lgVgrtQpAxJY',#5,$,$,(#10487),#13990);
#13992=IFCPROPERTYSINGLEVALUE('BuildingLength',$,IFCTEXT('7390 mm'),$);
#13993=IFCPROPERTYSINGLEVALUE('BuildingWidth',$,IFCTEXT('6140 mm'),$);
#13994=IFCPROPERTYSINGLEVALUE('EavesOverhang',$,IFCTEXT('800 mm'),$);
#13995=IFCPROPERTYSINGLEVALUE('FloorLevel',$,IFCTEXT('100 mm'),$);
#13996=IFCPROPERTYSINGLEVALUE('RoofRatio',$,IFCREAL(0.8),$);
#13997=IFCPROPERTYSINGLEVALUE('WallHeigth',$,IFCTEXT('8160 mm'),$);
#13998=IFCPROPERTYSINGLEVALUE('WallHeigth1',$,IFCTEXT('7680 mm'),$);
#13999=IFCPROPERTYSINGLEVALUE('WallThickness',$,IFCTEXT('100 mm'),$);
#14000=IFCPROPERTYSET('0eoxlJY6DEBxl2uvG1xsH0',#5,'DynamicData',$,(#13992,#13993,#13994,#13995,#13996,#13997,#13998,#13999));
#14001=IFCRELDEFINESBYPROPERTIES('2aXYkqbbn84uRTnHeqoD4z',#5,$,$,(#6931),#14000);
#14002=IFCPROPERTYSINGLEVALUE('HeritageType',$,IFCTEXT('Load-bearing External Wall'),$);
#14003=IFCPROPERTYSINGLEVALUE('LODHint',$,IFCTEXT('LOD 3'),$);
#14004=IFCPROPERTYSET('0$KZFGZn59JxYcAGv9LgAN',#5,'Pset_HeritageCore',$,(#14002,#14003));
#14005=IFCRELDEFINESBYPROPERTIES('3h0$O$yEXCNx4biLg6LOWQ',#5,$,$,(#6931),#14004);
#14006=IFCPROPERTYSINGLEVALUE('DateConstructed',$,IFCTEXT('c.1504'),$);
#14007=IFCPROPERTYSINGLEVALUE('Mod_01_Date',$,IFCTEXT('c.1865'),$);
#14008=IFCPROPERTYSINGLEVALUE('Mod_01_Desc',$,IFCTEXT('Victorian refacing and limestone dressings'),$);
#14009=IFCPROPERTYSINGLEVALUE('Mod_02_Date',$,IFCTEXT('c.1939'),$);
#14010=IFCPROPERTYSINGLEVALUE('Mod_02_Desc',$,IFCTEXT('simplified-parapet'),$);
#14011=IFCPROPERTYSET('0I34Yv3vn2kR9NXhzk_70T',#5,'Pset_Historic',$,(#14006,#14007,#14008,#14009,#14010));
#14012=IFCRELDEFINESBYPROPERTIES('3x4DRUaZrAHAHxscY3PPRx',#5,$,$,(#6931),#14011);
#14013=IFCPROPERTYSINGLEVALUE('PrimaryMaterial',$,IFCTEXT('Pennant sandstone rubble'),$);
#14014=IFCPROPERTYSINGLEVALUE('SecondaryMaterial',$,IFCTEXT('Limestone dressings'),$);
#14015=IFCPROPERTYSET('0wuz6SD8TFixFe6JGKbP3G',#5,'Pset_Materials',$,(#14013,#14014));
#14016=IFCRELDEFINESBYPROPERTIES('2IfpcilKT7WxrlmjtAJwE8',#5,$,$,(#6931),#14015);
#14017=IFCPROPERTYSINGLEVALUE('SourceRef',$,IFCINTEGER(1),$);
#14018=IFCPROPERTYSINGLEVALUE('SurveyDate',$,IFCTEXT('2025-09-13'),$);
#14019=IFCPROPERTYSET('38oir4mKbFBvpzfJ6tWe8h',#5,'Pset_Source',$,(#14017,#14018));
#14020=IFCRELDEFINESBYPROPERTIES('2dfOQio5fCuQucwXGXLYMP',#5,$,$,(#6931),#14019);
#14021=IFCPROPERTYSINGLEVALUE('Perimetric',$,IFCTEXT('800 mm'),$);
#14022=IFCPROPERTYSINGLEVALUE('RoofHeight',$,IFCTEXT('2000 mm'),$);
#14023=IFCPROPERTYSINGLEVALUE('RoofThickness',$,IFCTEXT('100 mm'),$);
#14024=IFCPROPERTYSET('1odjC7PijDQvd_1R4lyT4T',#5,'DynamicData',$,(#14021,#14022,#14023));
#14025=IFCRELDEFINESBYPROPERTIES('0OrYEA6lv47eVoW$JFkKWf',#5,$,$,(#1794),#14024);
#14026=IFCPROPERTYSINGLEVALUE('HeritageType',$,IFCTEXT('Roof'),$);
#14027=IFCPROPERTYSINGLEVALUE('LODHint',$,IFCTEXT('LOD 3'),$);
#14028=IFCPROPERTYSET('1D3Wqq7bv4GfwKHSCdbhK9',#5,'Pset_HeritageCore',$,(#14026,#14027));
#14029=IFCRELDEFINESBYPROPERTIES('3ModIbKY9CFfxVALwQGLpF',#5,$,$,(#1794),#14028);
#14030=IFCPROPERTYSINGLEVALUE('DateConstructed',$,IFCTEXT('c.1865 Victorian-roof-replacement'),$);
#14031=IFCPROPERTYSINGLEVALUE('Mod_01_Date',$,IFCTEXT('c.1960'),$);
#14032=IFCPROPERTYSINGLEVALUE('Mod_01_Desc',$,IFCTEXT('maintenance'),$);
#14033=IFCPROPERTYSET('0Eb6$4cXH17QWEy1dvcPO7',#5,'Pset_Historic',$,(#14030,#14031,#14032));
#14034=IFCRELDEFINESBYPROPERTIES('1$Ilbp$k59BuvGA02qICTQ',#5,$,$,(#1794),#14033);
#14035=IFCPROPERTYSINGLEVALUE('PrimaryMaterial',$,IFCTEXT('Timber rafters'),$);
#14036=IFCPROPERTYSINGLEVALUE('SecondaryMaterial',$,IFCTEXT('Clay tiles'),$);
#14037=IFCPROPERTYSET('1peiYEsH166QIcXYaZY5iv',#5,'Pset_Materials',$,(#14035,#14036));
#14038=IFCRELDEFINESBYPROPERTIES('0k0fT$mm17nQ3ZmTsZa3BG',#5,$,$,(#1794),#14037);
#14039=IFCPROPERTYSINGLEVALUE('SourceRef',$,IFCINTEGER(1),$);
#14040=IFCPROPERTYSINGLEVALUE('SurveyDate',$,IFCTEXT('2025-09-13'),$);
#14041=IFCPROPERTYSET('1CUrdkKlr4pwpNZgW$JJYP',#5,'Pset_Source',$,(#14039,#14040));
#14042=IFCRELDEFINESBYPROPERTIES('2LgIOsPPLAFwdWnPO3A$6D',#5,$,$,(#1794),#14041);
#14043=IFCPROPERTYSINGLEVALUE('Height',$,IFCTEXT('3000 mm'),$);
#14044=IFCPROPERTYSINGLEVALUE('Width',$,IFCTEXT('500 mm'),$);
#14045=IFCPROPERTYSET('2Npby9n$n2ivgiUiZ08NUB',#5,'DynamicData',$,(#14043,#14044));
#14046=IFCRELDEFINESBYPROPERTIES('1GkcHXNYT0Rfq4cySO25Xk',#5,$,$,(#596),#14045);
#14047=IFCPROPERTYSINGLEVALUE('HeritageType',$,IFCTEXT('Statue Niche'),$);
#14048=IFCPROPERTYSINGLEVALUE('LODHint',$,IFCTEXT('LOD 3'),$);
#14049=IFCPROPERTYSET('0NuLsB7Kb91hWkhdTowpjX',#5,'Pset_HeritageCore',$,(#14047,#14048));
#14050=IFCRELDEFINESBYPROPERTIES('0zFvwGNyP0EPKg5L5S7DPE',#5,$,$,(#596),#14049);
#14051=IFCPROPERTYSINGLEVALUE('DateConstructed',$,IFCTEXT('c.1865'),$);
#14052=IFCPROPERTYSINGLEVALUE('Mod_01_Date',$,IFCTEXT('c.1960'),$);
#14053=IFCPROPERTYSINGLEVALUE('Mod_01_Desc',$,IFCTEXT('Magi statues installed'),$);
#14054=IFCPROPERTYSET('2DdPmUW5X1tOxcbBMgUQ5R',#5,'Pset_Historic',$,(#14051,#14052,#14053));
#14055=IFCRELDEFINESBYPROPERTIES('2X$$sNpBf9MfOYMHzUuE9j',#5,$,$,(#596),#14054);
#14056=IFCPROPERTYSINGLEVALUE('PrimaryMaterial',$,IFCTEXT('Stone'),$);
#14057=IFCPROPERTYSET('2Ok1dxesTEXOa9L_b1Ttbs',#5,'Pset_Materials',$,(#14056));
#14058=IFCRELDEFINESBYPROPERTIES('0ubTrspKH8ffmsXtlBrVFt',#5,$,$,(#596),#14057);
#14059=IFCPROPERTYSINGLEVALUE('SourceRef',$,IFCINTEGER(1),$);
#14060=IFCPROPERTYSINGLEVALUE('SurveyDate',$,IFCTEXT('2025-09-13'),$);
#14061=IFCPROPERTYSET('0ptrB4Vx55re2yQcj5Y59U',#5,'Pset_Source',$,(#14059,#14060));
#14062=IFCRELDEFINESBYPROPERTIES('3lJeMekWv5HOZpg4$sFwDh',#5,$,$,(#596),#14061);
#14063=IFCPROPERTYSINGLEVALUE('Height',$,IFCTEXT('3000 mm'),$);
#14064=IFCPROPERTYSINGLEVALUE('Width',$,IFCTEXT('500 mm'),$);
#14065=IFCPROPERTYSET('0y0pdIicX9ovImCgdziVIs',#5,'DynamicData',$,(#14063,#14064));
#14066=IFCRELDEFINESBYPROPERTIES('3BJ6eOjzf0TAmwNQ1AK1nd',#5,$,$,(#1164),#14065);
#14067=IFCPROPERTYSINGLEVALUE('HeritageType',$,IFCTEXT('Statue Niche'),$);
#14068=IFCPROPERTYSINGLEVALUE('LODHint',$,IFCTEXT('LOD 3'),$);
#14069=IFCPROPERTYSET('3ZGQ0u8z54$vILh6WTTPGt',#5,'Pset_HeritageCore',$,(#14067,#14068));
#14070=IFCRELDEFINESBYPROPERTIES('3fIF0gL5jDyetUgFod1fmv',#5,$,$,(#1164),#14069);
#14071=IFCPROPERTYSINGLEVALUE('DateConstructed',$,IFCTEXT('c.1865'),$);
#14072=IFCPROPERTYSINGLEVALUE('Mod_01_Date',$,IFCTEXT('c.1960'),$);
#14073=IFCPROPERTYSINGLEVALUE('Mod_01_Desc',$,IFCTEXT('Magi statues installed'),$);
#14074=IFCPROPERTYSET('0ikceziE96femw$iqqclU1',#5,'Pset_Historic',$,(#14071,#14072,#14073));
#14075=IFCRELDEFINESBYPROPERTIES('3usCDsshfBFh6g4FqzqUPX',#5,$,$,(#1164),#14074);
#14076=IFCPROPERTYSINGLEVALUE('PrimaryMaterial',$,IFCTEXT('Stone'),$);
#14077=IFCPROPERTYSET('2JtNIF9aL7KOwgdBB4VfuK',#5,'Pset_Materials',$,(#14076));
#14078=IFCRELDEFINESBYPROPERTIES('1EzKmtsGLBUBiUfkvsNOd6',#5,$,$,(#1164),#14077);
#14079=IFCPROPERTYSINGLEVALUE('SourceRef',$,IFCINTEGER(1),$);
#14080=IFCPROPERTYSINGLEVALUE('SurveyDate',$,IFCTEXT('2025-09-13'),$);
#14081=IFCPROPERTYSET('2IbYBv_JTAmxSG$Fd9uM55',#5,'Pset_Source',$,(#14079,#14080));
#14082=IFCRELDEFINESBYPROPERTIES('2R_7WAyHvDeQOZi2DvRpk3',#5,$,$,(#1164),#14081);
#14083=IFCPROPERTYSINGLEVALUE('Height',$,IFCTEXT(''),$);
#14084=IFCPROPERTYSINGLEVALUE('Width',$,IFCTEXT(''),$);
#14085=IFCPROPERTYSET('0j7PZTj9r6kOZwrj0eJTnE',#5,'DynamicData',$,(#14083,#14084));
#14086=IFCRELDEFINESBYPROPERTIES('2xQM8Dg1fFTgolzC_wZLNc',#5,$,$,(#1732),#14085);
#14087=IFCPROPERTYSINGLEVALUE('HeritageType',$,IFCTEXT('Statue Niche'),$);
#14088=IFCPROPERTYSINGLEVALUE('LODHint',$,IFCTEXT('LOD 3'),$);
#14089=IFCPROPERTYSET('1WVo7e6dH4zOq2bTfZFmej',#5,'Pset_HeritageCore',$,(#14087,#14088));
#14090=IFCRELDEFINESBYPROPERTIES('2B5uBxbMvAQvaUfRilgzQ7',#5,$,$,(#1732),#14089);
#14091=IFCPROPERTYSINGLEVALUE('DateConstructed',$,IFCTEXT('c.1865'),$);
#14092=IFCPROPERTYSINGLEVALUE('Mod_01_Date',$,IFCTEXT('c.1960'),$);
#14093=IFCPROPERTYSINGLEVALUE('Mod_01_Desc',$,IFCTEXT('Magi statues installed'),$);
#14094=IFCPROPERTYSET('0XuRNOBYTCHAVZaHNGaSe3',#5,'Pset_Historic',$,(#14091,#14092,#14093));
#14095=IFCRELDEFINESBYPROPERTIES('2RC0SGu2D9ohSCHQCI52Gr',#5,$,$,(#1732),#14094);
#14096=IFCPROPERTYSINGLEVALUE('PrimaryMaterial',$,IFCTEXT('Stone'),$);
#14097=IFCPROPERTYSET('0zEOvN6nj0sw$vp7L4pPrA',#5,'Pset_Materials',$,(#14096));
#14098=IFCRELDEFINESBYPROPERTIES('0q89LUGRPEnRcxz314ynyc',#5,$,$,(#1732),#14097);
#14099=IFCPROPERTYSINGLEVALUE('SourceRef',$,IFCINTEGER(1),$);
#14100=IFCPROPERTYSINGLEVALUE('SurveyDate',$,IFCTEXT('2025-09-13'),$);
#14101=IFCPROPERTYSET('0kcMr9CLXF38vEv3wHVyqA',#5,'Pset_Source',$,(#14099,#14100));
#14102=IFCRELDEFINESBYPROPERTIES('18$rYYQh9AwR0h9E3Tuz0I',#5,$,$,(#1732),#14101);
ENDSEC;
END-ISO-10303-21;
